,Timestamp,Open,High,Low,Close,Volume,symbol,exchange
39450,2017-08-05 00:00:00+00:00,0.17436,0.19499,0.17199,0.18494000000000002,11770921.06529584,XRP/USD,Kraken
39451,2017-08-06 00:00:00+00:00,0.1842,0.19138,0.179,0.18106,6964988.47069575,XRP/USD,Kraken
39452,2017-08-07 00:00:00+00:00,0.18095,0.1827,0.17651,0.17849,6742668.80713031,XRP/USD,Kraken
39453,2017-08-08 00:00:00+00:00,0.17889000000000002,0.1979,0.177,0.19785,10876565.71744096,XRP/USD,Kraken
39454,2017-08-09 00:00:00+00:00,0.19629000000000002,0.1975,0.1834,0.187,7204952.09690223,XRP/USD,Kraken
39455,2017-08-10 00:00:00+00:00,0.187,0.187,0.18148,0.18317999999999998,4470097.77926233,XRP/USD,Kraken
39456,2017-08-11 00:00:00+00:00,0.18315,0.188,0.17607,0.1792,7301106.411034199,XRP/USD,Kraken
39457,2017-08-12 00:00:00+00:00,0.1792,0.1838,0.17155,0.17204,7644527.93453471,XRP/USD,Kraken
39458,2017-08-13 00:00:00+00:00,0.17203,0.175,0.158,0.16652,10243774.62489939,XRP/USD,Kraken
39459,2017-08-14 00:00:00+00:00,0.16651,0.1805,0.16509000000000001,0.16887,6685138.74558375,XRP/USD,Kraken
39460,2017-08-15 00:00:00+00:00,0.16887,0.16935999999999998,0.15375999999999998,0.15899000000000002,10097796.00932095,XRP/USD,Kraken
39461,2017-08-16 00:00:00+00:00,0.15834,0.16117,0.15,0.16045,9573936.20733995,XRP/USD,Kraken
39462,2017-08-17 00:00:00+00:00,0.16035,0.16251,0.152,0.1582,5521354.16816563,XRP/USD,Kraken
39463,2017-08-18 00:00:00+00:00,0.1582,0.1729,0.15,0.15711,9722878.06079013,XRP/USD,Kraken
39464,2017-08-19 00:00:00+00:00,0.15718,0.1625,0.1485,0.15627,6477141.12217403,XRP/USD,Kraken
39465,2017-08-20 00:00:00+00:00,0.15278,0.16251,0.1516,0.15941,4823400.1738503,XRP/USD,Kraken
39466,2017-08-21 00:00:00+00:00,0.15941,0.21,0.1525,0.19674,18683360.19967627,XRP/USD,Kraken
39467,2017-08-22 00:00:00+00:00,0.19755,0.257,0.175,0.24124,29890516.90675983,XRP/USD,Kraken
39468,2017-08-23 00:00:00+00:00,0.24293,0.299,0.221,0.24661,45566234.75783242,XRP/USD,Kraken
39469,2017-08-24 00:00:00+00:00,0.247,0.28944000000000003,0.21500999999999998,0.21848,34037256.06757724,XRP/USD,Kraken
39470,2017-08-25 00:00:00+00:00,0.21838000000000002,0.23499,0.20384000000000002,0.21816,17582277.25105557,XRP/USD,Kraken
39471,2017-08-26 00:00:00+00:00,0.21816,0.23333,0.2066,0.2101,10570556.55581105,XRP/USD,Kraken
39472,2017-08-27 00:00:00+00:00,0.2101,0.21199,0.193,0.20184000000000002,11400127.87865017,XRP/USD,Kraken
39473,2017-08-28 00:00:00+00:00,0.20184000000000002,0.24,0.1932,0.22491999999999998,28464566.10034385,XRP/USD,Kraken
39474,2017-08-29 00:00:00+00:00,0.22575,0.23,0.21204,0.2217,12416285.44988731,XRP/USD,Kraken
39475,2017-08-30 00:00:00+00:00,0.2217,0.23488,0.22,0.23238000000000003,9715876.96690052,XRP/USD,Kraken
39476,2017-08-31 00:00:00+00:00,0.23269,0.267,0.228,0.26,23120792.46221185,XRP/USD,Kraken
39477,2017-09-01 00:00:00+00:00,0.26,0.265,0.2452,0.25383,19415250.21061818,XRP/USD,Kraken
39478,2017-09-02 00:00:00+00:00,0.25383,0.2545,0.223,0.22818000000000002,19101564.93207225,XRP/USD,Kraken
39479,2017-09-03 00:00:00+00:00,0.22823000000000002,0.24,0.221,0.23388,9758798.01321624,XRP/USD,Kraken
39480,2017-09-04 00:00:00+00:00,0.23388,0.23399999999999999,0.19699999999999998,0.21139000000000002,12695949.96040525,XRP/USD,Kraken
39481,2017-09-05 00:00:00+00:00,0.21139000000000002,0.22898000000000002,0.19899999999999998,0.22244,9344906.06004361,XRP/USD,Kraken
39482,2017-09-06 00:00:00+00:00,0.22244,0.24,0.222,0.23428000000000002,9741760.52316335,XRP/USD,Kraken
39483,2017-09-07 00:00:00+00:00,0.23431999999999997,0.23503000000000002,0.22030999999999998,0.22981,8419513.6617405,XRP/USD,Kraken
39484,2017-09-08 00:00:00+00:00,0.22981,0.23171,0.207,0.2162,12250533.595236098,XRP/USD,Kraken
39485,2017-09-09 00:00:00+00:00,0.2162,0.2169,0.20701999999999998,0.21406,4653700.89593327,XRP/USD,Kraken
39486,2017-09-10 00:00:00+00:00,0.21416999999999997,0.22796,0.20459000000000002,0.22033000000000003,6876610.71576252,XRP/USD,Kraken
39487,2017-09-11 00:00:00+00:00,0.22033000000000003,0.22989,0.20751999999999998,0.21616,5908598.89099737,XRP/USD,Kraken
39488,2017-09-12 00:00:00+00:00,0.21616,0.22524,0.2058,0.21001999999999998,7588752.70248756,XRP/USD,Kraken
39489,2017-09-13 00:00:00+00:00,0.21001999999999998,0.21097,0.191,0.20134000000000002,12007469.65264955,XRP/USD,Kraken
39490,2017-09-14 00:00:00+00:00,0.20134000000000002,0.20294,0.1625,0.17265999999999998,21053135.04781321,XRP/USD,Kraken
39491,2017-09-15 00:00:00+00:00,0.17265999999999998,0.195,0.15,0.187,22407131.0623416,XRP/USD,Kraken
39492,2017-09-16 00:00:00+00:00,0.18698,0.19599,0.17765,0.18437,11965594.37287494,XRP/USD,Kraken
39493,2017-09-17 00:00:00+00:00,0.18437,0.188,0.17332,0.18285,6301514.97382822,XRP/USD,Kraken
39494,2017-09-18 00:00:00+00:00,0.183,0.19676,0.18247,0.19494,8550199.89006366,XRP/USD,Kraken
39495,2017-09-19 00:00:00+00:00,0.19494,0.19497,0.18404,0.18491,7091173.82698147,XRP/USD,Kraken
39496,2017-09-20 00:00:00+00:00,0.18497,0.18875,0.18042,0.18141,5593214.81251042,XRP/USD,Kraken
39497,2017-09-21 00:00:00+00:00,0.18141,0.1839,0.17,0.17110999999999998,6547123.88457553,XRP/USD,Kraken
39498,2017-09-22 00:00:00+00:00,0.17110999999999998,0.17770999999999998,0.16731,0.17268,4822524.44535005,XRP/USD,Kraken
39499,2017-09-23 00:00:00+00:00,0.17268,0.182,0.1702,0.17815999999999999,4965634.6888178,XRP/USD,Kraken
39500,2017-09-24 00:00:00+00:00,0.17815999999999999,0.1805,0.17422,0.17640999999999998,1916203.77151876,XRP/USD,Kraken
39501,2017-09-25 00:00:00+00:00,0.17640999999999998,0.18703,0.17498,0.18558,3798699.71131532,XRP/USD,Kraken
39502,2017-09-26 00:00:00+00:00,0.18558,0.19399999999999998,0.1811,0.1885,5932564.72282427,XRP/USD,Kraken
39503,2017-09-27 00:00:00+00:00,0.1885,0.21499000000000001,0.187,0.21023000000000003,15214687.8167322,XRP/USD,Kraken
39504,2017-09-28 00:00:00+00:00,0.21023000000000003,0.21074,0.19699999999999998,0.20214000000000001,9810179.45907477,XRP/USD,Kraken
39505,2017-09-29 00:00:00+00:00,0.20214000000000001,0.20235999999999998,0.18769,0.19641,7150714.68948173,XRP/USD,Kraken
39506,2017-09-30 00:00:00+00:00,0.19641,0.20636,0.19510999999999998,0.19902999999999998,6109957.44375368,XRP/USD,Kraken
39507,2017-10-01 00:00:00+00:00,0.19904000000000002,0.20969000000000002,0.19602,0.20735,3836907.14759376,XRP/USD,Kraken
39508,2017-10-02 00:00:00+00:00,0.20735,0.2094,0.2,0.20302,6497345.523478201,XRP/USD,Kraken
39509,2017-10-03 00:00:00+00:00,0.20302,0.20626,0.198,0.20272,4602371.45074566,XRP/USD,Kraken
39510,2017-10-04 00:00:00+00:00,0.20272,0.21899999999999997,0.2015,0.21391999999999997,12356032.61019975,XRP/USD,Kraken
39511,2017-10-05 00:00:00+00:00,0.21391999999999997,0.24466999999999997,0.21361,0.2382,22523905.57289954,XRP/USD,Kraken
39512,2017-10-06 00:00:00+00:00,0.2382,0.244,0.23276999999999998,0.2336,11809045.65426008,XRP/USD,Kraken
39513,2017-10-07 00:00:00+00:00,0.2336,0.2405,0.23203000000000001,0.23873000000000003,6058353.37671458,XRP/USD,Kraken
39514,2017-10-08 00:00:00+00:00,0.23873000000000003,0.2799,0.23769,0.27754,18627505.71915211,XRP/USD,Kraken
39515,2017-10-09 00:00:00+00:00,0.27899999999999997,0.27989,0.237,0.24904,19715292.15816506,XRP/USD,Kraken
39516,2017-10-10 00:00:00+00:00,0.24904,0.273,0.23705,0.25748000000000004,14551888.18308079,XRP/USD,Kraken
39517,2017-10-11 00:00:00+00:00,0.25748000000000004,0.26948,0.25305,0.263,8173434.92050026,XRP/USD,Kraken
39518,2017-10-12 00:00:00+00:00,0.263,0.2658,0.2459,0.2459,14024854.28056878,XRP/USD,Kraken
39519,2017-10-13 00:00:00+00:00,0.24588000000000002,0.265,0.235,0.25887,13641521.09946446,XRP/USD,Kraken
39520,2017-10-14 00:00:00+00:00,0.25887,0.268,0.25493000000000005,0.25806999999999997,7190603.58624574,XRP/USD,Kraken
39521,2017-10-15 00:00:00+00:00,0.256,0.2689,0.25,0.2655,7797351.66885245,XRP/USD,Kraken
39522,2017-10-16 00:00:00+00:00,0.2655,0.2949,0.25,0.258,26072482.86707794,XRP/USD,Kraken
39523,2017-10-17 00:00:00+00:00,0.25811999999999996,0.26599,0.2168,0.22889,24833597.4215396,XRP/USD,Kraken
39524,2017-10-18 00:00:00+00:00,0.22889,0.23623000000000002,0.1999,0.21789,20925778.59176822,XRP/USD,Kraken
39525,2017-10-19 00:00:00+00:00,0.21789,0.23,0.20513,0.21322,11536567.09605873,XRP/USD,Kraken
39526,2017-10-20 00:00:00+00:00,0.21322,0.22487,0.20600000000000002,0.20865999999999998,5786923.79124124,XRP/USD,Kraken
39527,2017-10-21 00:00:00+00:00,0.20865999999999998,0.21094000000000002,0.1975,0.20861999999999997,8207736.40999161,XRP/USD,Kraken
39528,2017-10-22 00:00:00+00:00,0.20915,0.21314,0.19755999999999999,0.20099,4081340.58090276,XRP/USD,Kraken
39529,2017-10-23 00:00:00+00:00,0.20099,0.20212,0.1869,0.19312,8251488.72800772,XRP/USD,Kraken
39530,2017-10-24 00:00:00+00:00,0.19312,0.217,0.1851,0.20543000000000003,10536935.89671129,XRP/USD,Kraken
39531,2017-10-25 00:00:00+00:00,0.20543000000000003,0.2132,0.19899999999999998,0.20323,4716176.17241567,XRP/USD,Kraken
39532,2017-10-26 00:00:00+00:00,0.20323,0.20678000000000002,0.2005,0.2028,3362714.44542661,XRP/USD,Kraken
39533,2017-10-27 00:00:00+00:00,0.2028,0.205,0.2,0.2021,3402298.46392492,XRP/USD,Kraken
39534,2017-10-28 00:00:00+00:00,0.2021,0.20305,0.198,0.20137,2583128.54881868,XRP/USD,Kraken
39535,2017-10-29 00:00:00+00:00,0.20137,0.20501999999999998,0.19643,0.20181,4405202.54534355,XRP/USD,Kraken
39536,2017-10-30 00:00:00+00:00,0.20181,0.205,0.2,0.2016,2373314.18449305,XRP/USD,Kraken
39537,2017-10-31 00:00:00+00:00,0.2016,0.20489000000000002,0.19901,0.19906,4363063.17752277,XRP/USD,Kraken
39538,2017-11-01 00:00:00+00:00,0.19901,0.2028,0.1903,0.1907,7618862.98109923,XRP/USD,Kraken
39539,2017-11-02 00:00:00+00:00,0.1907,0.20489000000000002,0.18,0.19699999999999998,9065140.74517445,XRP/USD,Kraken
39540,2017-11-03 00:00:00+00:00,0.1998,0.2199,0.1976,0.207,10093078.93280366,XRP/USD,Kraken
39541,2017-11-04 00:00:00+00:00,0.207,0.20999,0.201,0.2011,3289304.90863775,XRP/USD,Kraken
39542,2017-11-05 00:00:00+00:00,0.2011,0.2044,0.19699999999999998,0.20096,2586672.09743886,XRP/USD,Kraken
39543,2017-11-06 00:00:00+00:00,0.20096,0.207,0.198,0.20334000000000002,4451643.41809902,XRP/USD,Kraken
39544,2017-11-07 00:00:00+00:00,0.20334000000000002,0.20800000000000002,0.20016,0.20578000000000002,4177519.61936527,XRP/USD,Kraken
39545,2017-11-08 00:00:00+00:00,0.20578000000000002,0.22365,0.20444,0.21816999999999998,6455876.43382654,XRP/USD,Kraken
39546,2017-11-09 00:00:00+00:00,0.21816999999999998,0.22399999999999998,0.21234,0.21735,8226666.88615104,XRP/USD,Kraken
39547,2017-11-10 00:00:00+00:00,0.21735,0.22138000000000002,0.2,0.20379,10965787.39042559,XRP/USD,Kraken
39548,2017-11-11 00:00:00+00:00,0.20379,0.2135,0.201,0.21026999999999998,5877126.27012089,XRP/USD,Kraken
39549,2017-11-12 00:00:00+00:00,0.21026999999999998,0.21104,0.1895,0.19535999999999998,17324261.17371896,XRP/USD,Kraken
39550,2017-11-13 00:00:00+00:00,0.19526,0.2055,0.195,0.20199999999999999,6134940.57242368,XRP/USD,Kraken
39551,2017-11-14 00:00:00+00:00,0.20199999999999999,0.209,0.2,0.20365,7691919.8033284,XRP/USD,Kraken
39552,2017-11-15 00:00:00+00:00,0.20365,0.21264,0.20301,0.2086,5452938.22959672,XRP/USD,Kraken
39553,2017-11-16 00:00:00+00:00,0.20861,0.267,0.205,0.222,34180611.36628854,XRP/USD,Kraken
39554,2017-11-17 00:00:00+00:00,0.22205,0.235,0.21020999999999998,0.22399999999999998,8905072.84126855,XRP/USD,Kraken
39555,2017-11-18 00:00:00+00:00,0.22399999999999998,0.23,0.22,0.22815,5578337.89032439,XRP/USD,Kraken
39556,2017-11-19 00:00:00+00:00,0.22815,0.237,0.22380999999999998,0.23,5536844.07886808,XRP/USD,Kraken
39557,2017-11-20 00:00:00+00:00,0.23,0.25,0.22944,0.24293,9739366.30097489,XRP/USD,Kraken
39558,2017-11-21 00:00:00+00:00,0.23963,0.25,0.23,0.23218000000000003,8199664.87050166,XRP/USD,Kraken
39559,2017-11-22 00:00:00+00:00,0.23218000000000003,0.2448,0.23203000000000001,0.239,6562714.67076939,XRP/USD,Kraken
39560,2017-11-23 00:00:00+00:00,0.239,0.24883000000000002,0.23689000000000002,0.2413,9133029.57551259,XRP/USD,Kraken
39561,2017-11-24 00:00:00+00:00,0.24189000000000002,0.24489,0.2324,0.24,6945932.18346295,XRP/USD,Kraken
39562,2017-11-25 00:00:00+00:00,0.24,0.2499,0.2371,0.24844000000000002,6454754.029984599,XRP/USD,Kraken
39563,2017-11-26 00:00:00+00:00,0.24821999999999997,0.25,0.24299,0.24578000000000003,4866967.58881041,XRP/USD,Kraken
39564,2017-11-27 00:00:00+00:00,0.24578000000000003,0.2485,0.24211,0.245,5987811.69597716,XRP/USD,Kraken
39565,2017-11-28 00:00:00+00:00,0.245,0.27965,0.243,0.27899999999999997,15800839.10013487,XRP/USD,Kraken
39566,2017-11-29 00:00:00+00:00,0.278,0.27964,0.23101,0.2387,21999575.52484801,XRP/USD,Kraken
39567,2017-11-30 00:00:00+00:00,0.2387,0.2499,0.22,0.24,12060847.43410888,XRP/USD,Kraken
39568,2017-12-01 00:00:00+00:00,0.24,0.26682,0.22899999999999998,0.25345,7666406.2558017,XRP/USD,Kraken
39569,2017-12-02 00:00:00+00:00,0.25345,0.25345,0.24101,0.2441,4364132.84534858,XRP/USD,Kraken
39570,2017-12-03 00:00:00+00:00,0.2441,0.26,0.242,0.24565,5712562.7915124,XRP/USD,Kraken
39571,2017-12-04 00:00:00+00:00,0.24555,0.25444,0.242,0.25,5291367.36630511,XRP/USD,Kraken
39572,2017-12-05 00:00:00+00:00,0.25,0.25117,0.24,0.24184,9303695.50852241,XRP/USD,Kraken
39573,2017-12-06 00:00:00+00:00,0.24184,0.2425,0.22399999999999998,0.22719,10891025.46065384,XRP/USD,Kraken
39574,2017-12-07 00:00:00+00:00,0.22399999999999998,0.2374,0.21,0.21001999999999998,12107223.26213248,XRP/USD,Kraken
39575,2017-12-08 00:00:00+00:00,0.21001999999999998,0.25,0.205,0.23809,15584792.05732082,XRP/USD,Kraken
39576,2017-12-09 00:00:00+00:00,0.23798000000000002,0.249,0.2296,0.2373,8828545.08580535,XRP/USD,Kraken
39577,2017-12-10 00:00:00+00:00,0.23701999999999998,0.23997,0.2222,0.22801999999999997,4512159.46925847,XRP/USD,Kraken
39578,2017-12-11 00:00:00+00:00,0.22801999999999997,0.2481,0.22801999999999997,0.24336,8655421.28062577,XRP/USD,Kraken
39579,2017-12-12 00:00:00+00:00,0.24336,0.41,0.243,0.34299999999999997,39350638.44944016,XRP/USD,Kraken
39580,2017-12-13 00:00:00+00:00,0.34298,0.499,0.32,0.47884,37917550.38003957,XRP/USD,Kraken
39581,2017-12-14 00:00:00+00:00,0.47884,0.89999,0.46,0.87,33192365.53008829,XRP/USD,Kraken
39582,2017-12-15 00:00:00+00:00,0.8769,0.885,0.6,0.74898,20619081.81520504,XRP/USD,Kraken
39583,2017-12-16 00:00:00+00:00,0.74898,0.835,0.732,0.74711,12911213.14437247,XRP/USD,Kraken
39584,2017-12-17 00:00:00+00:00,0.74711,0.78574,0.7,0.7188399999999999,11931190.08777886,XRP/USD,Kraken
39585,2017-12-18 00:00:00+00:00,0.7140000000000001,0.8,0.66001,0.75102,14263053.94321504,XRP/USD,Kraken
39586,2017-12-19 00:00:00+00:00,0.75936,0.84,0.72814,0.74797,16884552.05462441,XRP/USD,Kraken
39587,2017-12-20 00:00:00+00:00,0.74797,0.76439,0.65,0.71953,15422895.93938292,XRP/USD,Kraken
39588,2017-12-21 00:00:00+00:00,0.71954,1.17,0.705,1.10103,39682725.79892867,XRP/USD,Kraken
39589,2017-12-22 00:00:00+00:00,1.10103,1.248,0.68,1.01,42191012.25479354,XRP/USD,Kraken
39590,2017-12-23 00:00:00+00:00,1.01,1.0949,0.95,1.0317,13551416.97632041,XRP/USD,Kraken
39591,2017-12-24 00:00:00+00:00,1.03,1.06,0.8575,0.9851,14992452.24579247,XRP/USD,Kraken
39592,2017-12-25 00:00:00+00:00,0.9851,1.061,0.95,1.00004,8114080.68747233,XRP/USD,Kraken
39593,2017-12-26 00:00:00+00:00,1.00004,1.0987,0.987,1.075,8986049.0051668,XRP/USD,Kraken
39594,2017-12-27 00:00:00+00:00,1.075,1.3,1.06436,1.20687,26339202.31746016,XRP/USD,Kraken
39595,2017-12-28 00:00:00+00:00,1.22505,1.298,1.15,1.2790000000000001,18562225.29720611,XRP/USD,Kraken
39596,2017-12-29 00:00:00+00:00,1.2782200000000001,1.95,1.27101,1.95,41210145.29448455,XRP/USD,Kraken
39597,2017-12-30 00:00:00+00:00,1.95,2.48,1.7857599999999998,1.8880000000000001,42467620.08203589,XRP/USD,Kraken
39598,2017-12-31 00:00:00+00:00,1.9,2.1,1.60001,1.9900400000000003,15687302.58341934,XRP/USD,Kraken
39599,2018-01-01 00:00:00+00:00,1.9900400000000003,2.1,1.8228900000000001,2.099,7790706.39083444,XRP/USD,Kraken
39600,2018-01-02 00:00:00+00:00,2.07059,2.2199,1.93,2.20755,12024619.59296149,XRP/USD,Kraken
39601,2018-01-03 00:00:00+00:00,2.2,2.9,2.188,2.78,19496553.26680741,XRP/USD,Kraken
39602,2018-01-04 00:00:00+00:00,2.78004,3.3498900000000003,2.34421,2.59715,28335088.42155686,XRP/USD,Kraken
39603,2018-01-05 00:00:00+00:00,2.6,3.0,2.15,2.65,24463320.02270668,XRP/USD,Kraken
39604,2018-01-06 00:00:00+00:00,2.65,2.82537,2.4577400000000003,2.6324799999999997,8682993.10844815,XRP/USD,Kraken
39605,2018-01-07 00:00:00+00:00,2.6324799999999997,2.78,2.55,2.763,5114930.03065536,XRP/USD,Kraken
39606,2018-01-08 00:00:00+00:00,2.758,2.758,1.61001,2.40557,14738289.78268589,XRP/USD,Kraken
39607,2018-01-09 00:00:00+00:00,2.39,2.50834,1.85,2.02336,15130877.45753525,XRP/USD,Kraken
39608,2018-01-10 00:00:00+00:00,2.04,2.1,1.6,1.9498099999999998,22899593.85309721,XRP/USD,Kraken
39609,2018-01-11 00:00:00+00:00,1.9499900000000001,1.9658099999999998,1.5053,1.64372,12696951.19046263,XRP/USD,Kraken
39610,2018-01-12 00:00:00+00:00,1.64372,1.64372,1.64372,1.64372,0.0,XRP/USD,Kraken
39611,2018-01-13 00:00:00+00:00,2.49,2.49,1.47391,2.02675,4941823.69316657,XRP/USD,Kraken
39612,2018-01-14 00:00:00+00:00,2.02998,2.08,1.8,1.851,11148089.79217901,XRP/USD,Kraken
39613,2018-01-15 00:00:00+00:00,1.851,1.9,1.625,1.66,13144165.51506167,XRP/USD,Kraken
39614,2018-01-16 00:00:00+00:00,1.66,1.7,0.8370000000000001,1.18,71372907.63870347,XRP/USD,Kraken
39615,2018-01-17 00:00:00+00:00,1.18,1.47,0.88,1.32,78105783.28681085,XRP/USD,Kraken
39616,2018-01-18 00:00:00+00:00,1.32,1.7480000000000002,1.2332299999999998,1.57944,63508178.16231053,XRP/USD,Kraken
39617,2018-01-19 00:00:00+00:00,1.57944,1.70002,1.4809999999999999,1.54,33541754.37655951,XRP/USD,Kraken
39618,2018-01-20 00:00:00+00:00,1.54,1.64,1.49,1.57131,19748486.01636845,XRP/USD,Kraken
39619,2018-01-21 00:00:00+00:00,1.57131,1.579,1.301,1.3667,32801581.33561268,XRP/USD,Kraken
39620,2018-01-22 00:00:00+00:00,1.3667,1.42,1.1350200000000001,1.33999,39506755.56150849,XRP/USD,Kraken
39621,2018-01-23 00:00:00+00:00,1.34,1.47,1.18,1.34,43765206.59049575,XRP/USD,Kraken
39622,2018-01-24 00:00:00+00:00,1.3416700000000001,1.42,1.28589,1.35696,24598139.05822269,XRP/USD,Kraken
39623,2018-01-25 00:00:00+00:00,1.35696,1.37679,1.275,1.30464,15499085.46467476,XRP/USD,Kraken
39624,2018-01-26 00:00:00+00:00,1.30464,1.325,1.10886,1.20999,25386667.28168545,XRP/USD,Kraken
39625,2018-01-27 00:00:00+00:00,1.20999,1.235,1.17459,1.21204,9373233.00259888,XRP/USD,Kraken
39626,2018-01-28 00:00:00+00:00,1.21204,1.3969999999999998,1.21,1.3458700000000001,18901307.38568609,XRP/USD,Kraken
39627,2018-01-29 00:00:00+00:00,1.3458299999999999,1.3564100000000001,1.24,1.25928,15261198.83123702,XRP/USD,Kraken
39628,2018-01-30 00:00:00+00:00,1.25928,1.26,1.0649,1.09485,27961250.63543035,XRP/USD,Kraken
39629,2018-01-31 00:00:00+00:00,1.095,1.14,1.001,1.1202,21820458.40314647,XRP/USD,Kraken
39630,2018-02-01 00:00:00+00:00,1.1202,1.13265,0.87,0.9399,32280663.17297042,XRP/USD,Kraken
39631,2018-02-02 00:00:00+00:00,0.9399,0.985,0.61826,0.89,65850371.08681853,XRP/USD,Kraken
39632,2018-02-03 00:00:00+00:00,0.89,1.01557,0.76205,0.95225,27893502.36494161,XRP/USD,Kraken
39633,2018-02-04 00:00:00+00:00,0.95225,0.961,0.77,0.807,14600517.39265958,XRP/USD,Kraken
39634,2018-02-05 00:00:00+00:00,0.807,0.831,0.621,0.672,38968329.19086939,XRP/USD,Kraken
39635,2018-02-06 00:00:00+00:00,0.672,0.7813,0.562,0.75703,58251825.68090635,XRP/USD,Kraken
39636,2018-02-07 00:00:00+00:00,0.75703,0.8261799999999999,0.6872,0.70999,28575817.38299852,XRP/USD,Kraken
39637,2018-02-08 00:00:00+00:00,0.70999,0.78899,0.70703,0.77837,17742749.94827957,XRP/USD,Kraken
39638,2018-02-09 00:00:00+00:00,0.7809,0.92899,0.7398,0.9199,26514643.61464031,XRP/USD,Kraken
39639,2018-02-10 00:00:00+00:00,0.919,1.22991,0.9035,1.028,61575576.04440769,XRP/USD,Kraken
39640,2018-02-11 00:00:00+00:00,1.0269,1.04,0.893,0.95972,26867137.01949871,XRP/USD,Kraken
39641,2018-02-12 00:00:00+00:00,0.95972,1.07612,0.95601,1.04007,22059475.78455805,XRP/USD,Kraken
39642,2018-02-13 00:00:00+00:00,1.04007,1.0477,0.966,0.9825200000000001,11067715.96512161,XRP/USD,Kraken
39643,2018-02-14 00:00:00+00:00,0.9831,1.155,0.9777,1.1320000000000001,22950387.99667368,XRP/USD,Kraken
39644,2018-02-15 00:00:00+00:00,1.12875,1.145,1.07501,1.1105,17678713.78076029,XRP/USD,Kraken
39645,2018-02-16 00:00:00+00:00,1.1112,1.12,1.0704,1.11791,7934309.31240728,XRP/USD,Kraken
39646,2018-02-17 00:00:00+00:00,1.11791,1.208,1.1041,1.1812,12387971.45857505,XRP/USD,Kraken
39647,2018-02-18 00:00:00+00:00,1.1812,1.18201,1.051,1.07229,13221351.32992098,XRP/USD,Kraken
39648,2018-02-19 00:00:00+00:00,1.07229,1.1391,1.071,1.1091,6053933.32604615,XRP/USD,Kraken
39649,2018-02-20 00:00:00+00:00,1.1091,1.131,1.00801,1.0270000000000001,7143403.41614087,XRP/USD,Kraken
39650,2018-02-21 00:00:00+00:00,1.025,1.0415,0.9402,0.9513299999999999,11521846.05966897,XRP/USD,Kraken
39651,2018-02-22 00:00:00+00:00,0.9513299999999999,1.0100200000000001,0.861,0.8889600000000001,11276680.60534718,XRP/USD,Kraken
39652,2018-02-23 00:00:00+00:00,0.8889600000000001,0.99,0.8501,0.9369200000000001,12081130.97852487,XRP/USD,Kraken
39653,2018-02-24 00:00:00+00:00,0.93876,0.9719899999999999,0.8673200000000001,0.9012399999999999,6897240.52623835,XRP/USD,Kraken
39654,2018-02-25 00:00:00+00:00,0.9012399999999999,0.92619,0.87646,0.90249,4800253.50081658,XRP/USD,Kraken
39655,2018-02-26 00:00:00+00:00,0.90249,0.95273,0.87803,0.9273,6992193.82780165,XRP/USD,Kraken
39656,2018-02-27 00:00:00+00:00,0.9279999999999999,0.96,0.9169200000000001,0.9279999999999999,5322900.30254538,XRP/USD,Kraken
39657,2018-02-28 00:00:00+00:00,0.9279999999999999,0.9479299999999999,0.88,0.88697,5585505.95960223,XRP/USD,Kraken
39658,2018-03-01 00:00:00+00:00,0.88697,0.9490000000000001,0.875,0.9142,6910417.35875359,XRP/USD,Kraken
39659,2018-03-02 00:00:00+00:00,0.9143,0.92119,0.8865799999999999,0.8995799999999999,3555182.31848755,XRP/USD,Kraken
39660,2018-03-03 00:00:00+00:00,0.899,0.92,0.89054,0.8973,3775247.25207664,XRP/USD,Kraken
39661,2018-03-04 00:00:00+00:00,0.8973,1.03098,0.885,1.00431,12463848.30388092,XRP/USD,Kraken
39662,2018-03-05 00:00:00+00:00,1.0083799999999998,1.0958700000000001,0.9389299999999999,0.94401,21485385.44640545,XRP/USD,Kraken
39663,2018-03-06 00:00:00+00:00,0.94281,0.97998,0.8916,0.9008700000000001,17198188.73621657,XRP/USD,Kraken
39664,2018-03-07 00:00:00+00:00,0.9018,0.91402,0.78601,0.8519,17304960.08821358,XRP/USD,Kraken
39665,2018-03-08 00:00:00+00:00,0.8519,0.8719299999999999,0.7923,0.8058,10783104.3669525,XRP/USD,Kraken
39666,2018-03-09 00:00:00+00:00,0.8058,0.84499,0.7322,0.8216899999999999,22804507.46664624,XRP/USD,Kraken
39667,2018-03-10 00:00:00+00:00,0.8216899999999999,0.84377,0.76547,0.77413,5875671.38361398,XRP/USD,Kraken
39668,2018-03-11 00:00:00+00:00,0.77413,0.8305,0.75,0.81501,7411456.71471342,XRP/USD,Kraken
39669,2018-03-12 00:00:00+00:00,0.81501,0.82996,0.7628199999999999,0.78,6829325.26599193,XRP/USD,Kraken
39670,2018-03-13 00:00:00+00:00,0.78238,0.7983899999999999,0.7601,0.7778,5152060.32933826,XRP/USD,Kraken
39671,2018-03-14 00:00:00+00:00,0.7778,0.78876,0.6515,0.68508,13858628.60879936,XRP/USD,Kraken
39672,2018-03-15 00:00:00+00:00,0.68505,0.72127,0.62516,0.68179,16142065.32630975,XRP/USD,Kraken
39673,2018-03-16 00:00:00+00:00,0.68179,0.70973,0.6556,0.6778,8320026.75637037,XRP/USD,Kraken
39674,2018-03-17 00:00:00+00:00,0.6778,0.68295,0.61327,0.62879,9493954.1833684,XRP/USD,Kraken
39675,2018-03-18 00:00:00+00:00,0.62879,0.67473,0.53354,0.64842,22377475.41737046,XRP/USD,Kraken
39676,2018-03-19 00:00:00+00:00,0.648,0.72383,0.6261,0.7197,14777937.33205478,XRP/USD,Kraken
39677,2018-03-20 00:00:00+00:00,0.71709,0.72,0.657,0.7005,14073419.42852898,XRP/USD,Kraken
39678,2018-03-21 00:00:00+00:00,0.7005,0.70985,0.66,0.67874,9980681.57621922,XRP/USD,Kraken
39679,2018-03-22 00:00:00+00:00,0.67866,0.69087,0.6100399999999999,0.6544300000000001,8423761.6386673,XRP/USD,Kraken
39680,2018-03-23 00:00:00+00:00,0.6544300000000001,0.6544300000000001,0.612,0.64,6826708.83544817,XRP/USD,Kraken
39681,2018-03-24 00:00:00+00:00,0.64,0.6783600000000001,0.628,0.6281899999999999,6157017.82836425,XRP/USD,Kraken
39682,2018-03-25 00:00:00+00:00,0.6281899999999999,0.65398,0.6210100000000001,0.63555,4076958.33952478,XRP/USD,Kraken
39683,2018-03-26 00:00:00+00:00,0.63555,0.64213,0.57502,0.58733,10234528.30796214,XRP/USD,Kraken
39684,2018-03-27 00:00:00+00:00,0.58733,0.602,0.557,0.57,8798726.34810145,XRP/USD,Kraken
39685,2018-03-28 00:00:00+00:00,0.5695399999999999,0.5878800000000001,0.56352,0.57239,3931117.30948972,XRP/USD,Kraken
39686,2018-03-29 00:00:00+00:00,0.57239,0.574,0.4976,0.5016,16473101.90436273,XRP/USD,Kraken
39687,2018-03-30 00:00:00+00:00,0.50174,0.52341,0.47025,0.49843999999999994,17697828.81423744,XRP/USD,Kraken
39688,2018-03-31 00:00:00+00:00,0.49843999999999994,0.521,0.49205,0.49841,6326914.023802401,XRP/USD,Kraken
39689,2018-04-01 00:00:00+00:00,0.49841,0.5056,0.45,0.4788,10548803.09676657,XRP/USD,Kraken
39690,2018-04-02 00:00:00+00:00,0.4788,0.5041399999999999,0.47152,0.493,8501741.53726329,XRP/USD,Kraken
39691,2018-04-03 00:00:00+00:00,0.49295,0.5525,0.49200000000000005,0.54908,13034886.34369261,XRP/USD,Kraken
39692,2018-04-04 00:00:00+00:00,0.54672,0.55362,0.485,0.48963,9353525.87316409,XRP/USD,Kraken
39693,2018-04-05 00:00:00+00:00,0.48963,0.49699,0.47472,0.48746000000000006,6505372.09330008,XRP/USD,Kraken
39694,2018-04-06 00:00:00+00:00,0.48746000000000006,0.49533,0.45875,0.47389,7308516.0823508,XRP/USD,Kraken
39695,2018-04-07 00:00:00+00:00,0.47389,0.496,0.47,0.4851,4959290.68819347,XRP/USD,Kraken
39696,2018-04-08 00:00:00+00:00,0.4851,0.5006,0.48366000000000003,0.49692,3230573.01766243,XRP/USD,Kraken
39697,2018-04-09 00:00:00+00:00,0.49692,0.5112800000000001,0.47428000000000003,0.48727,6728603.98379546,XRP/USD,Kraken
39698,2018-04-10 00:00:00+00:00,0.48727,0.49344,0.47773000000000004,0.49078999999999995,3296712.84233239,XRP/USD,Kraken
39699,2018-04-11 00:00:00+00:00,0.49078999999999995,0.55504,0.48596000000000006,0.5412399999999999,8079753.37441115,XRP/USD,Kraken
39700,2018-04-12 00:00:00+00:00,0.5394800000000001,0.66575,0.5021100000000001,0.6433300000000001,25698707.71134349,XRP/USD,Kraken
39701,2018-04-13 00:00:00+00:00,0.6433300000000001,0.70813,0.6130399999999999,0.6416,25241904.64779069,XRP/USD,Kraken
39702,2018-04-14 00:00:00+00:00,0.6416,0.674,0.62247,0.6395,9710154.88670036,XRP/USD,Kraken
39703,2018-04-15 00:00:00+00:00,0.6395,0.69839,0.6395,0.69611,7394991.66495899,XRP/USD,Kraken
39704,2018-04-16 00:00:00+00:00,0.69611,0.6974,0.63639,0.66223,6477143.83250176,XRP/USD,Kraken
39705,2018-04-17 00:00:00+00:00,0.66223,0.68197,0.6468,0.65336,5222497.48646378,XRP/USD,Kraken
39706,2018-04-18 00:00:00+00:00,0.65336,0.7299899999999999,0.65164,0.7122,10238843.79233664,XRP/USD,Kraken
39707,2018-04-19 00:00:00+00:00,0.71285,0.78713,0.70413,0.782,12425656.63731121,XRP/USD,Kraken
39708,2018-04-20 00:00:00+00:00,0.7829999999999999,0.9404899999999999,0.7821600000000001,0.9267799999999999,25608461.04639072,XRP/USD,Kraken
39709,2018-04-21 00:00:00+00:00,0.92675,0.92745,0.81,0.87,13053646.88542239,XRP/USD,Kraken
39710,2018-04-22 00:00:00+00:00,0.87,0.919,0.84,0.8638600000000001,10122291.26987529,XRP/USD,Kraken
39711,2018-04-23 00:00:00+00:00,0.8638600000000001,0.885,0.85001,0.8734299999999999,5816142.21352187,XRP/USD,Kraken
39712,2018-04-24 00:00:00+00:00,0.87345,0.9640000000000001,0.86716,0.92001,15945114.42684489,XRP/USD,Kraken
39713,2018-04-25 00:00:00+00:00,0.92001,0.9266,0.76952,0.7950699999999999,28836706.35507873,XRP/USD,Kraken
39714,2018-04-26 00:00:00+00:00,0.79379,0.8498899999999999,0.75797,0.8488,13839985.88628107,XRP/USD,Kraken
39715,2018-04-27 00:00:00+00:00,0.8478100000000001,0.86221,0.8015399999999999,0.8068,8118426.5536353,XRP/USD,Kraken
39716,2018-04-28 00:00:00+00:00,0.8051,0.89,0.80307,0.8603200000000001,6817284.91647937,XRP/USD,Kraken
39717,2018-04-29 00:00:00+00:00,0.85988,0.9086200000000001,0.8250700000000001,0.8699,8467253.86640009,XRP/USD,Kraken
39718,2018-04-30 00:00:00+00:00,0.8699,0.875,0.81672,0.83101,5772899.93718304,XRP/USD,Kraken
39719,2018-05-01 00:00:00+00:00,0.83101,0.8395,0.78103,0.8355600000000001,7758854.49456405,XRP/USD,Kraken
39720,2018-05-02 00:00:00+00:00,0.8336,0.8749,0.8250200000000001,0.858,7224627.2489817,XRP/USD,Kraken
39721,2018-05-03 00:00:00+00:00,0.858,0.89,0.84,0.87344,8480558.24974614,XRP/USD,Kraken
39722,2018-05-04 00:00:00+00:00,0.87479,0.9247200000000001,0.8561799999999999,0.8881600000000001,8852952.37007383,XRP/USD,Kraken
39723,2018-05-05 00:00:00+00:00,0.8881600000000001,0.924,0.8854200000000001,0.8986,4495830.25366692,XRP/USD,Kraken
39724,2018-05-06 00:00:00+00:00,0.8986,0.91,0.8377100000000001,0.8599399999999999,6769977.56135402,XRP/USD,Kraken
39725,2018-05-07 00:00:00+00:00,0.8597899999999999,0.8629100000000001,0.80111,0.8285899999999999,8218452.15075213,XRP/USD,Kraken
39726,2018-05-08 00:00:00+00:00,0.8285899999999999,0.8453200000000001,0.79191,0.80581,5158147.33768036,XRP/USD,Kraken
39727,2018-05-09 00:00:00+00:00,0.80581,0.8156,0.76,0.7955800000000001,10817721.96156692,XRP/USD,Kraken
39728,2018-05-10 00:00:00+00:00,0.7955800000000001,0.80515,0.74554,0.7482300000000001,5167636.2655051,XRP/USD,Kraken
39729,2018-05-11 00:00:00+00:00,0.74803,0.75774,0.6501,0.67894,21754291.13034132,XRP/USD,Kraken
39730,2018-05-12 00:00:00+00:00,0.67894,0.708,0.631,0.684,9566509.50907018,XRP/USD,Kraken
39731,2018-05-13 00:00:00+00:00,0.68424,0.748,0.66503,0.73015,7675437.22895698,XRP/USD,Kraken
39732,2018-05-14 00:00:00+00:00,0.73015,0.7494,0.69126,0.7282,9904523.82737424,XRP/USD,Kraken
39733,2018-05-15 00:00:00+00:00,0.7282,0.748,0.68314,0.69092,6828563.87884786,XRP/USD,Kraken
39734,2018-05-16 00:00:00+00:00,0.69092,0.70997,0.66003,0.70881,7287380.43806239,XRP/USD,Kraken
39735,2018-05-17 00:00:00+00:00,0.70767,0.7115199999999999,0.65,0.66,4765630.77073523,XRP/USD,Kraken
39736,2018-05-18 00:00:00+00:00,0.66,0.68377,0.64682,0.67537,4697797.29802375,XRP/USD,Kraken
39737,2018-05-19 00:00:00+00:00,0.67537,0.6913100000000001,0.662,0.67527,1950884.07868746,XRP/USD,Kraken
39738,2018-05-20 00:00:00+00:00,0.67555,0.7067399999999999,0.6695,0.6982,3082575.29079259,XRP/USD,Kraken
39739,2018-05-21 00:00:00+00:00,0.6982,0.70203,0.67,0.67587,3438912.53286467,XRP/USD,Kraken
39740,2018-05-22 00:00:00+00:00,0.67576,0.67835,0.63537,0.63767,3082564.53990349,XRP/USD,Kraken
39741,2018-05-23 00:00:00+00:00,0.6389699999999999,0.6451,0.575,0.5916399999999999,10246312.72319926,XRP/USD,Kraken
39742,2018-05-24 00:00:00+00:00,0.5916399999999999,0.638,0.57707,0.62967,6711401.45832184,XRP/USD,Kraken
39743,2018-05-25 00:00:00+00:00,0.62967,0.6331,0.5937,0.6058,5602798.03936756,XRP/USD,Kraken
39744,2018-05-26 00:00:00+00:00,0.6058,0.62663,0.59733,0.6079100000000001,3312223.75549546,XRP/USD,Kraken
39745,2018-05-27 00:00:00+00:00,0.6078899999999999,0.61025,0.59643,0.6033,2265264.19734071,XRP/USD,Kraken
39746,2018-05-28 00:00:00+00:00,0.6033,0.60926,0.54566,0.5479999999999999,6667140.7325197,XRP/USD,Kraken
39747,2018-05-29 00:00:00+00:00,0.5479999999999999,0.6099899999999999,0.5455,0.59987,7681722.15565517,XRP/USD,Kraken
39748,2018-05-30 00:00:00+00:00,0.59987,0.62626,0.5817899999999999,0.60049,6129502.78010824,XRP/USD,Kraken
39749,2018-05-31 00:00:00+00:00,0.60049,0.6200100000000001,0.5882,0.6110800000000001,3551273.27761875,XRP/USD,Kraken
39750,2018-06-01 00:00:00+00:00,0.6110800000000001,0.62348,0.60424,0.62029,4600490.01044403,XRP/USD,Kraken
39751,2018-06-02 00:00:00+00:00,0.62029,0.64949,0.6099899999999999,0.64207,6076525.05681187,XRP/USD,Kraken
39752,2018-06-03 00:00:00+00:00,0.64207,0.6882199999999999,0.63741,0.68762,7159055.09407222,XRP/USD,Kraken
39753,2018-06-04 00:00:00+00:00,0.68762,0.70406,0.6352,0.65546,10198350.50380126,XRP/USD,Kraken
39754,2018-06-05 00:00:00+00:00,0.65546,0.685,0.634,0.67371,5079236.76089738,XRP/USD,Kraken
39755,2018-06-06 00:00:00+00:00,0.67404,0.68495,0.654,0.67473,3900468.44344664,XRP/USD,Kraken
39756,2018-06-07 00:00:00+00:00,0.67473,0.6885,0.66872,0.6782100000000001,2685930.67633205,XRP/USD,Kraken
39757,2018-06-08 00:00:00+00:00,0.6782100000000001,0.68,0.6563899999999999,0.6724600000000001,1889694.4331168998,XRP/USD,Kraken
39758,2018-06-09 00:00:00+00:00,0.6724600000000001,0.6799,0.6564,0.65783,2001317.28278316,XRP/USD,Kraken
39759,2018-06-10 00:00:00+00:00,0.65783,0.65783,0.555,0.5826899999999999,8732803.08192358,XRP/USD,Kraken
39760,2018-06-11 00:00:00+00:00,0.5826899999999999,0.5998899999999999,0.56102,0.59847,5721365.05196062,XRP/USD,Kraken
39761,2018-06-12 00:00:00+00:00,0.5983,0.59942,0.54478,0.55845,6493894.84644245,XRP/USD,Kraken
39762,2018-06-13 00:00:00+00:00,0.55845,0.5602699999999999,0.50203,0.52822,8488519.77209205,XRP/USD,Kraken
39763,2018-06-14 00:00:00+00:00,0.5299699999999999,0.568,0.5205,0.55638,7565900.47622121,XRP/USD,Kraken
39764,2018-06-15 00:00:00+00:00,0.55638,0.56272,0.52812,0.53303,3820956.31320426,XRP/USD,Kraken
39765,2018-06-16 00:00:00+00:00,0.53303,0.53806,0.51871,0.5337,1538986.93749459,XRP/USD,Kraken
39766,2018-06-17 00:00:00+00:00,0.5337,0.54,0.52241,0.5259,1425200.92435927,XRP/USD,Kraken
39767,2018-06-18 00:00:00+00:00,0.5259,0.55119,0.50971,0.53864,3940986.23259889,XRP/USD,Kraken
39768,2018-06-19 00:00:00+00:00,0.53864,0.5882,0.5340600000000001,0.5492199999999999,3200686.65786337,XRP/USD,Kraken
39769,2018-06-20 00:00:00+00:00,0.5492199999999999,0.55,0.52294,0.53995,2025628.35412707,XRP/USD,Kraken
39770,2018-06-21 00:00:00+00:00,0.53995,0.5489999999999999,0.53015,0.5332,1278634.25909129,XRP/USD,Kraken
39771,2018-06-22 00:00:00+00:00,0.5332,0.5366,0.47001000000000004,0.48163999999999996,6420173.74157686,XRP/USD,Kraken
39772,2018-06-23 00:00:00+00:00,0.48163999999999996,0.4939,0.4758,0.48993000000000003,1582393.80784469,XRP/USD,Kraken
39773,2018-06-24 00:00:00+00:00,0.49033000000000004,0.49488000000000004,0.44021000000000005,0.47443,8037247.94123351,XRP/USD,Kraken
39774,2018-06-25 00:00:00+00:00,0.47443,0.49285,0.47215,0.4802,4646756.63962666,XRP/USD,Kraken
39775,2018-06-26 00:00:00+00:00,0.4802,0.4823,0.4516,0.45258999999999994,2392337.26527498,XRP/USD,Kraken
39776,2018-06-27 00:00:00+00:00,0.45258999999999994,0.4749,0.44799999999999995,0.47100000000000003,3168460.80361809,XRP/USD,Kraken
39777,2018-06-28 00:00:00+00:00,0.47118000000000004,0.47253,0.43925,0.44743,3661520.55898422,XRP/USD,Kraken
39778,2018-06-29 00:00:00+00:00,0.44561000000000006,0.46001000000000003,0.42411000000000004,0.45453999999999994,5048905.90604108,XRP/USD,Kraken
39779,2018-06-30 00:00:00+00:00,0.45453999999999994,0.48200000000000004,0.4544,0.46871,3627560.44989132,XRP/USD,Kraken
39780,2018-07-01 00:00:00+00:00,0.46871,0.4696,0.4502,0.4616,1722169.42553106,XRP/USD,Kraken
39781,2018-07-02 00:00:00+00:00,0.4616,0.49735,0.452,0.4891,6658589.34403783,XRP/USD,Kraken
39782,2018-07-03 00:00:00+00:00,0.48985,0.52,0.47781,0.48467,4548364.89778689,XRP/USD,Kraken
39783,2018-07-04 00:00:00+00:00,0.48467,0.506,0.475,0.49196000000000006,2994179.23726912,XRP/USD,Kraken
39784,2018-07-05 00:00:00+00:00,0.49196000000000006,0.5002,0.4696,0.4776,3665630.98210038,XRP/USD,Kraken
39785,2018-07-06 00:00:00+00:00,0.4776,0.48098,0.45899999999999996,0.4758,2223295.76157409,XRP/USD,Kraken
39786,2018-07-07 00:00:00+00:00,0.4758,0.48651000000000005,0.46265,0.48449,1582605.41623646,XRP/USD,Kraken
39787,2018-07-08 00:00:00+00:00,0.48449,0.4877,0.475,0.47818,1833275.21580368,XRP/USD,Kraken
39788,2018-07-09 00:00:00+00:00,0.47818,0.48103,0.47,0.47196000000000005,2866796.81956201,XRP/USD,Kraken
39789,2018-07-10 00:00:00+00:00,0.47196000000000005,0.47276999999999997,0.43911000000000006,0.44261000000000006,4534614.61251508,XRP/USD,Kraken
39790,2018-07-11 00:00:00+00:00,0.44261000000000006,0.45183999999999996,0.4402,0.44906999999999997,2497515.69175937,XRP/USD,Kraken
39791,2018-07-12 00:00:00+00:00,0.44906999999999997,0.44906999999999997,0.42255,0.43656000000000006,5505366.34393191,XRP/USD,Kraken
39792,2018-07-13 00:00:00+00:00,0.43656000000000006,0.4457,0.43051000000000006,0.43933999999999995,2216094.88940425,XRP/USD,Kraken
39793,2018-07-14 00:00:00+00:00,0.43933999999999995,0.44255,0.414,0.43909,2704628.17926037,XRP/USD,Kraken
39794,2018-07-15 00:00:00+00:00,0.43909,0.44933,0.4356,0.44669,1631178.66907281,XRP/USD,Kraken
39795,2018-07-16 00:00:00+00:00,0.447,0.48341999999999996,0.44299999999999995,0.48272,5554773.22109266,XRP/USD,Kraken
39796,2018-07-17 00:00:00+00:00,0.48272,0.52,0.469,0.5079,7267317.91837098,XRP/USD,Kraken
39797,2018-07-18 00:00:00+00:00,0.5079,0.52383,0.47626,0.48895,7062816.81253398,XRP/USD,Kraken
39798,2018-07-19 00:00:00+00:00,0.48895,0.49438000000000004,0.4716,0.47629,2846719.91626874,XRP/USD,Kraken
39799,2018-07-20 00:00:00+00:00,0.47629,0.47661000000000003,0.42915,0.4436,5490107.1510668,XRP/USD,Kraken
39800,2018-07-21 00:00:00+00:00,0.4436,0.46001000000000003,0.4346,0.45286000000000004,4511127.69659257,XRP/USD,Kraken
39801,2018-07-22 00:00:00+00:00,0.45333999999999997,0.4625,0.44611999999999996,0.44978999999999997,2054664.24009217,XRP/USD,Kraken
39802,2018-07-23 00:00:00+00:00,0.44978999999999997,0.46556000000000003,0.44201999999999997,0.44555,2643998.05055389,XRP/USD,Kraken
39803,2018-07-24 00:00:00+00:00,0.44555,0.46998999999999996,0.4375,0.45761999999999997,10061365.39850736,XRP/USD,Kraken
39804,2018-07-25 00:00:00+00:00,0.45697,0.46781000000000006,0.45166999999999996,0.45898999999999995,4278483.0785889,XRP/USD,Kraken
39805,2018-07-26 00:00:00+00:00,0.45898999999999995,0.469,0.44611000000000006,0.4488,2600130.56820991,XRP/USD,Kraken
39806,2018-07-27 00:00:00+00:00,0.4494,0.46083999999999997,0.44358000000000003,0.4532,2087444.69406714,XRP/USD,Kraken
39807,2018-07-28 00:00:00+00:00,0.4532,0.45768000000000003,0.44799999999999995,0.45681000000000005,840290.78887284,XRP/USD,Kraken
39808,2018-07-29 00:00:00+00:00,0.45681000000000005,0.45799999999999996,0.45006,0.4528,453902.03456037,XRP/USD,Kraken
39809,2018-07-30 00:00:00+00:00,0.4528,0.45603,0.43417,0.44571000000000005,2456697.9888327997,XRP/USD,Kraken
39810,2018-07-31 00:00:00+00:00,0.44571000000000005,0.44683999999999996,0.4268,0.43454,4062597.14068277,XRP/USD,Kraken
39811,2018-08-01 00:00:00+00:00,0.43454,0.4608,0.42651999999999995,0.446,3776011.77985733,XRP/USD,Kraken
39812,2018-08-02 00:00:00+00:00,0.446,0.4474,0.4301,0.4304,1117503.49110288,XRP/USD,Kraken
39813,2018-08-03 00:00:00+00:00,0.43021000000000004,0.44483999999999996,0.42593000000000003,0.43993999999999994,2863103.77796824,XRP/USD,Kraken
39814,2018-08-04 00:00:00+00:00,0.43993999999999994,0.44377,0.42700000000000005,0.42946000000000006,1558518.16156426,XRP/USD,Kraken
39815,2018-08-05 00:00:00+00:00,0.42946000000000006,0.43658,0.42678999999999995,0.43463999999999997,963395.77632033,XRP/USD,Kraken
39816,2018-08-06 00:00:00+00:00,0.43463999999999997,0.43659,0.4026,0.41239,3017411.51351659,XRP/USD,Kraken
39817,2018-08-07 00:00:00+00:00,0.41239,0.41503999999999996,0.37526,0.37872,6042637.3393542,XRP/USD,Kraken
39818,2018-08-08 00:00:00+00:00,0.37872,0.37872,0.32003000000000004,0.33186,10002274.21609119,XRP/USD,Kraken
39819,2018-08-09 00:00:00+00:00,0.33186,0.3575,0.32842,0.34512,6145485.40245121,XRP/USD,Kraken
39820,2018-08-10 00:00:00+00:00,0.34512,0.34626,0.31251,0.31898000000000004,4536328.85280811,XRP/USD,Kraken
39821,2018-08-11 00:00:00+00:00,0.31898000000000004,0.31982,0.28658,0.2984,10595651.013978,XRP/USD,Kraken
39822,2018-08-12 00:00:00+00:00,0.2984,0.31033,0.29498,0.2958,3725517.45459225,XRP/USD,Kraken
39823,2018-08-13 00:00:00+00:00,0.2958,0.30873,0.271,0.27471999999999996,4560739.76314722,XRP/USD,Kraken
39824,2018-08-14 00:00:00+00:00,0.27471999999999996,0.27657,0.24645999999999998,0.27342,8299389.34737931,XRP/USD,Kraken
39825,2018-08-15 00:00:00+00:00,0.27342,0.30312,0.273,0.28026999999999996,11434740.04698854,XRP/USD,Kraken
39826,2018-08-16 00:00:00+00:00,0.28026999999999996,0.3014,0.276,0.29291,6516958.98711902,XRP/USD,Kraken
39827,2018-08-17 00:00:00+00:00,0.29291,0.37721,0.29057,0.36817,7443356.78612713,XRP/USD,Kraken
39828,2018-08-18 00:00:00+00:00,0.36841999999999997,0.37189,0.31314000000000003,0.32943,6451604.04502437,XRP/USD,Kraken
39829,2018-08-19 00:00:00+00:00,0.32943,0.35266,0.319,0.34228000000000003,4557138.62176587,XRP/USD,Kraken
39830,2018-08-20 00:00:00+00:00,0.34229,0.35045,0.31201,0.31416,5667667.38454838,XRP/USD,Kraken
39831,2018-08-21 00:00:00+00:00,0.31416,0.33769,0.31232,0.33387,3480390.45690133,XRP/USD,Kraken
39832,2018-08-22 00:00:00+00:00,0.33387,0.35409,0.30901,0.3178,7790908.69537263,XRP/USD,Kraken
39833,2018-08-23 00:00:00+00:00,0.3178,0.32957,0.31551,0.32595999999999997,2678290.65965759,XRP/USD,Kraken
39834,2018-08-24 00:00:00+00:00,0.32595999999999997,0.32939,0.31551999999999997,0.32634,2391381.91983721,XRP/USD,Kraken
39835,2018-08-25 00:00:00+00:00,0.32634,0.3322,0.32206999999999997,0.32643,1361647.05271938,XRP/USD,Kraken
39836,2018-08-26 00:00:00+00:00,0.32643,0.32787,0.31899,0.3227,1473962.10423436,XRP/USD,Kraken
39837,2018-08-27 00:00:00+00:00,0.3227,0.34,0.32206999999999997,0.33751,3947215.63274214,XRP/USD,Kraken
39838,2018-08-28 00:00:00+00:00,0.33751,0.35791999999999996,0.33493,0.35143,6189734.09752763,XRP/USD,Kraken
39839,2018-08-29 00:00:00+00:00,0.35143,0.355,0.3387,0.3448,3735278.04097129,XRP/USD,Kraken
39840,2018-08-30 00:00:00+00:00,0.3448,0.34618000000000004,0.32284,0.3352,3871725.32559094,XRP/USD,Kraken
39841,2018-08-31 00:00:00+00:00,0.3352,0.34004,0.3272,0.335,3048816.40969415,XRP/USD,Kraken
39842,2018-09-01 00:00:00+00:00,0.335,0.3529,0.335,0.34643,2884715.70416219,XRP/USD,Kraken
39843,2018-09-02 00:00:00+00:00,0.34643,0.34915,0.33544,0.34099,3416508.63204188,XRP/USD,Kraken
39844,2018-09-03 00:00:00+00:00,0.34258,0.34275,0.33285,0.335,2005935.79988188,XRP/USD,Kraken
39845,2018-09-04 00:00:00+00:00,0.335,0.34,0.3285,0.33055999999999996,1772019.24260416,XRP/USD,Kraken
39846,2018-09-05 00:00:00+00:00,0.33055999999999996,0.33375,0.27665,0.27867,14940534.02658964,XRP/USD,Kraken
39847,2018-09-06 00:00:00+00:00,0.2784,0.30404000000000003,0.2668,0.30073,14201242.65099955,XRP/USD,Kraken
39848,2018-09-07 00:00:00+00:00,0.30073,0.30334,0.28108,0.28704,4764362.63757139,XRP/USD,Kraken
39849,2018-09-08 00:00:00+00:00,0.28704,0.2926,0.26865,0.27657,5424637.23248345,XRP/USD,Kraken
39850,2018-09-09 00:00:00+00:00,0.27657,0.29065,0.27084,0.27489,5520161.00002737,XRP/USD,Kraken
39851,2018-09-10 00:00:00+00:00,0.2755,0.2816,0.2599,0.2695,5805927.07721995,XRP/USD,Kraken
39852,2018-09-11 00:00:00+00:00,0.2695,0.2743,0.249,0.2622,8652034.77935201,XRP/USD,Kraken
39853,2018-09-12 00:00:00+00:00,0.2622,0.2732,0.25359,0.26941,7857212.13523465,XRP/USD,Kraken
39854,2018-09-13 00:00:00+00:00,0.26941,0.28600000000000003,0.267,0.2786,7449114.25500464,XRP/USD,Kraken
39855,2018-09-14 00:00:00+00:00,0.27899999999999997,0.28468000000000004,0.2725,0.27564,8265628.59136014,XRP/USD,Kraken
39856,2018-09-15 00:00:00+00:00,0.27564,0.2842,0.27564,0.2816,1739006.89820209,XRP/USD,Kraken
39857,2018-09-16 00:00:00+00:00,0.2816,0.2818,0.27266,0.281,1071764.88882922,XRP/USD,Kraken
39858,2018-09-17 00:00:00+00:00,0.281,0.28293,0.26611,0.2708,6563834.24025401,XRP/USD,Kraken
39859,2018-09-18 00:00:00+00:00,0.2708,0.33505,0.2697,0.31837,14018999.52636368,XRP/USD,Kraken
39860,2018-09-19 00:00:00+00:00,0.31823,0.335,0.31037,0.32687,9007202.33907831,XRP/USD,Kraken
39861,2018-09-20 00:00:00+00:00,0.32687,0.4917,0.3214,0.44823999999999997,25208819.31183397,XRP/USD,Kraken
39862,2018-09-21 00:00:00+00:00,0.44931000000000004,0.8,0.42561000000000004,0.56414,64305857.83142356,XRP/USD,Kraken
39863,2018-09-22 00:00:00+00:00,0.56414,0.62871,0.48891,0.573,27676620.64974432,XRP/USD,Kraken
39864,2018-09-23 00:00:00+00:00,0.573,0.597,0.55619,0.5720000000000001,9945959.11498806,XRP/USD,Kraken
39865,2018-09-24 00:00:00+00:00,0.5706100000000001,0.58327,0.48101000000000005,0.49238999999999994,17972726.87946435,XRP/USD,Kraken
39866,2018-09-25 00:00:00+00:00,0.49238999999999994,0.55,0.43346999999999997,0.5246,25852980.187039603,XRP/USD,Kraken
39867,2018-09-26 00:00:00+00:00,0.52487,0.57389,0.4829,0.512,24385113.89485474,XRP/USD,Kraken
39868,2018-09-27 00:00:00+00:00,0.51198,0.55698,0.5073,0.5438,7667450.73514879,XRP/USD,Kraken
39869,2018-09-28 00:00:00+00:00,0.5424,0.55,0.515,0.5398,8393255.05456868,XRP/USD,Kraken
39870,2018-09-29 00:00:00+00:00,0.5398,0.594,0.52491,0.56781,11315836.32171698,XRP/USD,Kraken
39871,2018-09-30 00:00:00+00:00,0.568,0.61902,0.55513,0.5792,9561507.53597832,XRP/USD,Kraken
39872,2018-10-01 00:00:00+00:00,0.5798,0.60445,0.532,0.5745,18367955.53163032,XRP/USD,Kraken
39873,2018-10-02 00:00:00+00:00,0.5747899999999999,0.5788,0.51,0.51358,7710155.93591354,XRP/USD,Kraken
39874,2018-10-03 00:00:00+00:00,0.51336,0.53473,0.50193,0.52535,8005701.1294627,XRP/USD,Kraken
39875,2018-10-04 00:00:00+00:00,0.52536,0.5463399999999999,0.5226,0.5254800000000001,4524980.19342731,XRP/USD,Kraken
39876,2018-10-05 00:00:00+00:00,0.5254800000000001,0.52968,0.50378,0.51708,5044509.70636406,XRP/USD,Kraken
39877,2018-10-06 00:00:00+00:00,0.51708,0.51849,0.46152,0.48191000000000006,8236143.28118055,XRP/USD,Kraken
39878,2018-10-07 00:00:00+00:00,0.48191000000000006,0.48777,0.46593,0.47958,4540493.4539148,XRP/USD,Kraken
39879,2018-10-08 00:00:00+00:00,0.47958,0.5,0.47586000000000006,0.48743000000000003,8956209.97281771,XRP/USD,Kraken
39880,2018-10-09 00:00:00+00:00,0.48743000000000003,0.49,0.46751000000000004,0.47752,3611305.69351424,XRP/USD,Kraken
39881,2018-10-10 00:00:00+00:00,0.47752,0.47752,0.45,0.45888999999999996,4797878.16798607,XRP/USD,Kraken
39882,2018-10-11 00:00:00+00:00,0.45888999999999996,0.45888999999999996,0.2843,0.37476,21961193.01159755,XRP/USD,Kraken
39883,2018-10-12 00:00:00+00:00,0.37476,0.43918,0.3715,0.41225,10146494.29594695,XRP/USD,Kraken
39884,2018-10-13 00:00:00+00:00,0.41225,0.42606000000000005,0.40815999999999997,0.41268999999999995,4133855.54702817,XRP/USD,Kraken
39885,2018-10-14 00:00:00+00:00,0.41268999999999995,0.42235,0.39321,0.39816999999999997,3585971.43632206,XRP/USD,Kraken
39886,2018-10-15 00:00:00+00:00,0.39832,0.47102,0.38800999999999997,0.4402,19071835.50872992,XRP/USD,Kraken
39887,2018-10-16 00:00:00+00:00,0.4402,0.46601000000000004,0.43509,0.46366999999999997,6798334.18255937,XRP/USD,Kraken
39888,2018-10-17 00:00:00+00:00,0.46299999999999997,0.47481999999999996,0.45221000000000006,0.46399999999999997,7322994.41510275,XRP/USD,Kraken
39889,2018-10-18 00:00:00+00:00,0.46399999999999997,0.47221,0.44,0.45511999999999997,7678317.83111065,XRP/USD,Kraken
39890,2018-10-19 00:00:00+00:00,0.45511999999999997,0.4553,0.44372,0.44992,3887343.65110371,XRP/USD,Kraken
39891,2018-10-20 00:00:00+00:00,0.44992,0.46,0.44623999999999997,0.45574,2568275.78969323,XRP/USD,Kraken
39892,2018-10-21 00:00:00+00:00,0.45477,0.46062,0.45124,0.4538,1720633.18566848,XRP/USD,Kraken
39893,2018-10-22 00:00:00+00:00,0.4523,0.4568,0.444,0.45082,2750341.91154557,XRP/USD,Kraken
39894,2018-10-23 00:00:00+00:00,0.44991000000000003,0.47013999999999995,0.43201000000000006,0.45931000000000005,5667443.30921218,XRP/USD,Kraken
39895,2018-10-24 00:00:00+00:00,0.45931000000000005,0.46621999999999997,0.45003000000000004,0.45432,3521300.45231105,XRP/USD,Kraken
39896,2018-10-25 00:00:00+00:00,0.45432,0.46198,0.44782,0.45371999999999996,5440137.92056342,XRP/USD,Kraken
39897,2018-10-26 00:00:00+00:00,0.45371999999999996,0.45918000000000003,0.4488,0.45748,4589868.16882428,XRP/USD,Kraken
39898,2018-10-27 00:00:00+00:00,0.45748,0.45833999999999997,0.45027,0.45374,2705188.67636189,XRP/USD,Kraken
39899,2018-10-28 00:00:00+00:00,0.45374,0.46,0.45266000000000006,0.46,3705404.43910293,XRP/USD,Kraken
39900,2018-10-29 00:00:00+00:00,0.46,0.46,0.42628999999999995,0.43966000000000005,8598087.37867971,XRP/USD,Kraken
39901,2018-10-30 00:00:00+00:00,0.44016000000000005,0.44782,0.43765,0.44359,4401250.58262827,XRP/USD,Kraken
39902,2018-10-31 00:00:00+00:00,0.44359,0.45773,0.43325,0.45,5901564.08223344,XRP/USD,Kraken
39903,2018-11-01 00:00:00+00:00,0.45,0.45782,0.44648999999999994,0.45596000000000003,4349511.44476711,XRP/USD,Kraken
39904,2018-11-02 00:00:00+00:00,0.45596000000000003,0.46303,0.45426000000000005,0.45596000000000003,6533253.8914277,XRP/USD,Kraken
39905,2018-11-03 00:00:00+00:00,0.45596000000000003,0.4572,0.45132,0.45369,2119307.8488823003,XRP/USD,Kraken
39906,2018-11-04 00:00:00+00:00,0.45369,0.47552,0.447,0.46642,7601558.09509063,XRP/USD,Kraken
39907,2018-11-05 00:00:00+00:00,0.46558,0.5,0.45893,0.4965,11443528.65166485,XRP/USD,Kraken
39908,2018-11-06 00:00:00+00:00,0.4965,0.562,0.49649,0.55023,20123012.93636519,XRP/USD,Kraken
39909,2018-11-07 00:00:00+00:00,0.55023,0.55074,0.52037,0.5351,8477175.15806491,XRP/USD,Kraken
39910,2018-11-08 00:00:00+00:00,0.53579,0.53999,0.486,0.49096999999999996,9604928.20478656,XRP/USD,Kraken
39911,2018-11-09 00:00:00+00:00,0.49096999999999996,0.51495,0.48658999999999997,0.49745,8125088.23380688,XRP/USD,Kraken
39912,2018-11-10 00:00:00+00:00,0.49745,0.5095,0.49625,0.50139,3308693.9205362997,XRP/USD,Kraken
39913,2018-11-11 00:00:00+00:00,0.50139,0.50543,0.49199,0.5018699999999999,3722953.91350622,XRP/USD,Kraken
39914,2018-11-12 00:00:00+00:00,0.5018699999999999,0.52549,0.49696999999999997,0.51412,5574707.27967368,XRP/USD,Kraken
39915,2018-11-13 00:00:00+00:00,0.51385,0.5208,0.49705,0.50107,6118229.64966059,XRP/USD,Kraken
39916,2018-11-14 00:00:00+00:00,0.50107,0.50361,0.402,0.45792,27486173.49013124,XRP/USD,Kraken
39917,2018-11-15 00:00:00+00:00,0.45816999999999997,0.4786,0.41318999999999995,0.4747,26767205.98649807,XRP/USD,Kraken
39918,2018-11-16 00:00:00+00:00,0.4747,0.48323999999999995,0.45736000000000004,0.46595,12315873.22170915,XRP/USD,Kraken
39919,2018-11-17 00:00:00+00:00,0.46595,0.49862,0.46057,0.48700000000000004,6483794.80785388,XRP/USD,Kraken
39920,2018-11-18 00:00:00+00:00,0.48700000000000004,0.51853,0.48575,0.50647,8272965.05751271,XRP/USD,Kraken
39921,2018-11-19 00:00:00+00:00,0.50645,0.50645,0.45991000000000004,0.46568000000000004,16304597.06001378,XRP/USD,Kraken
39922,2018-11-20 00:00:00+00:00,0.46568000000000004,0.493,0.4009,0.42352,33253135.74487465,XRP/USD,Kraken
39923,2018-11-21 00:00:00+00:00,0.42391999999999996,0.5,0.40401,0.44214,16407390.50008876,XRP/USD,Kraken
39924,2018-11-22 00:00:00+00:00,0.44214,0.44451999999999997,0.41422,0.41662,6472955.07760916,XRP/USD,Kraken
39925,2018-11-23 00:00:00+00:00,0.41662,0.42311000000000004,0.38716999999999996,0.40165,15982772.67178992,XRP/USD,Kraken
39926,2018-11-24 00:00:00+00:00,0.40165,0.413,0.3545,0.365,14420162.80763551,XRP/USD,Kraken
39927,2018-11-25 00:00:00+00:00,0.36574,0.38322,0.31228,0.36815,24468448.66718392,XRP/USD,Kraken
39928,2018-11-26 00:00:00+00:00,0.36815,0.38438,0.33027,0.35074,18929075.18405959,XRP/USD,Kraken
39929,2018-11-27 00:00:00+00:00,0.35111,0.36576,0.33536,0.35604,8793271.16512809,XRP/USD,Kraken
39930,2018-11-28 00:00:00+00:00,0.35604,0.40105,0.35593,0.38852,13414224.80394061,XRP/USD,Kraken
39931,2018-11-29 00:00:00+00:00,0.38852,0.39192,0.36703,0.3768,8446264.8002973,XRP/USD,Kraken
39932,2018-11-30 00:00:00+00:00,0.3768,0.38,0.35,0.35869,6887100.06441164,XRP/USD,Kraken
39933,2018-12-01 00:00:00+00:00,0.35869,0.375,0.35120999999999997,0.36813,3961484.24787414,XRP/USD,Kraken
39934,2018-12-02 00:00:00+00:00,0.36813,0.37528,0.35973,0.364,3902474.4508833,XRP/USD,Kraken
39935,2018-12-03 00:00:00+00:00,0.36399000000000004,0.3647,0.33973000000000003,0.34288,9825628.218632199,XRP/USD,Kraken
39936,2018-12-04 00:00:00+00:00,0.34288,0.3599,0.33379000000000003,0.34788,12412234.47378354,XRP/USD,Kraken
39937,2018-12-05 00:00:00+00:00,0.34801,0.34868000000000005,0.33100999999999997,0.33202,5075743.3666987,XRP/USD,Kraken
39938,2018-12-06 00:00:00+00:00,0.33204,0.3407,0.301,0.30296,12223049.58948126,XRP/USD,Kraken
39939,2018-12-07 00:00:00+00:00,0.30296,0.3102,0.28602,0.299,14718764.79804513,XRP/USD,Kraken
39940,2018-12-08 00:00:00+00:00,0.299,0.31935,0.28951,0.30098,7211211.98954649,XRP/USD,Kraken
39941,2018-12-09 00:00:00+00:00,0.30098,0.31789,0.29636,0.30834,4792844.02593131,XRP/USD,Kraken
39942,2018-12-10 00:00:00+00:00,0.30834,0.312,0.29109,0.29709,6406060.34731215,XRP/USD,Kraken
39943,2018-12-11 00:00:00+00:00,0.29709,0.30687,0.29151,0.29616,4190600.22052135,XRP/USD,Kraken
39944,2018-12-12 00:00:00+00:00,0.29616,0.30906,0.29468,0.30356,5086896.07829685,XRP/USD,Kraken
39945,2018-12-13 00:00:00+00:00,0.30356,0.30444,0.29235,0.29559,3713384.9021544,XRP/USD,Kraken
39946,2018-12-14 00:00:00+00:00,0.29559,0.29614,0.28,0.28448,6964909.04438897,XRP/USD,Kraken
39947,2018-12-15 00:00:00+00:00,0.28448,0.28756,0.27751,0.28121999999999997,5670156.400120299,XRP/USD,Kraken
39948,2018-12-16 00:00:00+00:00,0.28121999999999997,0.29196,0.28121999999999997,0.28286999999999995,2190698.35429554,XRP/USD,Kraken
39949,2018-12-17 00:00:00+00:00,0.28308,0.33655,0.28188,0.32615,14321513.51465656,XRP/USD,Kraken
39950,2018-12-18 00:00:00+00:00,0.32615,0.3504,0.3212,0.3504,10323228.82559941,XRP/USD,Kraken
39951,2018-12-19 00:00:00+00:00,0.35023000000000004,0.39433,0.34102,0.34698,20447420.9327927,XRP/USD,Kraken
39952,2018-12-20 00:00:00+00:00,0.34698,0.3888,0.3418,0.37467,14006299.32673736,XRP/USD,Kraken
39953,2018-12-21 00:00:00+00:00,0.37467,0.38436,0.34926,0.35428000000000004,10639186.47589511,XRP/USD,Kraken
39954,2018-12-22 00:00:00+00:00,0.35424,0.36259,0.345,0.36,7873343.90034107,XRP/USD,Kraken
39955,2018-12-23 00:00:00+00:00,0.36,0.38499,0.35771,0.36812,6611607.6114427,XRP/USD,Kraken
39956,2018-12-24 00:00:00+00:00,0.36812,0.452,0.36812,0.40326,24322476.64429051,XRP/USD,Kraken
39957,2018-12-25 00:00:00+00:00,0.40326,0.4056,0.36313,0.37916,16294559.13835395,XRP/USD,Kraken
39958,2018-12-26 00:00:00+00:00,0.37916,0.39102,0.35601,0.37564000000000003,10752266.15402848,XRP/USD,Kraken
39959,2018-12-27 00:00:00+00:00,0.37564000000000003,0.37686,0.32863000000000003,0.33579000000000003,10303113.81502847,XRP/USD,Kraken
39960,2018-12-28 00:00:00+00:00,0.33579000000000003,0.38024,0.33298,0.3748,13936643.55991136,XRP/USD,Kraken
39961,2018-12-29 00:00:00+00:00,0.3748,0.38374,0.35601,0.35875,9812720.5911739,XRP/USD,Kraken
39962,2018-12-30 00:00:00+00:00,0.35875,0.3691,0.35141999999999995,0.36759000000000003,7371710.45871083,XRP/USD,Kraken
39963,2018-12-31 00:00:00+00:00,0.36759000000000003,0.3728,0.34376,0.34785,9335300.51760921,XRP/USD,Kraken
39964,2019-01-01 00:00:00+00:00,0.34785,0.36375,0.34401,0.3632,8144320.93691613,XRP/USD,Kraken
39965,2019-01-02 00:00:00+00:00,0.3632,0.37746,0.35629,0.3716,10136606.66977367,XRP/USD,Kraken
39966,2019-01-03 00:00:00+00:00,0.3716,0.3716,0.34922,0.35416,7811771.92500837,XRP/USD,Kraken
39967,2019-01-04 00:00:00+00:00,0.35416,0.36045,0.34613,0.3563,5278051.70463329,XRP/USD,Kraken
39968,2019-01-05 00:00:00+00:00,0.3563,0.36159,0.34724,0.35109,5188354.27789428,XRP/USD,Kraken
39969,2019-01-06 00:00:00+00:00,0.35109,0.369,0.34700000000000003,0.36491999999999997,8533732.88794321,XRP/USD,Kraken
39970,2019-01-07 00:00:00+00:00,0.36491999999999997,0.376,0.35803,0.36277,9176780.13303794,XRP/USD,Kraken
39971,2019-01-08 00:00:00+00:00,0.36277,0.371,0.358,0.36412,6855032.12129873,XRP/USD,Kraken
39972,2019-01-09 00:00:00+00:00,0.36389,0.37145,0.3589,0.36776,6922507.04241575,XRP/USD,Kraken
39973,2019-01-10 00:00:00+00:00,0.36776,0.3822,0.31676,0.32791,27514360.064048603,XRP/USD,Kraken
39974,2019-01-11 00:00:00+00:00,0.32791,0.33562,0.32244,0.32913000000000003,7585890.63655486,XRP/USD,Kraken
39975,2019-01-12 00:00:00+00:00,0.32913000000000003,0.33521,0.32448,0.32839,3062333.89509368,XRP/USD,Kraken
39976,2019-01-13 00:00:00+00:00,0.32839,0.33196,0.31099,0.31415,7113825.06441188,XRP/USD,Kraken
39977,2019-01-14 00:00:00+00:00,0.31415,0.33862,0.31415,0.33197,9246900.58437644,XRP/USD,Kraken
39978,2019-01-15 00:00:00+00:00,0.33197,0.335,0.3195,0.32415,7039740.65339045,XRP/USD,Kraken
39979,2019-01-16 00:00:00+00:00,0.32415,0.33425,0.32277,0.32789,6962021.13537041,XRP/USD,Kraken
39980,2019-01-17 00:00:00+00:00,0.3274,0.3297,0.32099,0.32686,4710898.55526707,XRP/USD,Kraken
39981,2019-01-18 00:00:00+00:00,0.32686,0.32753000000000004,0.31744,0.32139,5295916.55938543,XRP/USD,Kraken
39982,2019-01-19 00:00:00+00:00,0.32139,0.33531,0.32085,0.32842,5641007.78954107,XRP/USD,Kraken
39983,2019-01-20 00:00:00+00:00,0.32842,0.33,0.31,0.31684,5959472.39302349,XRP/USD,Kraken
39984,2019-01-21 00:00:00+00:00,0.31684,0.32179,0.31315,0.31790999999999997,2406636.38218756,XRP/USD,Kraken
39985,2019-01-22 00:00:00+00:00,0.31790999999999997,0.32292,0.30463,0.31799,5784513.10833794,XRP/USD,Kraken
39986,2019-01-23 00:00:00+00:00,0.31799,0.31987,0.31251,0.31458,3973592.64291811,XRP/USD,Kraken
39987,2019-01-24 00:00:00+00:00,0.31458,0.31844,0.3123,0.31519,3233352.15662751,XRP/USD,Kraken
39988,2019-01-25 00:00:00+00:00,0.31519,0.317,0.30971,0.31344,4321687.76282443,XRP/USD,Kraken
39989,2019-01-26 00:00:00+00:00,0.31344,0.31801999999999997,0.31114,0.31156999999999996,3461312.26838253,XRP/USD,Kraken
39990,2019-01-27 00:00:00+00:00,0.31156999999999996,0.31269,0.302,0.305,2450134.70448502,XRP/USD,Kraken
39991,2019-01-28 00:00:00+00:00,0.305,0.30564,0.27735,0.2926,12208335.21174427,XRP/USD,Kraken
39992,2019-01-29 00:00:00+00:00,0.2926,0.2942,0.28055,0.28558,6707328.30586446,XRP/USD,Kraken
39993,2019-01-30 00:00:00+00:00,0.28552,0.3239,0.28285,0.3188,20433576.62506498,XRP/USD,Kraken
39994,2019-01-31 00:00:00+00:00,0.3188,0.33376,0.30155,0.30649,15463576.742864199,XRP/USD,Kraken
39995,2019-02-01 00:00:00+00:00,0.30649,0.30895,0.29316,0.304,10776158.6336181,XRP/USD,Kraken
39996,2019-02-02 00:00:00+00:00,0.304,0.31108,0.3018,0.30683,4919742.26036361,XRP/USD,Kraken
39997,2019-02-03 00:00:00+00:00,0.30683,0.30896999999999997,0.294,0.29839,5050621.38641065,XRP/USD,Kraken
39998,2019-02-04 00:00:00+00:00,0.29839,0.30165,0.2938,0.29484,4413450.1375942,XRP/USD,Kraken
39999,2019-02-05 00:00:00+00:00,0.29484,0.29875,0.2928,0.2958,3800028.62721729,XRP/USD,Kraken
40000,2019-02-06 00:00:00+00:00,0.2958,0.29727,0.28504,0.28619,12238977.12915376,XRP/USD,Kraken
40001,2019-02-07 00:00:00+00:00,0.28619,0.2905,0.28515999999999997,0.28826,5074219.02671487,XRP/USD,Kraken
40002,2019-02-08 00:00:00+00:00,0.28791,0.3199,0.28631999999999996,0.30823,18865202.09282207,XRP/USD,Kraken
40003,2019-02-09 00:00:00+00:00,0.30823,0.31245,0.3043,0.30896999999999997,8979139.17733966,XRP/USD,Kraken
40004,2019-02-10 00:00:00+00:00,0.30825,0.30894,0.29603,0.30682,9175011.26165599,XRP/USD,Kraken
40005,2019-02-11 00:00:00+00:00,0.30682,0.30743000000000004,0.29769,0.29874,5327451.23067203,XRP/USD,Kraken
40006,2019-02-12 00:00:00+00:00,0.29875,0.304,0.2939,0.3011,8317434.6217503995,XRP/USD,Kraken
40007,2019-02-13 00:00:00+00:00,0.3011,0.30941,0.29777,0.301,7844574.90480721,XRP/USD,Kraken
40008,2019-02-14 00:00:00+00:00,0.301,0.30234,0.29711,0.29780999999999996,4879007.55780628,XRP/USD,Kraken
40009,2019-02-15 00:00:00+00:00,0.29780999999999996,0.30351,0.29373,0.29889,6351488.49687253,XRP/USD,Kraken
40010,2019-02-16 00:00:00+00:00,0.29889,0.30045,0.2972,0.298,3220922.62597614,XRP/USD,Kraken
40011,2019-02-17 00:00:00+00:00,0.298,0.3035,0.294,0.29998,6017436.82213049,XRP/USD,Kraken
40012,2019-02-18 00:00:00+00:00,0.29998,0.3285,0.29757,0.31951,22476740.35287719,XRP/USD,Kraken
40013,2019-02-19 00:00:00+00:00,0.31898000000000004,0.34604,0.318,0.32116999999999996,21892933.27401202,XRP/USD,Kraken
40014,2019-02-20 00:00:00+00:00,0.32116999999999996,0.33354,0.31647,0.32929,11687426.59600736,XRP/USD,Kraken
40015,2019-02-21 00:00:00+00:00,0.32929,0.33,0.3138,0.317,11158694.5761373,XRP/USD,Kraken
40016,2019-02-22 00:00:00+00:00,0.317,0.32075,0.31283,0.31913,4992985.96426688,XRP/USD,Kraken
40017,2019-02-23 00:00:00+00:00,0.31913,0.33371999999999996,0.31584,0.33154,9328899.86421302,XRP/USD,Kraken
40018,2019-02-24 00:00:00+00:00,0.33154,0.34192,0.2941,0.29661,25324119.57918768,XRP/USD,Kraken
40019,2019-02-25 00:00:00+00:00,0.29661,0.33889,0.29605,0.32646,24788914.85435708,XRP/USD,Kraken
40020,2019-02-26 00:00:00+00:00,0.32646,0.33399999999999996,0.31227,0.31533,11115043.23047098,XRP/USD,Kraken
40021,2019-02-27 00:00:00+00:00,0.31533,0.31753000000000003,0.2981,0.30918,9912799.13058591,XRP/USD,Kraken
40022,2019-02-28 00:00:00+00:00,0.30918,0.31569,0.30506,0.31267,9295314.06187701,XRP/USD,Kraken
40023,2019-03-01 00:00:00+00:00,0.31267,0.32328,0.3103,0.31454,10982199.42135484,XRP/USD,Kraken
40024,2019-03-02 00:00:00+00:00,0.31454,0.31640999999999997,0.30832,0.31312,4900826.64125163,XRP/USD,Kraken
40025,2019-03-03 00:00:00+00:00,0.3137,0.31438,0.3067,0.3094,4346525.56278635,XRP/USD,Kraken
40026,2019-03-04 00:00:00+00:00,0.3094,0.3105,0.2972,0.30074,8410839.10582308,XRP/USD,Kraken
40027,2019-03-05 00:00:00+00:00,0.30074,0.31701999999999997,0.30023,0.3142,9053070.84925027,XRP/USD,Kraken
40028,2019-03-06 00:00:00+00:00,0.3142,0.31974,0.30878,0.31556999999999996,8591453.08090746,XRP/USD,Kraken
40029,2019-03-07 00:00:00+00:00,0.31556999999999996,0.31766,0.31076,0.3113,7445132.45029051,XRP/USD,Kraken
40030,2019-03-08 00:00:00+00:00,0.3113,0.31408,0.302,0.30619,5871693.13032226,XRP/USD,Kraken
40031,2019-03-09 00:00:00+00:00,0.30619,0.31674,0.30551,0.31199,5148581.1404941,XRP/USD,Kraken
40032,2019-03-10 00:00:00+00:00,0.31199,0.31588,0.3077,0.31156,6414003.8124278,XRP/USD,Kraken
40033,2019-03-11 00:00:00+00:00,0.31156,0.31285999999999997,0.307,0.3088,6390599.71506285,XRP/USD,Kraken
40034,2019-03-12 00:00:00+00:00,0.3088,0.3099,0.30441999999999997,0.30848000000000003,4246235.85199361,XRP/USD,Kraken
40035,2019-03-13 00:00:00+00:00,0.30848000000000003,0.32459,0.30606,0.31290999999999997,8168980.81106104,XRP/USD,Kraken
40036,2019-03-14 00:00:00+00:00,0.31290999999999997,0.31454,0.306,0.30956999999999996,5877723.66884195,XRP/USD,Kraken
40037,2019-03-15 00:00:00+00:00,0.30956999999999996,0.31551999999999997,0.30861,0.31288,3118293.29818011,XRP/USD,Kraken
40038,2019-03-16 00:00:00+00:00,0.31288,0.32,0.3024,0.31766,12358353.68732712,XRP/USD,Kraken
40039,2019-03-17 00:00:00+00:00,0.31766,0.31766,0.31283,0.31419,2743480.4667537003,XRP/USD,Kraken
40040,2019-03-18 00:00:00+00:00,0.314,0.31817,0.3105,0.31301999999999996,3896969.13509455,XRP/USD,Kraken
40041,2019-03-19 00:00:00+00:00,0.31301999999999996,0.31523,0.3109,0.31495,3057973.62369591,XRP/USD,Kraken
40042,2019-03-20 00:00:00+00:00,0.31495,0.32,0.3094,0.31668,6079441.94433768,XRP/USD,Kraken
40043,2019-03-21 00:00:00+00:00,0.31668,0.31826,0.30046999999999996,0.30908,10559139.741682699,XRP/USD,Kraken
40044,2019-03-22 00:00:00+00:00,0.30908,0.31155,0.30604000000000003,0.30951,2877439.22468758,XRP/USD,Kraken
40045,2019-03-23 00:00:00+00:00,0.30951,0.31137,0.30774,0.30965,1837188.48569751,XRP/USD,Kraken
40046,2019-03-24 00:00:00+00:00,0.30965,0.30965,0.30305,0.30574,4434621.80455452,XRP/USD,Kraken
40047,2019-03-25 00:00:00+00:00,0.30574,0.30659000000000003,0.29791,0.30091,5744792.57524602,XRP/USD,Kraken
40048,2019-03-26 00:00:00+00:00,0.30091,0.30164,0.29109,0.30088000000000004,8093302.16021741,XRP/USD,Kraken
40049,2019-03-27 00:00:00+00:00,0.30088000000000004,0.31,0.29819,0.30876,8167169.51575555,XRP/USD,Kraken
40050,2019-03-28 00:00:00+00:00,0.30876,0.3091,0.30317,0.305,3671607.8818127997,XRP/USD,Kraken
40051,2019-03-29 00:00:00+00:00,0.305,0.30941,0.3027,0.307,5254687.36029407,XRP/USD,Kraken
40052,2019-03-30 00:00:00+00:00,0.307,0.3169,0.30635,0.30994,7181895.321184599,XRP/USD,Kraken
40053,2019-03-31 00:00:00+00:00,0.30994,0.3105,0.307,0.30811,2267483.68804295,XRP/USD,Kraken
40054,2019-04-01 00:00:00+00:00,0.30811,0.31343000000000004,0.30712,0.31208,3136382.66337568,XRP/USD,Kraken
40055,2019-04-02 00:00:00+00:00,0.31208,0.36,0.31103000000000003,0.35334,44791645.29998108,XRP/USD,Kraken
40056,2019-04-03 00:00:00+00:00,0.35334,0.375,0.32799999999999996,0.34206,40138172.69610895,XRP/USD,Kraken
40057,2019-04-04 00:00:00+00:00,0.34206,0.34917,0.32561,0.33071999999999996,14856634.53283878,XRP/USD,Kraken
40058,2019-04-05 00:00:00+00:00,0.33071999999999996,0.37906,0.33071999999999996,0.3637,28857045.56009741,XRP/USD,Kraken
40059,2019-04-06 00:00:00+00:00,0.36299000000000003,0.3635,0.3476,0.35253,10466116.96310541,XRP/USD,Kraken
40060,2019-04-07 00:00:00+00:00,0.35253,0.36591,0.35086999999999996,0.36289,6370556.67975049,XRP/USD,Kraken
40061,2019-04-08 00:00:00+00:00,0.36289,0.37041,0.34952,0.35882,10957431.033901801,XRP/USD,Kraken
40062,2019-04-09 00:00:00+00:00,0.35882,0.35909,0.34872,0.35,5180583.08851637,XRP/USD,Kraken
40063,2019-04-10 00:00:00+00:00,0.35,0.36109,0.349,0.35424,6758977.18823982,XRP/USD,Kraken
40064,2019-04-11 00:00:00+00:00,0.35424,0.35475,0.322,0.32947,18803576.1208901,XRP/USD,Kraken
40065,2019-04-12 00:00:00+00:00,0.32915,0.33031,0.318,0.32556,6820503.67749832,XRP/USD,Kraken
40066,2019-04-13 00:00:00+00:00,0.32556,0.33687,0.32254,0.32613000000000003,5216189.29865245,XRP/USD,Kraken
40067,2019-04-14 00:00:00+00:00,0.32613000000000003,0.33103,0.322,0.32954,2655578.33996467,XRP/USD,Kraken
40068,2019-04-15 00:00:00+00:00,0.32954,0.33264,0.31340999999999997,0.31932,7491364.87235611,XRP/USD,Kraken
40069,2019-04-16 00:00:00+00:00,0.31932,0.32656999999999997,0.31594,0.3256,5526324.48652366,XRP/USD,Kraken
40070,2019-04-17 00:00:00+00:00,0.32566,0.34187,0.3207,0.33535,16459336.53077618,XRP/USD,Kraken
40071,2019-04-18 00:00:00+00:00,0.33535,0.3488,0.33381,0.3365,8526455.79968557,XRP/USD,Kraken
40072,2019-04-19 00:00:00+00:00,0.3365,0.3365,0.32725,0.33198,4241457.60516644,XRP/USD,Kraken
40073,2019-04-20 00:00:00+00:00,0.33198,0.33443,0.32305,0.32807,4486808.25003936,XRP/USD,Kraken
40074,2019-04-21 00:00:00+00:00,0.3282,0.32965,0.3176,0.32184,7721302.74237966,XRP/USD,Kraken
40075,2019-04-22 00:00:00+00:00,0.32184,0.33093,0.31855,0.32409,6985336.12127728,XRP/USD,Kraken
40076,2019-04-23 00:00:00+00:00,0.32409,0.3283,0.32006999999999997,0.32008000000000003,7828162.33718286,XRP/USD,Kraken
40077,2019-04-24 00:00:00+00:00,0.32008000000000003,0.32145,0.2902,0.30099000000000004,21726730.53612709,XRP/USD,Kraken
40078,2019-04-25 00:00:00+00:00,0.30099000000000004,0.30803,0.27959,0.2864,13324476.45105758,XRP/USD,Kraken
40079,2019-04-26 00:00:00+00:00,0.2864,0.2953,0.28221999999999997,0.29379,9352099.89459418,XRP/USD,Kraken
40080,2019-04-27 00:00:00+00:00,0.29379,0.29596,0.29029,0.29222,3447419.10806365,XRP/USD,Kraken
40081,2019-04-28 00:00:00+00:00,0.29222,0.29548,0.28757,0.29083000000000003,4044754.55273663,XRP/USD,Kraken
40082,2019-04-29 00:00:00+00:00,0.29083000000000003,0.29493,0.28362,0.28794000000000003,7654098.06557601,XRP/USD,Kraken
40083,2019-04-30 00:00:00+00:00,0.28794000000000003,0.30839,0.28759,0.30511,12878546.46002338,XRP/USD,Kraken
40084,2019-05-01 00:00:00+00:00,0.30554000000000003,0.30896,0.29562,0.29916,6891880.274694901,XRP/USD,Kraken
40085,2019-05-02 00:00:00+00:00,0.29916,0.30169,0.29502,0.29658,3430409.70419863,XRP/USD,Kraken
40086,2019-05-03 00:00:00+00:00,0.2965,0.30741,0.29495,0.30206,7055089.278257401,XRP/USD,Kraken
40087,2019-05-04 00:00:00+00:00,0.30206,0.3125,0.29462,0.29977,7317863.53907444,XRP/USD,Kraken
40088,2019-05-05 00:00:00+00:00,0.29977,0.30113,0.29555,0.29730999999999996,2956247.55570155,XRP/USD,Kraken
40089,2019-05-06 00:00:00+00:00,0.29730999999999996,0.30619,0.29164,0.3,7152601.8535006,XRP/USD,Kraken
40090,2019-05-07 00:00:00+00:00,0.3,0.304,0.29275,0.29363,6005565.95381635,XRP/USD,Kraken
40091,2019-05-08 00:00:00+00:00,0.29363,0.29889,0.29117,0.29705,3764900.53526995,XRP/USD,Kraken
40092,2019-05-09 00:00:00+00:00,0.29705,0.29971,0.29013,0.29309,4493483.40822229,XRP/USD,Kraken
40093,2019-05-10 00:00:00+00:00,0.29309,0.301,0.29035,0.29773,8215403.83711948,XRP/USD,Kraken
40094,2019-05-11 00:00:00+00:00,0.29766,0.34098,0.29721,0.32259,30138097.54861137,XRP/USD,Kraken
40095,2019-05-12 00:00:00+00:00,0.32221,0.3315,0.30206,0.31071,24405181.955876503,XRP/USD,Kraken
40096,2019-05-13 00:00:00+00:00,0.31071,0.3321,0.30772,0.3243,22830308.12043777,XRP/USD,Kraken
40097,2019-05-14 00:00:00+00:00,0.3244,0.42444,0.32299,0.40853,106138265.17464007,XRP/USD,Kraken
40098,2019-05-15 00:00:00+00:00,0.4082,0.469,0.4069,0.45943,57754273.60733251,XRP/USD,Kraken
40099,2019-05-16 00:00:00+00:00,0.45943,0.48,0.374,0.4201,56169017.27885085,XRP/USD,Kraken
40100,2019-05-17 00:00:00+00:00,0.4201,0.42496000000000006,0.358,0.39029,51337365.5746744,XRP/USD,Kraken
40101,2019-05-18 00:00:00+00:00,0.39029,0.395,0.36322,0.37213,14072445.97937109,XRP/USD,Kraken
40102,2019-05-19 00:00:00+00:00,0.37213,0.42968999999999996,0.37045,0.41877,27062031.60009328,XRP/USD,Kraken
40103,2019-05-20 00:00:00+00:00,0.41877,0.41877,0.38,0.3997,21528152.72001962,XRP/USD,Kraken
40104,2019-05-21 00:00:00+00:00,0.39971,0.40915,0.38772,0.39752,14145255.25420119,XRP/USD,Kraken
40105,2019-05-22 00:00:00+00:00,0.39752,0.41345,0.36471,0.3719,25533997.72627166,XRP/USD,Kraken
40106,2019-05-23 00:00:00+00:00,0.3719,0.38494,0.36116,0.38013,18878504.39713159,XRP/USD,Kraken
40107,2019-05-24 00:00:00+00:00,0.38013,0.3955,0.37155,0.384,18765927.57435953,XRP/USD,Kraken
40108,2019-05-25 00:00:00+00:00,0.384,0.39795,0.38228,0.38776,6947636.55719866,XRP/USD,Kraken
40109,2019-05-26 00:00:00+00:00,0.38776,0.41578000000000004,0.3763,0.41001000000000004,20469113.88282357,XRP/USD,Kraken
40110,2019-05-27 00:00:00+00:00,0.41001000000000004,0.44771000000000005,0.40638,0.43443000000000004,26979529.35733348,XRP/USD,Kraken
40111,2019-05-28 00:00:00+00:00,0.43443000000000004,0.46,0.39,0.44915,37765583.44685696,XRP/USD,Kraken
40112,2019-05-29 00:00:00+00:00,0.44915,0.45746000000000003,0.42028999999999994,0.44427,23728280.04082276,XRP/USD,Kraken
40113,2019-05-30 00:00:00+00:00,0.44427,0.478,0.4,0.41903,52307084.75687549,XRP/USD,Kraken
40114,2019-05-31 00:00:00+00:00,0.41903,0.44153000000000003,0.40613,0.43843999999999994,18623446.06580302,XRP/USD,Kraken
40115,2019-06-01 00:00:00+00:00,0.43843999999999994,0.44173,0.41738000000000003,0.42932,12679555.81242941,XRP/USD,Kraken
40116,2019-06-02 00:00:00+00:00,0.42932,0.44748999999999994,0.42845,0.44509,10286618.50391029,XRP/USD,Kraken
40117,2019-06-03 00:00:00+00:00,0.44509,0.46458999999999995,0.41721,0.41767,31565355.68656637,XRP/USD,Kraken
40118,2019-06-04 00:00:00+00:00,0.41767,0.4435,0.384,0.39746,34697902.4988128,XRP/USD,Kraken
40119,2019-06-05 00:00:00+00:00,0.39799999999999996,0.40601,0.38788,0.4009,19689991.65419738,XRP/USD,Kraken
40120,2019-06-06 00:00:00+00:00,0.4009,0.42691999999999997,0.3916,0.42031,24408149.4783713,XRP/USD,Kraken
40121,2019-06-07 00:00:00+00:00,0.42031,0.43200000000000005,0.41567,0.42086,15759383.71753306,XRP/USD,Kraken
40122,2019-06-08 00:00:00+00:00,0.42013,0.42281,0.40251,0.40838,8131255.73246753,XRP/USD,Kraken
40123,2019-06-09 00:00:00+00:00,0.40838,0.41148999999999997,0.36821,0.3854,23565170.11855544,XRP/USD,Kraken
40124,2019-06-10 00:00:00+00:00,0.3854,0.405,0.38021,0.40138,17769935.75394967,XRP/USD,Kraken
40125,2019-06-11 00:00:00+00:00,0.40138,0.40391,0.38318,0.39386,11618004.20487948,XRP/USD,Kraken
40126,2019-06-12 00:00:00+00:00,0.39386,0.40474,0.38863000000000003,0.4029,12209302.57338281,XRP/USD,Kraken
40127,2019-06-13 00:00:00+00:00,0.4029,0.41,0.3953,0.3997,9603370.15818195,XRP/USD,Kraken
40128,2019-06-14 00:00:00+00:00,0.3997,0.40571,0.39196,0.40394,10475628.36482271,XRP/USD,Kraken
40129,2019-06-15 00:00:00+00:00,0.40394,0.41413999999999995,0.40276,0.41103,7782489.015370099,XRP/USD,Kraken
40130,2019-06-16 00:00:00+00:00,0.41103,0.442,0.40852,0.429,24270501.98010642,XRP/USD,Kraken
40131,2019-06-17 00:00:00+00:00,0.429,0.46288999999999997,0.42675,0.44773999999999997,23040534.08377101,XRP/USD,Kraken
40132,2019-06-18 00:00:00+00:00,0.44773999999999997,0.45583,0.41744,0.42715,24719456.35630608,XRP/USD,Kraken
40133,2019-06-19 00:00:00+00:00,0.42741999999999997,0.43913,0.42439,0.43488999999999994,12028479.52526866,XRP/USD,Kraken
40134,2019-06-20 00:00:00+00:00,0.43488999999999994,0.43633999999999995,0.42127,0.42999,13429518.58405542,XRP/USD,Kraken
40135,2019-06-21 00:00:00+00:00,0.42999,0.45,0.42999,0.445,14234236.0991722,XRP/USD,Kraken
40136,2019-06-22 00:00:00+00:00,0.445,0.50861,0.4422,0.47403,37573977.54523619,XRP/USD,Kraken
40137,2019-06-23 00:00:00+00:00,0.47403,0.48832,0.45938999999999997,0.46612,17242252.80975206,XRP/USD,Kraken
40138,2019-06-24 00:00:00+00:00,0.46612,0.47426,0.4455,0.47236000000000006,16749279.96806795,XRP/USD,Kraken
40139,2019-06-25 00:00:00+00:00,0.47213,0.4751,0.45486000000000004,0.46612,19132418.48691047,XRP/USD,Kraken
40140,2019-06-26 00:00:00+00:00,0.46612,0.495,0.39,0.46268000000000004,52021474.75568698,XRP/USD,Kraken
40141,2019-06-27 00:00:00+00:00,0.46268000000000004,0.46734,0.38709,0.40413000000000004,62737342.24081093,XRP/USD,Kraken
40142,2019-06-28 00:00:00+00:00,0.40413000000000004,0.42517,0.3965,0.42468999999999996,18760444.08273885,XRP/USD,Kraken
40143,2019-06-29 00:00:00+00:00,0.42446000000000006,0.42743000000000003,0.4002,0.42477,18983295.38057956,XRP/USD,Kraken
40144,2019-06-30 00:00:00+00:00,0.42477,0.42698,0.39116,0.39216,13876872.15909889,XRP/USD,Kraken
40145,2019-07-01 00:00:00+00:00,0.39224000000000003,0.41891000000000006,0.385,0.405,18789019.35684012,XRP/USD,Kraken
40146,2019-07-02 00:00:00+00:00,0.405,0.4088,0.38132,0.39776,20038957.68887779,XRP/USD,Kraken
40147,2019-07-03 00:00:00+00:00,0.39776,0.40681999999999996,0.39504,0.40591,12868485.01536651,XRP/USD,Kraken
40148,2019-07-04 00:00:00+00:00,0.40591,0.40633,0.38574,0.38708000000000004,6820825.65473974,XRP/USD,Kraken
40149,2019-07-05 00:00:00+00:00,0.38708000000000004,0.38776,0.374,0.3794,15402373.65502387,XRP/USD,Kraken
40150,2019-07-06 00:00:00+00:00,0.3794,0.41083000000000003,0.3794,0.38923,12554515.80665315,XRP/USD,Kraken
40151,2019-07-07 00:00:00+00:00,0.38923,0.40126,0.38650999999999996,0.39899,8548138.95596745,XRP/USD,Kraken
40152,2019-07-08 00:00:00+00:00,0.39899,0.4047,0.39332,0.40276,8633046.27474351,XRP/USD,Kraken
40153,2019-07-09 00:00:00+00:00,0.40276,0.40791,0.39,0.39426,9163296.83163386,XRP/USD,Kraken
40154,2019-07-10 00:00:00+00:00,0.39426,0.3969,0.34600000000000003,0.36114,28440967.320878804,XRP/USD,Kraken
40155,2019-07-11 00:00:00+00:00,0.36114,0.36254000000000003,0.30303,0.32936,27788811.43835256,XRP/USD,Kraken
40156,2019-07-12 00:00:00+00:00,0.32913000000000003,0.35041,0.31922,0.3448,15413871.65550415,XRP/USD,Kraken
40157,2019-07-13 00:00:00+00:00,0.3448,0.34523000000000004,0.32400999999999996,0.33203,9793465.039040301,XRP/USD,Kraken
40158,2019-07-14 00:00:00+00:00,0.33226999999999995,0.33555,0.3,0.31506,12489415.33268622,XRP/USD,Kraken
40159,2019-07-15 00:00:00+00:00,0.31506,0.32361999999999996,0.29566,0.31378,18132742.95310639,XRP/USD,Kraken
40160,2019-07-16 00:00:00+00:00,0.31378,0.32032,0.2835,0.2951,19553537.28846236,XRP/USD,Kraken
40161,2019-07-17 00:00:00+00:00,0.2951,0.32487,0.29344000000000003,0.31029,13439936.085392099,XRP/USD,Kraken
40162,2019-07-18 00:00:00+00:00,0.31029,0.32734,0.30372,0.32098000000000004,13462992.39775066,XRP/USD,Kraken
40163,2019-07-19 00:00:00+00:00,0.32098000000000004,0.32287,0.31,0.32022,12162270.82281798,XRP/USD,Kraken
40164,2019-07-20 00:00:00+00:00,0.32022,0.34189,0.31916,0.33349,11019910.51604021,XRP/USD,Kraken
40165,2019-07-21 00:00:00+00:00,0.33349,0.33552,0.32142,0.33127,17175797.871440303,XRP/USD,Kraken
40166,2019-07-22 00:00:00+00:00,0.33127,0.33242,0.31551,0.32086,7349218.23086333,XRP/USD,Kraken
40167,2019-07-23 00:00:00+00:00,0.32086,0.32086,0.3058,0.30784,8161498.54480805,XRP/USD,Kraken
40168,2019-07-24 00:00:00+00:00,0.30784,0.3185,0.30276,0.31611,8728233.83636619,XRP/USD,Kraken
40169,2019-07-25 00:00:00+00:00,0.31611,0.32386,0.31156,0.31269,10516601.23351119,XRP/USD,Kraken
