Date,Open,High,Low,Last,Change,Settle,Volume,Previous Day Open Interest,Lagged_Return
2014-02-20,100.78,100.78,100.78,100.78,0.05,100.78,15.0,12833.0,0.3183762809670698
2014-02-21,100.61,100.61,100.61,100.61,0.17,100.61,0.0,12833.0,-0.04958841614598475
2014-02-24,100.77,100.77,100.77,100.77,0.16,100.77,6.0,12833.0,-0.16868426275055137
2014-02-25,100.57,100.57,100.57,100.57,0.2,100.57,81.0,12827.0,0.15902991750322837
2014-02-26,100.69,100.69,100.69,100.69,0.12,100.69,0.0,12776.0,-0.19847176739109518
2014-02-27,100.67,100.67,100.67,100.67,0.02,100.67,0.0,12776.0,0.11931987670279476
2014-02-28,100.68,100.68,100.68,100.68,0.01,100.68,0.0,12776.0,-0.01986294567484226
2014-03-03,104.69,104.69,104.69,104.69,2.33,104.69,760.0,11171.0,0.009933445912402306
2014-03-04,103.19,103.19,103.19,103.19,1.5,103.19,221.0,11200.0,3.9829161700436932
2014-03-05,101.51,101.51,101.51,101.51,1.68,101.51,108.0,11201.0,-1.432801604737799
2014-03-06,101.62,101.62,101.62,101.62,0.11,101.62,0.0,11186.0,-1.628064734954926
2014-03-07,102.43,102.43,102.43,102.43,0.81,102.43,80.0,11186.0,0.1083637080090627
2014-03-10,101.34,101.34,101.34,101.34,1.09,101.34,0.0,11186.0,0.7970871875615071
2014-03-11,100.59,100.59,100.59,100.59,0.75,100.59,22.0,11186.0,-1.0641413648345255
2014-03-12,99.27,99.27,99.27,99.27,1.32,99.27,62.0,11186.0,-0.7400828892835998
2014-03-13,99.42,99.42,99.42,99.42,0.15,99.42,71.0,11186.0,-1.3122576796898322
2014-03-14,99.79,99.79,99.79,99.79,0.37,99.79,32.0,11186.0,0.15110305228165366
2014-03-17,99.32,99.32,99.32,99.32,0.47,99.32,0.0,11186.0,0.3721585194125909
2014-03-18,99.97,99.97,99.97,99.97,0.65,99.97,69.0,11186.0,-0.47098907706184523
2014-03-19,100.13,100.13,100.13,100.13,0.16,100.13,0.0,11186.0,0.654450261780104
2014-03-20,100.0,100.0,100.0,100.0,0.13,100.0,0.0,11186.0,0.1600480144043237
2014-03-21,100.18,100.18,100.18,100.18,0.18,100.18,0.0,11186.0,-0.1298312194147555
2014-03-24,100.22,100.22,100.22,100.22,0.04,100.22,0.0,11186.0,0.18000000000000238
2014-03-25,100.13,100.13,100.13,100.13,0.09,100.13,10.0,11186.0,0.03992812936712831
2014-03-26,100.33,100.33,100.33,100.33,0.2,100.33,0.0,11176.0,-0.08980243464378201
2014-03-27,100.48,100.48,100.48,100.48,0.15,100.48,15.0,11176.0,0.1997403375611828
2014-03-28,100.51,100.51,100.51,100.51,0.03,100.51,0.0,11176.0,0.14950662812718285
2014-03-31,101.36,101.36,101.36,101.36,0.09,101.36,163.0,12483.0,0.02985668789809992
2014-04-01,99.54,99.54,99.54,99.54,1.82,99.54,380.0,12380.0,0.845686996318773
2014-04-02,99.42,99.42,99.42,99.42,0.12,99.42,409.0,12010.0,-1.7955801104972302
2014-04-03,100.04,100.04,100.04,100.04,0.62,100.04,16.0,11601.0,-0.12055455093430423
2014-04-04,100.77,100.77,100.77,100.77,0.73,100.77,32.0,11594.0,0.62361697847515
2014-04-07,100.21,100.21,100.21,100.21,0.56,100.21,16.0,11562.0,0.7297081167532804
2014-04-08,101.79,101.79,101.79,101.79,1.58,101.79,360.0,11578.0,-0.5557209486950487
2014-04-09,102.48,102.48,102.48,102.48,0.69,102.48,50.0,11548.0,1.5766889531982908
2014-04-10,102.33,102.33,102.33,102.33,0.15,102.33,40.0,11558.0,0.6778661951075682
2014-04-11,102.51,102.51,102.51,102.51,0.18,102.51,10.0,11568.0,-0.14637002341920669
2014-04-14,102.77,102.77,102.77,102.77,0.26,102.77,0.0,11568.0,0.17590149516271136
2014-04-15,102.63,102.63,102.63,102.63,0.14,102.63,19.0,11568.0,0.25363379182516965
2014-04-16,102.65,102.65,102.65,102.65,0.02,102.65,0.0,11577.0,-0.13622652525056012
2014-04-17,102.82,102.82,102.82,102.82,0.17,102.82,20.0,11577.0,0.019487479294566512
2014-04-21,102.91,102.91,102.91,102.91,0.09,102.91,10.0,11577.0,0.165611300535784
2014-04-22,102.26,102.26,102.26,102.26,0.65,102.26,0.0,11577.0,0.0875316086364597
2014-04-23,102.17,102.17,102.17,102.17,0.09,102.17,28.0,11577.0,-0.6316198620153424
2014-04-24,102.29,102.29,102.29,102.29,0.12,102.29,0.0,11577.0,-0.08801095247409352
2014-04-25,102.03,102.03,102.03,102.03,0.26,102.03,32.0,11577.0,0.11745130664579939
2014-04-28,102.07,102.07,102.07,102.07,0.04,102.07,0.0,11609.0,-0.2541792941636589
2014-04-29,102.11,102.11,102.11,102.11,0.04,102.11,0.0,11609.0,0.03920415564049318
2014-04-30,99.53,99.53,99.53,99.53,1.52,99.53,566.0,11835.0,0.03918879200548453
2014-05-01,99.2,99.2,99.2,99.2,0.33,99.2,461.0,11805.0,-2.526686906277542
2014-05-02,99.5,99.5,99.5,99.5,0.3,99.5,0.0,11944.0,-0.33155832412338215
2014-05-05,99.24,99.24,99.24,99.24,0.26,99.24,6.0,11944.0,0.3024193548387011
2014-05-06,99.22,99.22,99.22,99.22,0.02,99.22,17.0,11938.0,-0.26130653266331905
2014-05-07,100.27,100.27,100.27,100.27,1.05,100.27,82.0,11938.0,-0.02015316404675449
2014-05-08,99.91,99.91,99.91,99.91,0.36,99.91,100.0,11856.0,1.058254384196733
2014-05-09,99.73,99.73,99.73,99.73,0.18,99.73,84.0,11756.0,-0.3590306173332003
2014-05-12,100.14,100.14,100.14,100.14,0.41,100.14,5.0,11706.0,-0.1801621459313285
2014-05-13,100.82,100.82,100.82,100.82,0.68,100.82,0.0,11701.0,0.41110999699187634
2014-05-14,101.21,101.21,101.21,101.21,0.39,101.21,17.0,11701.0,0.6790493309366763
2014-05-15,100.85,100.85,100.85,100.85,0.36,100.85,13.0,11684.0,0.3868280103154209
2014-05-16,101.07,101.07,101.07,101.07,0.22,101.07,31.0,11671.0,-0.35569607746269716
2014-05-19,101.3,101.3,101.3,101.3,0.23,101.3,23.0,11640.0,0.21814576103122985
2014-05-20,101.37,101.37,101.37,101.37,0.07,101.37,181.0,11663.0,0.22756505392302895
2014-05-21,101.95,101.95,101.95,101.95,0.58,101.95,0.0,11782.0,0.06910167818361401
2014-05-22,101.85,101.85,101.85,101.85,0.1,101.85,0.0,11782.0,0.572161388971093
2014-05-23,102.0,102.0,102.0,102.0,0.15,102.0,86.0,11782.0,-0.09808729769495983
2014-05-27,101.95,101.95,101.95,101.95,0.05,101.95,13.0,11696.0,0.14727540500736325
2014-05-28,101.75,101.75,101.75,101.75,0.2,101.75,0.0,11683.0,-0.04901960784313708
2014-05-29,101.84,101.84,101.84,101.84,0.09,101.84,590.0,11683.0,-0.19617459538989745
2014-05-30,102.5,102.5,102.5,102.5,0.85,102.5,750.0,9932.0,0.08845208845209562
2014-06-02,102.28,102.28,102.28,102.28,0.22,102.28,223.0,10208.0,0.6480754124116306
2014-06-03,102.45,102.45,102.45,102.45,0.17,102.45,154.0,10189.0,-0.2146341463414636
2014-06-04,102.43,102.43,102.43,102.43,0.02,102.43,95.0,10176.0,0.1662104028157918
2014-06-05,102.3,102.3,102.3,102.3,0.13,102.3,853.0,10081.0,-0.019521717911175074
2014-06-06,102.44,102.44,102.44,102.44,0.14,102.44,0.0,10884.0,-0.12691594259495176
2014-06-09,103.74,103.74,103.74,103.74,1.3,103.74,32.0,10884.0,0.1368523949169198
2014-06-10,103.69,103.69,103.69,103.69,0.05,103.69,100.0,10852.0,1.269035532994911
2014-06-11,103.74,103.74,103.74,103.74,0.05,103.74,0.0,10752.0,-0.048197416618467326
2014-06-12,105.07,105.07,105.07,105.07,1.33,105.07,119.0,10752.0,0.048220657729758365
2014-06-13,105.29,105.29,105.29,105.29,0.22,105.29,0.0,10633.0,1.2820512820512775
2014-06-16,105.32,105.32,105.32,105.32,0.03,105.32,261.0,10633.0,0.20938422004379564
2014-06-17,105.1,105.1,105.1,105.1,0.22,105.1,0.0,10627.0,0.028492734352725257
2014-06-18,104.96,104.96,104.96,104.96,0.14,104.96,0.0,10627.0,-0.2088872009115117
2014-06-19,105.14,105.14,105.14,105.14,0.18,105.14,0.0,10627.0,-0.13320647002854624
2014-06-20,105.4,105.4,105.4,105.4,0.26,105.4,0.0,10627.0,0.17149390243902385
2014-06-23,105.21,105.21,105.21,105.21,0.19,105.21,31.0,10627.0,0.24728932851436625
2014-06-24,105.18,105.18,105.18,105.18,0.03,105.18,0.0,10658.0,-0.18026565464897004
2014-06-25,105.27,105.27,105.27,105.27,0.09,105.27,37.0,10658.0,-0.028514399771872867
2014-06-26,105.17,105.17,105.17,105.17,0.1,105.17,100.0,10695.0,0.08556759840272488
2014-06-27,105.16,105.16,105.16,105.16,0.01,105.16,0.0,10695.0,-0.09499382540134604
2014-06-30,105.17,105.17,105.17,105.17,0.35,105.17,1316.0,10687.0,-0.009508414947234645
2014-07-01,105.15,105.15,105.15,105.15,0.02,105.15,332.0,11105.0,0.009509319132749994
2014-07-02,104.34,104.34,104.34,104.34,0.81,104.34,12.0,11032.0,-0.019016829894458187
2014-07-03,103.96,103.96,103.96,103.96,0.38,103.96,32.0,11044.0,-0.7703281027104159
2014-07-07,103.52,103.52,103.52,103.52,0.44,103.52,1128.0,11076.0,-0.36419398121526614
2014-07-08,103.38,103.38,103.38,103.38,0.14,103.38,113.0,10756.0,-0.42323970757983664
2014-07-09,102.54,102.54,102.54,102.54,0.84,102.54,100.0,10756.0,-0.1352395672333806
2014-07-10,103.01,103.01,103.01,103.01,0.47,103.01,0.0,10777.0,-0.8125362739407893
2014-07-11,101.58,101.58,101.58,101.58,1.43,101.58,0.0,10777.0,0.4583577140627959
2014-07-14,101.66,101.66,101.66,101.66,0.08,101.66,1142.0,10777.0,-1.3882147364333575
2014-07-15,101.1,101.1,101.1,101.1,0.56,101.1,150.0,11170.0,0.07875566056310124
2014-07-16,101.72,101.72,101.72,101.72,0.62,101.72,95.0,11110.0,-0.5508557938225467
2014-07-17,102.6,102.6,102.6,102.6,0.88,102.6,50.0,11173.0,0.6132542037586619
2014-07-18,102.51,102.51,102.51,102.51,0.09,102.51,9.0,11223.0,0.8651199370821816
2014-07-21,102.93,102.93,102.93,102.93,0.42,102.93,0.0,11223.0,-0.0877192982456032
2014-07-22,102.77,102.77,102.77,102.77,0.16,102.77,0.0,11223.0,0.4097161252560655
2014-07-23,103.0,103.0,103.0,103.0,0.23,103.0,0.0,11223.0,-0.15544544836297858
2014-07-24,102.72,102.72,102.72,102.72,0.28,102.72,0.0,11223.0,0.22380072005450113
2014-07-28,102.65,102.65,102.65,102.65,0.07,102.65,0.0,11223.0,0.0
2014-07-29,102.55,102.55,102.55,102.55,0.1,102.55,0.0,11223.0,-0.06814641744548044
2014-07-30,102.49,102.49,102.49,102.49,0.06,102.49,0.0,11223.0,-0.097418412079886
2014-07-31,97.89,97.89,97.89,97.89,1.97,97.89,579.0,9963.0,-0.05850804485616479
2014-08-01,97.57,97.57,97.57,97.57,0.32,97.57,151.0,10161.0,-4.48824275539077
2014-08-04,97.96,97.96,97.96,97.96,0.39,97.96,0.0,10072.0,-0.3268975380529282
2014-08-05,97.18,97.18,97.18,97.18,0.78,97.18,0.0,10072.0,0.3997130265450455
2014-08-06,96.83,96.83,96.83,96.83,0.35,96.83,13.0,10072.0,-0.7962433646386158
2014-08-07,97.18,97.18,97.18,97.18,0.35,97.18,959.0,10072.0,-0.3601564107841182
2014-08-08,97.36,97.36,97.36,97.36,0.18,97.36,0.0,9715.0,0.36145822575648356
2014-08-11,97.65,97.65,97.65,97.65,0.29,97.65,0.0,9715.0,0.1852232969746792
2014-08-12,97.17,97.17,97.17,97.17,0.48,97.17,0.0,9715.0,0.2978635990139811
2014-08-13,97.32,97.32,97.32,97.32,0.15,97.32,10.0,9715.0,-0.4915514592933934
2014-08-14,95.95,95.95,95.95,95.95,1.37,95.95,98.0,9725.0,0.15436863229389974
2014-08-15,96.7,96.7,96.7,96.7,0.75,96.7,0.0,9653.0,-1.4077270859021662
2014-08-18,96.04,96.04,96.04,96.04,0.66,96.04,15.0,9653.0,0.7816571130797367
2014-08-19,95.56,95.56,95.56,95.56,0.48,95.56,20.0,9638.0,-0.682523267838675
2014-08-20,95.84,95.84,95.84,95.84,0.28,95.84,0.0,9618.0,-0.49979175343607407
2014-08-21,96.01,96.01,96.01,96.01,0.17,96.01,0.0,9618.0,0.29300962745919534
2014-08-22,95.92,95.92,95.92,95.92,0.09,95.92,52.0,9618.0,0.1773789649415658
2014-08-25,95.85,95.85,95.85,95.85,0.07,95.85,125.0,9670.0,-0.09374023539214793
2014-08-26,95.94,95.94,95.94,95.94,0.09,95.94,0.0,9545.0,-0.07297748123437087
2014-08-27,95.95,95.95,95.95,95.95,0.01,95.95,0.0,9545.0,0.09389671361501595
2014-08-28,96.01,96.01,96.01,96.01,0.06,96.01,95.0,9545.0,0.010423181154894934
2014-08-29,95.69,95.69,95.69,95.69,1.35,95.69,191.0,10913.0,0.06253256904638071
2014-09-02,92.66,92.66,92.66,92.66,3.03,92.66,1544.0,10744.0,-0.33329861472763955
2014-09-03,95.17,95.17,95.17,95.17,2.51,95.17,226.0,10248.0,-3.166475075765496
2014-09-04,94.22,94.22,94.22,94.22,0.95,94.22,66.0,10348.0,2.7088279732354836
2014-09-05,93.27,93.27,93.27,93.27,0.95,93.27,131.0,10345.0,-0.9982137228118138
2014-09-08,92.75,92.75,92.75,92.75,0.52,92.75,91.0,10339.0,-1.008278497134374
2014-09-10,91.98,91.98,91.98,91.98,0.77,91.98,0.0,10492.0,0.0
2014-09-11,92.72,92.72,92.72,92.72,0.74,92.72,5.0,10492.0,-0.8301886792452806
2014-09-12,92.39,92.39,92.39,92.39,0.33,92.39,0.0,10497.0,0.8045227223309359
2014-09-15,92.75,92.75,92.75,92.75,0.36,92.75,6.0,10497.0,-0.3559102674719594
2014-09-16,93.74,93.74,93.74,93.74,0.99,93.74,15.0,10497.0,0.3896525598008349
2014-09-17,93.48,93.48,93.48,93.48,0.26,93.48,0.0,10497.0,1.0673854447439401
2014-09-18,92.94,92.94,92.94,92.94,0.54,92.94,16.0,10497.0,-0.27736291871132135
2014-09-19,92.78,92.78,92.78,92.78,0.16,92.78,7.0,10497.0,-0.5776636713735628
2014-09-22,92.51,92.51,92.51,92.51,0.27,92.51,18.0,10497.0,-0.17215407789971104
2014-09-23,92.71,92.71,92.71,92.71,0.2,92.71,0.0,10487.0,-0.2910109937486527
2014-09-24,93.01,93.01,93.01,93.01,0.3,93.01,0.0,10487.0,0.21619284401686034
2014-09-25,92.95,92.95,92.95,92.95,0.06,92.95,0.0,10487.0,0.3235896882752831
2014-09-26,93.1,93.1,93.1,93.1,0.15,93.1,0.0,10487.0,-0.06450919255994725
2014-09-29,93.2,93.2,93.2,93.2,0.1,93.2,62.0,10487.0,0.16137708445400634
2014-09-30,90.85,90.85,90.85,90.85,3.34,90.85,407.0,12702.0,0.10741138560688146
2014-10-01,90.39,90.39,90.39,90.39,0.46,90.39,296.0,12818.0,-2.521459227467815
2014-10-02,90.6,90.6,90.6,90.6,0.21,90.6,9.0,12748.0,-0.5063291139240422
2014-10-03,89.47,89.47,89.47,89.47,1.13,89.47,206.0,12757.0,0.23232658479919177
2014-10-06,90.01,90.01,90.01,90.01,0.54,90.01,0.0,12591.0,-1.2472406181015416
2014-10-07,88.83,88.83,88.83,88.83,1.18,88.83,5.0,12591.0,0.6035542639991176
2014-10-08,87.67,87.67,87.67,87.67,1.16,87.67,15.0,12596.0,-1.3109654482835298
2014-10-09,86.54,86.54,86.54,86.54,1.13,86.54,0.0,12581.0,-1.305865135652362
2014-10-10,86.57,86.57,86.57,86.57,0.03,86.57,1451.0,12581.0,-1.2889243754990232
2014-10-13,86.5,86.5,86.5,86.5,0.07,86.5,0.0,13294.0,0.03466605038131565
2014-10-14,84.17,84.17,84.17,84.17,2.33,84.17,101.0,13294.0,-0.08085942012243663
2014-10-15,84.07,84.07,84.07,84.07,0.1,84.07,101.0,13193.0,-2.6936416184971113
2014-10-16,84.58,84.58,84.58,84.58,0.51,84.58,10.0,13294.0,-0.11880717595343926
2014-10-17,84.62,84.62,84.62,84.62,0.04,84.62,142.0,13284.0,0.6066373260378288
2014-10-20,84.57,84.57,84.57,84.57,0.05,84.57,0.0,13298.0,0.047292504138107816
2014-10-21,84.77,84.77,84.77,84.77,0.2,84.77,0.0,13298.0,-0.059087686126224614
2014-10-22,84.09,84.09,84.09,84.09,0.68,84.09,79.0,13298.0,0.23649048125813366
2014-10-23,84.57,84.57,84.57,84.57,0.48,84.57,8.0,13219.0,-0.8021705792143341
2014-10-24,84.29,84.29,84.29,84.29,0.28,84.29,0.0,13227.0,0.5708169818051889
2014-10-27,84.28,84.28,84.28,84.28,0.01,84.28,0.0,13227.0,-0.3310866737613605
2014-10-28,84.36,84.36,84.36,84.36,0.08,84.36,41.0,13227.0,-0.011863803535416828
2014-10-29,84.46,84.46,84.46,84.46,0.1,84.46,83.0,13227.0,0.09492168960607561
2014-10-30,84.36,84.36,84.36,84.36,0.1,84.36,0.0,13206.0,0.11853959222378752
2014-10-31,80.51,80.51,80.51,80.51,0.55,80.51,757.0,13149.0,-0.11839924224483767
2014-11-03,78.8,78.8,78.8,78.8,1.71,78.8,151.0,12839.0,-4.563774300616396
2014-11-04,77.27,77.27,77.27,77.27,1.53,77.27,289.0,12950.0,-2.1239597565519963
2014-11-05,78.59,78.59,78.59,78.59,1.32,78.59,645.0,13124.0,-1.9416243654822307
2014-11-06,77.95,77.95,77.95,77.95,0.64,77.95,9.0,13124.0,1.7082955869030858
2014-11-07,78.53,78.53,78.53,78.53,0.58,78.53,205.0,13124.0,-0.814352971115917
2014-11-10,77.62,77.62,77.62,77.62,0.91,77.62,1311.0,13024.0,0.7440667094291253
2014-11-11,77.97,77.97,77.97,77.97,0.35,77.97,0.0,12725.0,-1.1587928180313178
2014-11-12,77.5,77.5,77.5,77.5,0.47,77.5,0.0,12725.0,0.45091471270291006
2014-11-13,75.78,75.78,75.78,75.78,1.72,75.78,0.0,12725.0,-0.6027959471591626
2014-11-14,76.64,76.64,76.64,76.64,0.86,76.64,0.0,12725.0,-2.219354838709675
2014-11-17,76.56,76.56,76.56,76.56,0.08,76.56,0.0,12725.0,1.1348640802322452
2014-11-18,76.13,76.13,76.13,76.13,0.43,76.13,0.0,12725.0,-0.10438413361169019
2014-11-19,76.09,76.09,76.09,76.09,0.04,76.09,65.0,12725.0,-0.5616509926854807
2014-11-20,76.5,76.5,76.5,76.5,0.41,76.5,75.0,12680.0,-0.05254170497831501
2014-11-21,76.67,76.67,76.67,76.67,0.17,76.67,50.0,12685.0,0.5388355894335506
2014-11-24,76.52,76.52,76.52,76.52,0.15,76.52,0.0,12706.0,0.22222222222223476
2014-11-25,76.25,76.25,76.25,76.25,0.27,76.25,15.0,12706.0,-0.195643667666634
2014-11-26,76.21,76.21,76.21,76.21,0.04,76.21,18.0,12706.0,-0.35284892838473025
2014-11-28,66.19,66.19,66.19,66.19,7.52,66.19,263.0,16945.0,-0.052459016393446856
2014-12-01,69.03,69.03,69.03,69.03,2.84,69.03,239.0,15524.0,-13.147880855530769
2014-12-02,67.01,67.01,67.01,67.01,2.02,67.01,20.0,15560.0,4.290678350203958
2014-12-03,67.46,67.46,67.46,67.46,0.45,67.46,153.0,15555.0,-2.926263943213092
2014-12-04,66.97,66.97,66.97,66.97,0.49,66.97,105.0,15505.0,0.6715415609610309
2014-12-05,66.18,66.18,66.18,66.18,0.79,66.18,42.0,15416.0,-0.7263563593240319
2014-12-08,64.04,64.04,64.04,64.04,2.14,64.04,0.0,15388.0,-1.1796326713453653
2014-12-09,64.6,64.6,64.6,64.6,0.56,64.6,28.0,15388.0,-3.233605318827437
2014-12-10,62.66,62.66,62.66,62.66,1.94,62.66,0.0,15388.0,0.8744534665833692
2014-12-11,62.03,62.03,62.03,62.03,0.63,62.03,30.0,15388.0,-3.003095975232195
2014-12-12,60.78,60.78,60.78,60.78,1.25,60.78,0.0,15373.0,-1.0054261091605454
2014-12-15,59.77,59.77,59.77,59.77,1.01,59.77,0.0,15373.0,-2.0151539577623723
2014-12-17,60.01,60.01,60.01,60.01,0.24,60.01,26.0,15373.0,0.0
2014-12-18,59.02,59.02,59.02,59.02,0.99,59.02,0.0,15353.0,0.4015392337292978
2014-12-19,60.02,60.02,60.02,60.02,1.0,60.02,40.0,15353.0,-1.6497250458256896
2014-12-22,59.42,59.42,59.42,59.42,0.6,59.42,0.0,15333.0,1.6943409013893573
2014-12-23,59.93,59.93,59.93,59.93,0.51,59.93,25.0,15333.0,-0.9996667777407597
2014-12-24,59.64,59.64,59.64,59.64,0.29,59.64,0.0,15318.0,0.8582968697408155
2014-12-26,59.43,59.43,59.43,59.43,0.21,59.43,0.0,15318.0,-0.48389788086100616
2014-12-29,53.78,53.78,53.78,53.78,1.11,53.78,75.0,7425.0,-0.35211267605633756
2015-01-02,52.86,52.86,52.86,52.86,0.58,52.86,113.0,7478.0,-9.506983005216219
2015-01-05,50.36,50.36,50.36,50.36,2.5,50.36,85.0,7478.0,-1.7106731126812935
2015-01-06,48.49,48.49,48.49,48.49,1.87,48.49,13.0,7478.0,-4.7294740824820325
2015-01-07,49.06,49.06,49.06,49.06,0.57,49.06,14.0,7478.0,-3.713264495631452
2015-01-08,49.19,49.19,49.19,49.19,0.13,49.19,329.0,7478.0,1.1755001031140466
2015-01-09,48.93,48.93,48.93,48.93,0.26,48.93,0.0,7328.0,0.2649816551161699
2015-01-12,47.35,47.35,47.35,47.35,1.58,47.35,100.0,7328.0,-0.5285627159991813
2015-01-13,47.2,47.2,47.2,47.2,0.15,47.2,14.0,7428.0,-3.2291027999182487
2015-01-14,48.7,48.7,48.7,48.7,1.5,48.7,72.0,7428.0,-0.31678986272438703
2015-01-15,47.47,47.47,47.47,47.47,1.23,47.47,0.0,7418.0,3.177966101694918
2015-01-16,48.68,48.68,48.68,48.68,1.21,48.68,70.0,7418.0,-2.525667351129368
2015-01-20,47.5,47.5,47.5,47.5,1.18,47.5,39.0,7383.0,2.548978302085536
2015-01-21,48.02,48.02,48.02,48.02,0.52,48.02,91.0,7393.0,-2.423993426458504
2015-01-22,47.51,47.51,47.51,47.51,0.51,47.51,0.0,7371.0,1.0947368421052595
2015-01-23,47.29,47.29,47.29,47.29,0.22,47.29,44.0,7371.0,-1.0620574760516588
2015-01-26,47.18,47.18,47.18,47.18,0.11,47.18,16.0,7371.0,-0.4630604083350809
2015-01-27,47.4,47.4,47.4,47.4,0.22,47.4,15.0,7371.0,-0.2326073165574094
2015-01-29,47.14,47.14,47.14,47.14,0.01,47.14,0.0,7371.0,0.4662992793556642
2015-01-30,48.44,48.44,48.44,48.44,3.71,48.44,264.0,11019.0,-0.5485232067510504
2015-02-02,49.8,49.8,49.8,49.8,1.36,49.8,1640.0,11209.0,2.7577428935086967
2015-02-03,53.08,53.08,53.08,53.08,3.28,53.08,25.0,11671.0,2.807597027250197
2015-02-04,48.97,48.97,48.97,48.97,4.11,48.97,4740.0,11671.0,6.586345381526115
2015-02-05,50.68,50.68,50.68,50.68,1.71,50.68,100.0,12499.0,-7.743029389600597
2015-02-06,51.63,51.63,51.63,51.63,0.95,51.63,115.0,12499.0,3.491933837043093
2015-02-09,52.49,52.49,52.49,52.49,0.86,52.49,20.0,12484.0,1.8745067087608591
2015-02-10,50.57,50.57,50.57,50.57,1.92,50.57,0.0,12464.0,1.6656982374588347
2015-02-11,49.84,49.84,49.84,49.84,0.73,49.84,5.0,12464.0,-3.6578395884930504
2015-02-12,51.21,51.21,51.21,51.21,1.37,51.21,50.0,12464.0,-1.4435436029266335
2015-02-13,52.02,52.02,52.02,52.02,0.81,52.02,16.0,12439.0,2.7487961476725387
2015-02-17,52.34,52.34,52.34,52.34,0.32,52.34,0.0,12439.0,1.5817223198594021
2015-02-18,51.74,51.74,51.74,51.74,0.6,51.74,169.0,12439.0,0.6151480199923176
2015-02-19,51.37,51.37,51.37,51.37,0.37,51.37,47.0,12594.0,-1.1463507833397002
2015-02-20,51.06,51.06,51.06,51.06,0.31,51.06,0.0,12564.0,-0.7151140316969506
2015-02-23,50.7,50.7,50.7,50.7,0.36,50.7,0.0,12564.0,-0.6034650574264999
2015-02-24,50.67,50.67,50.67,50.67,0.03,50.67,0.0,12564.0,-0.7050528789659172
2015-02-25,50.94,50.94,50.94,50.94,0.27,50.94,125.0,12564.0,-0.059171597633134176
2015-02-26,50.64,50.64,50.64,50.64,0.3,50.64,0.0,12564.0,0.5328596802841812
2015-02-27,50.52,50.52,50.52,50.52,1.64,50.52,616.0,10193.0,-0.5889281507655997
2015-03-02,50.2,50.2,50.2,50.2,0.32,50.2,723.0,10197.0,-0.23696682464454666
2015-03-03,51.11,51.11,51.11,51.11,0.91,51.11,198.0,10561.0,-0.6334125098970689
2015-03-04,51.94,51.94,51.94,51.94,0.83,51.94,547.0,10594.0,1.8127490039840488
2015-03-05,51.3,51.3,51.3,51.3,0.64,51.3,6.0,10169.0,1.6239483467031857
2015-03-06,50.38,50.38,50.38,50.38,0.92,50.38,72.0,10169.0,-1.2321909896033878
2015-03-09,50.62,50.62,50.62,50.62,0.24,50.62,0.0,10232.0,-1.7933723196881024
2015-03-10,49.41,49.41,49.41,49.41,1.21,49.41,9.0,10232.0,0.4763795156808248
2015-03-11,49.35,49.35,49.35,49.35,0.06,49.35,63.0,10232.0,-2.390359541683129
2015-03-12,48.72,48.72,48.72,48.72,0.63,48.72,0.0,10295.0,-0.12143290831814202
2015-03-13,47.45,47.45,47.45,47.45,1.27,47.45,300.0,10295.0,-1.276595744680853
2015-03-16,46.94,46.94,46.94,46.94,0.51,46.94,0.0,10280.0,-2.606732348111651
2015-03-17,46.56,46.56,46.56,46.56,0.38,46.56,0.0,10280.0,-1.074815595363554
2015-03-18,47.19,47.19,47.19,47.19,0.63,47.19,266.0,10280.0,-0.8095440988495906
2015-03-19,46.77,46.77,46.77,46.77,0.42,46.77,10.0,10240.0,1.3530927835051498
2015-03-20,47.18,47.18,47.18,47.18,0.41,47.18,50.0,10230.0,-0.8900190718372447
2015-03-23,47.46,47.46,47.46,47.46,0.28,47.46,40.0,10205.0,0.8766303185802737
2015-03-24,47.48,47.48,47.48,47.48,0.02,47.48,400.0,10185.0,0.5934718100890191
2015-03-25,47.87,47.87,47.87,47.87,0.39,47.87,30.0,10136.0,0.04214075010533502
2015-03-26,48.27,48.27,48.27,48.27,0.4,48.27,242.0,10136.0,0.8213984835720334
2015-03-27,47.92,47.92,47.92,47.92,0.35,47.92,0.0,10378.0,0.8355964069354682
2015-03-30,47.9,47.9,47.9,47.9,0.02,47.9,0.0,10378.0,-0.725088046405642
2015-03-31,47.85,47.85,47.85,47.85,0.05,47.85,0.0,10378.0,-0.04173622704508606
2015-04-01,50.64,50.64,50.64,50.64,2.46,50.64,389.0,9515.0,-0.10438413361169019
2015-04-02,49.67,49.67,49.67,49.67,0.97,49.67,0.0,9596.0,5.830721003134798
2015-04-06,52.38,52.38,52.38,52.38,2.71,52.38,9.0,9596.0,-1.915481832543442
2015-04-07,53.89,53.89,53.89,53.89,1.51,53.89,120.0,9605.0,5.456009663780947
2015-04-08,51.08,51.08,51.08,51.08,2.81,51.08,131.0,9605.0,2.882779686903403
2015-04-09,51.44,51.44,51.44,51.44,0.36,51.44,179.0,9636.0,-5.214325477825199
2015-04-10,52.11,52.11,52.11,52.11,0.67,52.11,8.0,9735.0,0.7047768206734473
2015-04-13,52.27,52.27,52.27,52.27,0.16,52.27,139.0,9743.0,1.3024883359253447
2015-04-14,53.04,53.04,53.04,53.04,0.77,53.04,122.0,9604.0,0.30704279408944046
2015-04-15,54.72,54.72,54.72,54.72,1.68,54.72,30.0,9574.0,1.4731203367132073
2015-04-16,54.92,54.92,54.92,54.92,0.2,54.92,25.0,9559.0,3.1674208144796268
2015-04-17,54.52,54.52,54.52,54.52,0.4,54.52,30.0,9578.0,0.3654970760234022
2015-04-20,54.77,54.77,54.77,54.77,0.25,54.77,87.0,9578.0,-0.728332119446462
2015-04-21,54.29,54.29,54.29,54.29,0.48,54.29,0.0,9636.0,0.4585473220836356
2015-04-22,54.14,54.14,54.14,54.14,0.15,54.14,0.0,9636.0,-0.8763921855030166
2015-04-23,54.59,54.59,54.59,54.59,0.45,54.59,14.0,9636.0,-0.2762939767913086
2015-04-24,54.45,54.45,54.45,54.45,0.14,54.45,0.0,9650.0,0.8311784263021815
2015-04-27,54.42,54.42,54.42,54.42,0.03,54.42,12.0,9650.0,-0.2564572265982834
2015-04-28,54.43,54.43,54.43,54.43,0.01,54.43,6.0,9662.0,-0.055096418732780705
2015-04-29,54.58,54.58,54.58,54.58,0.15,54.58,627.0,9662.0,0.018375597206898853
2015-04-30,60.01,60.01,60.01,60.01,0.98,60.01,829.0,8899.0,0.2755833180231537
2015-05-01,59.57,59.57,59.57,59.57,0.44,59.57,257.0,9507.0,9.948699157200448
2015-05-04,59.37,59.37,59.37,59.37,0.2,59.37,31.0,9507.0,-0.7332111314780843
2015-05-05,60.65,60.65,60.65,60.65,1.28,60.65,98.0,9538.0,-0.3357394661742563
2015-05-06,61.09,61.09,61.09,61.09,0.44,61.09,0.0,9470.0,2.155971029139292
2015-05-07,59.47,59.47,59.47,59.47,1.62,59.47,172.0,9470.0,0.7254740313273
2015-05-08,59.8,59.8,59.8,59.8,0.33,59.8,0.0,9498.0,-2.6518251759698908
2015-05-11,59.73,59.73,59.73,59.73,0.07,59.73,0.0,9498.0,0.5549016310744781
2015-05-12,60.68,60.68,60.68,60.68,0.95,60.68,6.0,9498.0,-0.117056856187292
2015-05-13,60.53,60.53,60.53,60.53,0.15,60.53,243.0,9492.0,1.5904905407667869
2015-05-14,60.18,60.18,60.18,60.18,0.35,60.18,6.0,9279.0,-0.24719841793012787
2015-05-15,60.05,60.05,60.05,60.05,0.13,60.05,0.0,9285.0,-0.5782256732198898
2015-05-18,59.92,59.92,59.92,59.92,0.13,59.92,0.0,9285.0,-0.21601861083416773
2015-05-19,59.02,59.02,59.02,59.02,0.9,59.02,0.0,9285.0,-0.21648626144878946
2015-05-20,59.37,59.37,59.37,59.37,0.35,59.37,0.0,9285.0,-1.502002670226965
2015-05-21,59.89,59.89,59.89,59.89,0.52,59.89,50.0,9285.0,0.5930193154862762
2015-05-22,59.64,59.64,59.64,59.64,0.25,59.64,0.0,9260.0,0.8758632305878367
2015-05-26,59.3,59.3,59.3,59.3,0.34,59.3,0.0,9260.0,-0.41743195859075266
2015-05-27,59.22,59.22,59.22,59.22,0.08,59.22,0.0,9260.0,-0.5700871898055015
2015-05-28,59.24,59.24,59.24,59.24,0.02,59.24,0.0,9260.0,-0.13490725126474867
2015-05-29,60.38,60.38,60.38,60.38,2.61,60.38,270.0,11260.0,0.033772374197904576
2015-06-01,60.28,60.28,60.28,60.28,0.1,60.28,451.0,11245.0,1.924375422012159
2015-06-02,61.28,61.28,61.28,61.28,1.0,61.28,130.0,11023.0,-0.1656177542232573
2015-06-03,59.82,59.82,59.82,59.82,1.46,59.82,321.0,11053.0,1.658925016589241
2015-06-04,58.42,58.42,58.42,58.42,1.4,58.42,40.0,11257.0,-2.3825065274151402
2015-06-05,59.36,59.36,59.36,59.36,0.94,59.36,0.0,11297.0,-2.3403543965229034
2015-06-08,58.61,58.61,58.61,58.61,0.75,58.61,208.0,11297.0,1.6090380006847038
2015-06-09,60.07,60.07,60.07,60.07,1.46,60.07,73.0,11089.0,-1.2634770889487834
2015-06-10,60.92,60.92,60.92,60.92,0.85,60.92,101.0,11041.0,2.4910424842177203
2015-06-11,60.52,60.52,60.52,60.52,0.4,60.52,182.0,10940.0,1.4150158148826364
2015-06-12,60.04,60.04,60.04,60.04,0.48,60.04,0.0,10758.0,-0.6565988181221227
2015-06-15,59.81,59.81,59.81,59.81,0.23,59.81,63.0,10758.0,-0.793126239259756
2015-06-16,60.03,60.03,60.03,60.03,0.22,60.03,145.0,10783.0,-0.383077948034638
2015-06-17,59.99,59.99,59.99,59.99,0.04,59.99,0.0,10758.0,0.36783146630998687
2015-06-18,60.2,60.2,60.2,60.2,0.21,60.2,0.0,10758.0,-0.06663334999167381
2015-06-19,59.89,59.89,59.89,59.89,0.31,59.89,5.0,10758.0,0.3500583430571691
2015-06-22,60.0,60.0,60.0,60.0,0.11,60.0,6.0,10758.0,-0.5149501661129596
2015-06-23,60.18,60.18,60.18,60.18,0.18,60.18,40.0,10764.0,0.18367006177992806
2015-06-24,60.01,60.01,60.01,60.01,0.17,60.01,38.0,10744.0,0.29999999999998916
2015-06-25,59.9,59.9,59.9,59.9,0.11,59.9,0.0,10706.0,-0.28248587570621764
2015-06-29,59.78,59.78,59.78,59.78,0.12,59.78,0.0,10706.0,0.0
2015-06-30,59.6,59.6,59.6,59.6,1.14,59.6,841.0,10792.0,-0.20033388981635092
2015-07-01,57.11,57.11,57.11,57.11,2.49,57.11,126.0,10057.0,-0.30110404817664804
2015-07-02,57.07,57.07,57.07,57.07,0.04,57.07,21.0,9960.0,-4.177852348993294
2015-07-06,53.04,53.04,53.04,53.04,4.03,53.04,0.0,9941.0,-0.07004027315706818
2015-07-07,52.9,52.9,52.9,52.9,0.14,52.9,76.0,9941.0,-7.061503416856496
2015-07-08,52.36,52.36,52.36,52.36,0.54,52.36,0.0,9866.0,-0.2639517345399689
2015-07-09,53.24,53.24,53.24,53.24,0.88,53.24,88.0,9867.0,-1.0207939508506625
2015-07-10,53.22,53.22,53.22,53.22,0.02,53.22,100.0,9804.0,1.680672268907557
2015-07-13,52.86,52.86,52.86,52.86,0.36,52.86,0.0,9704.0,-0.03756574004508684
2015-07-14,53.37,53.37,53.37,53.37,0.51,53.37,225.0,9704.0,-0.6764374295377684
2015-07-15,52.39,52.39,52.39,52.39,0.98,52.39,0.0,9479.0,0.9648127128263351
2015-07-16,52.1,52.1,52.1,52.1,0.29,52.1,75.0,9479.0,-1.8362375866591618
2015-07-17,52.08,52.08,52.08,52.08,0.02,52.08,52.0,9554.0,-0.5535407520519176
2015-07-20,51.74,51.74,51.74,51.74,0.34,51.74,0.0,9502.0,-0.03838771593090984
2015-07-21,51.9,51.9,51.9,51.9,0.16,51.9,50.0,9502.0,-0.6528417818740362
2015-07-22,51.29,51.29,51.29,51.29,0.61,51.29,0.0,9477.0,0.30923850019326515
2015-07-23,51.06,51.06,51.06,51.06,0.23,51.06,0.0,9477.0,-1.1753371868978846
2015-07-24,50.97,50.97,50.97,50.97,0.09,50.97,0.0,9477.0,-0.4484304932735328
2015-07-27,50.8,50.8,50.8,50.8,0.17,50.8,0.0,9477.0,-0.1762632197414904
2015-07-28,50.91,50.91,50.91,50.91,0.11,50.91,16.0,9477.0,-0.3335295271728489
2015-07-29,51.02,51.02,51.02,51.02,0.11,51.02,20.0,9493.0,0.21653543307087464
2015-07-30,50.99,50.99,50.99,50.99,0.03,50.99,0.0,9493.0,0.2160675702219672
2015-07-31,47.26,47.26,47.26,47.26,1.39,47.26,645.0,8703.0,-0.05880047040376368
2015-08-03,45.3,45.3,45.3,45.3,1.96,45.3,150.0,8167.0,-7.31515983526182
2015-08-04,45.84,45.84,45.84,45.84,0.54,45.84,0.0,8017.0,-4.147270418958948
2015-08-05,45.31,45.31,45.31,45.31,0.53,45.31,0.0,8017.0,1.1920529801324742
2015-08-06,44.9,44.9,44.9,44.9,0.41,44.9,136.0,8017.0,-1.1561954624781823
2015-08-07,44.28,44.28,44.28,44.28,0.62,44.28,185.0,8016.0,-0.9048775104833484
2015-08-10,45.18,45.18,45.18,45.18,0.9,45.18,122.0,7831.0,-1.3808463251670289
2015-08-11,43.87,43.87,43.87,43.87,1.31,43.87,0.0,7831.0,2.0325203252032464
2015-08-12,43.99,43.99,43.99,43.99,0.12,43.99,157.0,7831.0,-2.8995130588756135
2015-08-13,43.34,43.34,43.34,43.34,0.65,43.34,0.0,7831.0,0.27353544563484267
2015-08-14,43.45,43.45,43.45,43.45,0.11,43.45,0.0,7831.0,-1.4776085473971357
2015-08-17,43.1,43.1,43.1,43.1,0.35,43.1,0.0,7831.0,0.2538071065989911
2015-08-18,43.44,43.44,43.44,43.44,0.34,43.44,0.0,7831.0,-0.8055235903337232
2015-08-19,42.65,42.65,42.65,42.65,0.79,42.65,12.0,7831.0,0.7888631090487097
2015-08-20,42.68,42.68,42.68,42.68,0.03,42.68,13.0,7829.0,-1.8186003683241192
2015-08-21,42.39,42.39,42.39,42.39,0.29,42.39,0.0,7829.0,0.07033997655334634
2015-08-24,41.76,41.76,41.76,41.76,0.63,41.76,0.0,7829.0,-0.6794751640112451
2015-08-25,42.02,42.02,42.02,42.02,0.26,42.02,30.0,7829.0,-1.4861995753715607
2015-08-26,41.88,41.88,41.88,41.88,0.14,41.88,0.0,7829.0,0.6226053639846851
2015-08-27,42.45,42.45,42.45,42.45,0.57,42.45,34.0,7829.0,-0.33317467872441275
2015-08-28,42.7,42.7,42.7,42.7,0.25,42.7,0.0,7829.0,1.3610315186246336
2015-08-31,49.41,49.41,49.41,49.41,3.97,49.41,753.0,8439.0,0.5889281507656108
2015-09-01,45.58,45.58,45.58,45.58,3.83,45.58,907.0,8306.0,15.714285714285703
2015-09-02,46.38,46.38,46.38,46.38,0.8,46.38,448.0,9034.0,-7.751467314308846
2015-09-03,46.83,46.83,46.83,46.83,0.45,46.83,20.0,9367.0,1.7551557700746123
2015-09-04,46.23,46.23,46.23,46.23,0.6,46.23,160.0,9387.0,0.9702457956015431
2015-09-08,46.16,46.16,46.16,46.16,0.07,46.16,2.0,9372.0,-1.2812299807815508
2015-09-09,44.8,44.8,44.8,44.8,1.36,44.8,0.0,9372.0,-0.151416828898987
2015-09-10,46.02,46.02,46.02,46.02,1.22,46.02,381.0,9372.0,-2.9462738301559765
2015-09-11,45.17,45.17,45.17,45.17,0.85,45.17,0.0,9372.0,2.7232142857142927
2015-09-14,44.75,44.75,44.75,44.75,0.42,44.75,228.0,9372.0,-1.8470230334637128
2015-09-15,45.08,45.08,45.08,45.08,0.33,45.08,0.0,9372.0,-0.9298206774407847
2015-09-16,46.4,46.4,46.4,46.4,1.32,46.4,69.0,9372.0,0.7374301675977524
2015-09-17,46.27,46.27,46.27,46.27,0.13,46.27,0.0,9372.0,2.928127772848277
2015-09-18,45.33,45.33,45.33,45.33,0.94,45.33,30.0,9372.0,-0.28017241379308944
2015-09-21,46.07,46.07,46.07,46.07,0.74,46.07,0.0,9342.0,-2.03155392262806
2015-09-22,45.86,45.86,45.86,45.86,0.21,45.86,150.0,9342.0,1.6324729759541245
2015-09-23,45.32,45.32,45.32,45.32,0.54,45.32,0.0,9342.0,-0.4558280876926446
2015-09-24,45.43,45.43,45.43,45.43,0.11,45.43,0.0,9342.0,-1.1774967291757532
2015-09-25,45.58,45.58,45.58,45.58,0.15,45.58,60.0,9342.0,0.24271844660193054
2015-09-28,45.4,45.4,45.4,45.4,0.18,45.4,0.0,9342.0,0.3301782962799926
2015-09-29,45.47,45.47,45.47,45.47,0.07,45.47,6.0,9342.0,-0.39491004826678333
2015-09-30,45.26,45.26,45.26,45.26,0.12,45.26,875.0,10006.0,0.1541850220264429
2015-10-01,44.91,44.91,44.91,44.91,0.35,44.91,213.0,9131.0,-0.46184297338904834
2015-10-02,45.67,45.67,45.67,45.67,0.76,45.67,163.0,9083.0,-0.773309765797614
2015-10-05,46.34,46.34,46.34,46.34,0.67,46.34,0.0,8920.0,1.6922734357604163
2015-10-06,48.3,48.3,48.3,48.3,1.96,48.3,88.0,8920.0,1.4670462010072383
2015-10-07,47.74,47.74,47.74,47.74,0.56,47.74,100.0,8854.0,4.229607250755274
2015-10-08,48.99,48.99,48.99,48.99,1.25,48.99,10.0,8754.0,-1.159420289855062
2015-10-09,49.11,49.11,49.11,49.11,0.12,49.11,10.0,8764.0,2.6183493925429513
2015-10-12,47.39,47.39,47.39,47.39,1.72,47.39,0.0,8754.0,0.24494794856093627
2015-10-13,47.1,47.1,47.1,47.1,0.29,47.1,42.0,8754.0,-3.5023416819385034
2015-10-15,46.95,46.95,46.95,46.95,0.15,46.95,22.0,8772.0,0.0
2015-10-16,47.38,47.38,47.38,47.38,0.43,47.38,10.0,8752.0,-0.31847133757961776
2015-10-19,46.73,46.73,46.73,46.73,0.65,46.73,0.0,8762.0,0.9158679446219287
2015-10-20,46.72,46.72,46.72,46.72,0.01,46.72,0.0,8762.0,-1.3718868720979382
2015-10-21,46.32,46.32,46.32,46.32,0.4,46.32,0.0,8762.0,-0.02139952921035304
2015-10-22,46.38,46.38,46.38,46.38,0.06,46.38,0.0,8762.0,-0.8561643835616417
2015-10-23,46.16,46.16,46.16,46.16,0.22,46.16,63.0,8762.0,0.12953367875647714
2015-10-26,46.02,46.02,46.02,46.02,0.14,46.02,0.0,8699.0,-0.47434238896076897
2015-10-27,45.88,45.88,45.88,45.88,0.14,45.88,0.0,8699.0,-0.3032928942807489
2015-10-28,46.25,46.25,46.25,46.25,0.37,46.25,54.0,8699.0,-0.3042155584528472
2015-10-29,46.27,46.27,46.27,46.27,0.02,46.27,9.0,8645.0,0.8064516129032251
2015-10-30,46.81,46.81,46.81,46.81,0.54,46.81,1318.0,8643.0,0.04324324324325168
2015-11-02,46.37,46.37,46.37,46.37,0.44,46.37,450.0,8238.0,1.1670628917225034
2015-11-03,48.04,48.04,48.04,48.04,1.67,48.04,0.0,8082.0,-0.9399700918607201
2015-11-04,46.61,46.61,46.61,46.61,1.43,46.61,152.0,8082.0,3.6014664653871042
2015-11-05,45.7,45.7,45.7,45.7,0.91,45.7,12.0,8082.0,-2.9766860949208995
2015-11-06,45.01,45.01,45.01,45.01,0.69,45.01,77.0,8082.0,-1.9523707358935827
2015-11-09,44.71,44.71,44.71,44.71,0.3,44.71,20.0,8082.0,-1.5098468271334875
2015-11-10,44.94,44.94,44.94,44.94,0.23,44.94,920.0,8082.0,-0.6665185514330041
2015-11-11,44.12,44.12,44.12,44.12,0.82,44.12,32.0,7802.0,0.5144263028405316
2015-11-12,43.41,43.41,43.41,43.41,0.71,43.41,20.0,7802.0,-1.8246550956831364
2015-11-13,42.85,42.85,42.85,42.85,0.56,42.85,0.0,7782.0,-1.6092475067996381
2015-11-16,43.3,43.3,43.3,43.3,0.45,43.3,206.0,7782.0,-1.2900253397834516
2015-11-17,42.82,42.82,42.82,42.82,0.48,42.82,16.0,7782.0,1.0501750291715295
2015-11-18,42.89,42.89,42.89,42.89,0.07,42.89,0.0,7782.0,-1.1085450346420278
2015-11-19,42.81,42.81,42.81,42.81,0.08,42.81,0.0,7782.0,0.16347501167679468
2015-11-20,42.85,42.85,42.85,42.85,0.04,42.85,0.0,7782.0,-0.18652366519001928
2015-11-23,42.81,42.81,42.81,42.81,0.04,42.81,40.0,7782.0,0.09343611305769883
2015-11-24,43.03,43.03,43.03,43.03,0.22,43.03,56.0,7782.0,-0.09334889148191472
2015-11-25,43.06,43.06,43.06,43.06,0.03,43.06,0.0,7782.0,0.5138986218173214
2015-11-27,42.93,42.93,42.93,42.93,0.13,42.93,0.0,7782.0,0.06971880083663784
2015-11-30,42.07,42.07,42.07,42.07,0.07,42.07,245.0,12444.0,-0.3019043195541138
2015-12-01,42.26,42.26,42.26,42.26,0.19,42.26,70.0,12317.0,-2.003261122757982
2015-12-02,40.49,40.49,40.49,40.49,1.77,40.49,210.0,12347.0,0.45162823864985935
2015-12-03,41.52,41.52,41.52,41.52,1.03,41.52,274.0,12137.0,-4.1883577851396065
2015-12-04,40.56,40.56,40.56,40.56,0.96,40.56,253.0,11873.0,2.5438379846875803
2015-12-07,38.73,38.73,38.73,38.73,1.83,38.73,151.0,11620.0,-2.3121387283236983
2015-12-08,38.58,38.58,38.58,38.58,0.15,38.58,47.0,11491.0,-4.511834319526642
2015-12-09,38.34,38.34,38.34,38.34,0.24,38.34,88.0,11474.0,-0.3872966692486379
2015-12-10,38.1,38.1,38.1,38.1,0.24,38.1,125.0,11562.0,-0.6220839813374623
2015-12-11,37.36,37.36,37.36,37.36,0.74,37.36,0.0,11447.0,-0.6259780907668322
2015-12-14,37.66,37.66,37.66,37.66,0.3,37.66,0.0,11447.0,-1.942257217847776
2015-12-15,38.19,38.19,38.19,38.19,0.53,38.19,188.0,11447.0,0.8029978586723718
2015-12-16,37.3,37.3,37.3,37.3,0.89,37.3,200.0,11259.0,1.4073287307488025
2015-12-17,37.07,37.07,37.07,37.07,0.23,37.07,0.0,11059.0,-2.330452998167065
2015-12-18,36.98,36.98,36.98,36.98,0.09,36.98,0.0,11059.0,-0.6166219839142006
2015-12-21,36.9,36.9,36.9,36.9,0.08,36.9,19.0,11059.0,-0.24278392230915324
2015-12-22,37.01,37.01,37.01,37.01,0.11,37.01,0.0,11040.0,-0.21633315305570333
2015-12-23,37.38,37.38,37.38,37.38,0.37,37.38,100.0,11040.0,0.29810298102981303
2015-12-24,37.51,37.51,37.51,37.51,0.13,37.51,0.0,10940.0,0.999729802756022
2015-12-28,37.28,37.28,37.28,37.28,0.23,37.28,372.0,10940.0,0.3477795612626844
2015-12-29,37.42,37.42,37.42,37.42,0.14,37.42,0.0,10568.0,-0.6131698213809544
2015-12-30,37.31,37.31,37.31,37.31,0.11,37.31,0.0,10568.0,0.375536480686689
2015-12-31,37.46,37.46,37.46,37.46,0.48,37.46,356.0,7109.0,-0.2939604489577752
