date,close,SMA50,SMA100,Signal,Entry/Exit,Position,Entry/Exit Position,Portfolio Holdings,Portfolio Cash,Portfolio Total,Portfolio Daily Returns,Portfolio Cumulative Returns
9/22/14,101.06,,,0,,0,,,,,,
9/23/14,102.64,,,0,0,0,0,0,100000,100000,,
9/24/14,101.75,,,0,0,0,0,0,100000,100000,0,0
9/25/14,97.87,,,0,0,0,0,0,100000,100000,0,0
9/26/14,100.75,,,0,0,0,0,0,100000,100000,0,0
9/29/14,100.11,,,0,0,0,0,0,100000,100000,0,0
9/30/14,100.75,,,0,0,0,0,0,100000,100000,0,0
10/1/14,99.18,,,0,0,0,0,0,100000,100000,0,0
10/2/14,99.9,,,0,0,0,0,0,100000,100000,0,0
10/3/14,99.62,,,0,0,0,0,0,100000,100000,0,0
10/6/14,99.62,,,0,0,0,0,0,100000,100000,0,0
10/7/14,98.75,,,0,0,0,0,0,100000,100000,0,0
10/8/14,100.8,,,0,0,0,0,0,100000,100000,0,0
10/9/14,101.02,,,0,0,0,0,0,100000,100000,0,0
10/10/14,100.73,,,0,0,0,0,0,100000,100000,0,0
10/13/14,99.81,,,0,0,0,0,0,100000,100000,0,0
10/14/14,98.75,,,0,0,0,0,0,100000,100000,0,0
10/15/14,97.54,,,0,0,0,0,0,100000,100000,0,0
10/16/14,96.26,,,0,0,0,0,0,100000,100000,0,0
10/17/14,97.67,,,0,0,0,0,0,100000,100000,0,0
10/20/14,99.76,,,0,0,0,0,0,100000,100000,0,0
10/21/14,102.47,,,0,0,0,0,0,100000,100000,0,0
10/22/14,102.99,,,0,0,0,0,0,100000,100000,0,0
10/23/14,104.83,,,0,0,0,0,0,100000,100000,0,0
10/24/14,105.22,,,0,0,0,0,0,100000,100000,0,0
10/27/14,105.11,,,0,0,0,0,0,100000,100000,0,0
10/28/14,106.74,,,0,0,0,0,0,100000,100000,0,0
10/29/14,107.34,,,0,0,0,0,0,100000,100000,0,0
10/30/14,106.98,,,0,0,0,0,0,100000,100000,0,0
10/31/14,108,,,0,0,0,0,0,100000,100000,0,0
11/3/14,109.4,,,0,0,0,0,0,100000,100000,0,0
11/4/14,108.6,,,0,0,0,0,0,100000,100000,0,0
11/5/14,108.86,,,0,0,0,0,0,100000,100000,0,0
11/6/14,108.7,,,0,0,0,0,0,100000,100000,0,0
11/7/14,109.01,,,0,0,0,0,0,100000,100000,0,0
11/10/14,108.83,,,0,0,0,0,0,100000,100000,0,0
11/11/14,109.7,,,0,0,0,0,0,100000,100000,0,0
11/12/14,111.25,,,0,0,0,0,0,100000,100000,0,0
11/13/14,112.82,,,0,0,0,0,0,100000,100000,0,0
11/14/14,114.18,,,0,0,0,0,0,100000,100000,0,0
11/17/14,113.99,,,0,0,0,0,0,100000,100000,0,0
11/18/14,115.47,,,0,0,0,0,0,100000,100000,0,0
11/19/14,114.67,,,0,0,0,0,0,100000,100000,0,0
11/20/14,116.31,,,0,0,0,0,0,100000,100000,0,0
11/21/14,116.47,,,0,0,0,0,0,100000,100000,0,0
11/24/14,118.625,,,0,0,0,0,0,100000,100000,0,0
11/25/14,117.6,,,0,0,0,0,0,100000,100000,0,0
11/26/14,119,,,0,0,0,0,0,100000,100000,0,0
11/28/14,118.93,,,0,0,0,0,0,100000,100000,0,0
12/1/14,115.07,106.2301,,0,0,0,0,0,100000,100000,0,0
12/2/14,114.63,106.5015,,0,0,0,0,0,100000,100000,0,0
12/3/14,115.93,106.7673,,0,0,0,0,0,100000,100000,0,0
12/4/14,115.49,107.0421,,0,0,0,0,0,100000,100000,0,0
12/5/14,115,107.3847,,0,0,0,0,0,100000,100000,0,0
12/8/14,112.4,107.6177,,0,0,0,0,0,100000,100000,0,0
12/9/14,114.12,107.8979,,0,0,0,0,0,100000,100000,0,0
12/10/14,111.95,108.1219,,0,0,0,0,0,100000,100000,0,0
12/11/14,111.62,108.3707,,0,0,0,0,0,100000,100000,0,0
12/12/14,109.73,108.5673,,0,0,0,0,0,100000,100000,0,0
12/15/14,108.225,108.7394,,0,0,0,0,0,100000,100000,0,0
12/16/14,106.745,108.8819,,0,0,0,0,0,100000,100000,0,0
12/17/14,109.41,109.0951,,0,0,0,0,0,100000,100000,0,0
12/18/14,112.65,109.3321,,0,0,0,0,0,100000,100000,0,0
12/19/14,111.78,109.5473,,0,0,0,0,0,100000,100000,0,0
12/22/14,112.94,109.7915,,0,0,0,0,0,100000,100000,0,0
12/23/14,112.54,110.0461,,0,0,0,0,0,100000,100000,0,0
12/24/14,112.01,110.3113,,0,0,0,0,0,100000,100000,0,0
12/26/14,113.99,110.6403,,0,0,0,0,0,100000,100000,0,0
12/29/14,113.91,110.9933,,0,0,0,0,0,100000,100000,0,0
12/30/14,112.52,111.2903,,0,0,0,0,0,100000,100000,0,0
12/31/14,110.38,111.5027,,0,0,0,0,0,100000,100000,0,0
1/2/15,109.33,111.6399,,0,0,0,0,0,100000,100000,0,0
1/5/15,106.25,111.7051,,0,0,0,0,0,100000,100000,0,0
1/6/15,106.26,111.7337,,0,0,0,0,0,100000,100000,0,0
1/7/15,107.75,111.7843,,0,0,0,0,0,100000,100000,0,0
1/8/15,111.89,111.9199,,0,0,0,0,0,100000,100000,0,0
1/9/15,112.01,112.0253,,0,0,0,0,0,100000,100000,0,0
1/12/15,109.25,112.0635,,0,0,0,0,0,100000,100000,0,0
1/13/15,110.22,112.1283,,0,0,0,0,0,100000,100000,0,0
1/14/15,109.8,112.1643,,0,0,0,0,0,100000,100000,0,0
1/15/15,106.82,112.1127,,0,0,0,0,0,100000,100000,0,0
1/16/15,105.99,112.0605,,0,0,0,0,0,100000,100000,0,0
1/20/15,108.72,112.0577,,0,0,0,0,0,100000,100000,0,0
1/21/15,109.55,112.0747,,0,0,0,0,0,100000,100000,0,0
1/22/15,112.4,112.1425,,0,0,0,0,0,100000,100000,0,0
1/23/15,112.98,112.2255,,0,0,0,0,0,100000,100000,0,0
1/26/15,113.1,112.2935,,0,0,0,0,0,100000,100000,0,0
1/27/15,109.14,112.2513,,0,0,0,0,0,100000,100000,0,0
1/28/15,115.31,112.3011,,0,0,0,0,0,100000,100000,0,0
1/29/15,118.9,112.3955,,0,0,0,0,0,100000,100000,0,0
1/30/15,117.16,112.4589,,0,0,0,0,0,100000,100000,0,0
2/2/15,118.63,112.5221,,0,0,0,0,0,100000,100000,0,0
2/3/15,118.65,112.6017,,0,0,0,0,0,100000,100000,0,0
2/4/15,119.56,112.6667,,0,0,0,0,0,100000,100000,0,0
2/5/15,119.94,112.7361,,0,0,0,0,0,100000,100000,0,0
2/6/15,118.93,112.7422,,0,0,0,0,0,100000,100000,0,0
2/9/15,119.72,112.7846,,0,0,0,0,0,100000,100000,0,0
2/10/15,122.02,112.845,,0,0,0,0,0,100000,100000,0,0
2/11/15,124.88,112.964,,0,0,0,0,0,100000,100000,0,0
2/12/15,126.46,113.1918,109.71095,1,1,500,500,63230,36770,100000,0,0
2/13/15,127.08,113.4408,109.97115,1,0,500,0,63540,36770,100310,0.0031,0.0031
2/17/15,127.83,113.6788,110.22305,1,0,500,0,63915,36770,100685,0.003738410926,0.00685
2/18/15,128.715,113.9433,110.4927,1,0,500,0,64357.5,36770,101127.5,0.004394894969,0.011275
2/19/15,128.45,114.2123,110.7985,1,0,500,0,64225,36770,100995,-0.001310227188,0.00995
2/20/15,129.495,114.5542,111.08595,1,0,500,0,64747.5,36770,101517.5,0.005173523442,0.015175
2/23/15,133,114.9318,111.41485,1,0,500,0,66500,36770,103270,0.01726303347,0.0327
2/24/15,132.17,115.3362,111.72905,1,0,500,0,66085,36770,102855,-0.00401859204,0.02855
2/25/15,128.79,115.6796,112.02515,1,0,500,0,64395,36770,101165,-0.01643089787,0.01165
2/26/15,130.415,116.0933,112.3303,1,0,500,0,65207.5,36770,101977.5,0.008031433796,0.019775
2/27/15,128.46,116.498,112.6187,1,0,500,0,64230,36770,101000,-0.00958544777,0.01
3/2/15,129.09,116.9449,112.9134,1,0,500,0,64545,36770,101315,0.003118811881,0.01315
3/3/15,129.36,117.3439,113.2195,1,0,500,0,64680,36770,101450,0.001332477915,0.0145
3/4/15,128.54,117.6617,113.4969,1,0,500,0,64270,36770,101040,-0.004041399704,0.0104
3/5/15,126.41,117.9543,113.7508,1,0,500,0,63205,36770,99975,-0.01054038005,-0.00025
3/6/15,126.6,118.2275,114.0095,1,0,500,0,63300,36770,100070,0.0009502375594,0.0007
3/9/15,127.14,118.5195,114.2828,1,0,500,0,63570,36770,100340,0.002698111322,0.0034
3/10/15,124.51,118.7695,114.5404,1,0,500,0,62255,36770,99025,-0.0131054415,-0.00975
3/11/15,122.24,118.9345,114.7874,1,0,500,0,61120,36770,97890,-0.01146175208,-0.0211
3/12/15,124.45,119.1453,115.0693,1,0,500,0,62225,36770,98995,0.01128818061,-0.01005
3/13/15,123.59,119.3667,115.3285,1,0,500,0,61795,36770,98565,-0.00434365372,-0.01435
3/16/15,124.95,119.6581,115.5804,1,0,500,0,62475,36770,99245,0.006899000659,-0.00755
3/17/15,127.04,120.0123,115.8261,1,0,500,0,63520,36770,100290,0.01052949771,0.0029
3/18/15,128.47,120.4567,116.0809,1,0,500,0,64235,36770,101005,0.007129324958,0.01005
3/19/15,127.495,120.8814,116.30755,1,0,500,0,63747.5,36770,100517.5,-0.004826493738,0.005175
3/20/15,125.9,121.2444,116.51435,1,0,500,0,62950,36770,99720,-0.007933941851,-0.0028
3/23/15,127.21,121.5508,116.73535,1,0,500,0,63605,36770,100375,0.006568391496,0.00375
3/24/15,126.69,121.8444,116.93485,1,0,500,0,63345,36770,100115,-0.002590286426,0.00115
3/25/15,123.38,122.127,117.09525,1,0,500,0,61690,36770,98460,-0.01653098936,-0.0154
3/26/15,124.24,122.4074,117.26785,1,0,500,0,62120,36770,98890,0.004367255738,-0.0111
3/27/15,123.25,122.6764,117.42035,1,0,500,0,61625,36770,98395,-0.005005561735,-0.01605
3/30/15,126.37,123.0674,117.59005,1,0,500,0,63185,36770,99955,0.01585446415,-0.00045
3/31/15,124.43,123.4362,117.74835,1,0,500,0,62215,36770,98985,-0.009704366965,-0.01015
4/1/15,124.25,123.7468,117.90225,1,0,500,0,62125,36770,98895,-0.000909228671,-0.01105
4/2/15,125.32,124.0622,118.06845,1,0,500,0,62660,36770,99430,0.005409778047,-0.0057
4/6/15,127.35,124.3612,118.25185,1,0,500,0,63675,36770,100445,0.01020818666,0.00445
4/7/15,126.01,124.6218,118.42365,1,0,500,0,63005,36770,99775,-0.006670317089,-0.00225
4/8/15,125.6,124.8718,118.58265,1,0,500,0,62800,36770,99570,-0.002054622902,-0.0043
4/9/15,126.56,125.2202,118.73575,1,0,500,0,63280,36770,100050,0.004820729135,0.0005
4/10/15,127.1,125.456,118.87855,1,0,500,0,63550,36770,100320,0.002698650675,0.0032
4/13/15,126.85,125.615,119.00525,1,0,500,0,63425,36770,100195,-0.001246012759,0.00195
4/14/15,126.3,125.7978,119.12835,1,0,500,0,63150,36770,99920,-0.002744647937,-0.0008
4/15/15,126.78,125.9608,119.24145,1,0,500,0,63390,36770,100160,0.002401921537,0.0016
4/16/15,126.17,126.1112,119.35645,1,0,500,0,63085,36770,99855,-0.003045127796,-0.00145
4/17/15,124.75,126.215,119.44085,1,0,500,0,62375,36770,99145,-0.007110309949,-0.00855
4/20/15,127.6,126.3682,119.55215,1,0,500,0,63800,36770,100570,0.01437288819,0.0057
4/21/15,126.91,126.5278,119.635,1,0,500,0,63455,36770,100225,-0.003430446455,0.00225
4/22/15,128.62,126.7058,119.7452,1,0,500,0,64310,36770,101080,0.008530805687,0.0108
4/23/15,129.67,126.8588,119.8519,1,0,500,0,64835,36770,101605,0.005193905817,0.01605
4/24/15,130.28,126.9668,119.9654,1,0,500,0,65140,36770,101910,0.003001820777,0.0191
4/27/15,132.65,127.0906,120.1412,1,0,500,0,66325,36770,103095,0.01162790698,0.03095
4/28/15,130.56,127.1602,120.3005,1,0,500,0,65280,36770,102050,-0.01013628207,0.0205
4/29/15,128.64,127.1764,120.4276,1,0,500,0,64320,36770,101090,-0.009407153356,0.0109
4/30/15,125.15,127.1051,120.5242,1,0,500,0,62575,36770,99345,-0.01726184588,-0.00655
5/1/15,128.95,127.1151,120.6637,1,0,500,0,64475,36770,101245,0.01912527052,0.01245
5/4/15,128.7,127.0992,120.8267,1,0,500,0,64350,36770,101120,-0.001234628871,0.0112
5/5/15,125.8,126.9552,120.9435,1,0,500,0,62900,36770,99670,-0.01433939873,-0.0033
5/6/15,125.01,126.812,121.0741,1,0,500,0,62505,36770,99275,-0.003963078158,-0.00725
5/7/15,125.26,126.7414,121.2105,1,0,500,0,62630,36770,99400,0.001259128683,-0.006
5/8/15,127.62,126.6855,121.3894,1,0,500,0,63810,36770,100580,0.01187122736,0.0058
5/11/15,126.32,126.6427,121.57035,1,0,500,0,63160,36770,99930,-0.006462517399,-0.0007
5/12/15,125.865,126.5782,121.76155,1,0,500,0,62932.5,36770,99702.5,-0.002276593616,-0.002975
5/13/15,126.01,126.5112,121.92755,1,0,500,0,63005,36770,99775,0.0007271633108,-0.00225
5/14/15,128.95,126.5194,122.09055,1,0,500,0,64475,36770,101245,0.01473314959,0.01245
5/15/15,128.77,126.5666,122.26045,1,0,500,0,64385,36770,101155,-0.0008889327868,0.01155
5/18/15,130.19,126.6384,122.43295,1,0,500,0,65095,36770,101865,0.007018931343,0.01865
5/19/15,130.07,126.697,122.60825,1,0,500,0,65035,36770,101805,-0.0005890148726,0.01805
5/20/15,130.06,126.808,122.78875,1,0,500,0,65030,36770,101800,-4.91E-05,0.018
5/21/15,131.39,126.991,122.96275,1,0,500,0,65695,36770,102465,0.006532416503,0.02465
5/22/15,132.54,127.1528,123.14905,1,0,500,0,66270,36770,103040,0.005611672278,0.0304
5/26/15,129.62,127.2734,123.32005,1,0,500,0,64810,36770,101580,-0.01416925466,0.0158
5/27/15,132.045,127.4153,123.5367,1,0,500,0,66022.5,36770,102792.5,0.0119364048,0.027925
5/28/15,131.78,127.5101,123.7612,1,0,500,0,65890,36770,102660,-0.001289004548,0.0266
5/29/15,130.28,127.5463,124.0015,1,0,500,0,65140,36770,101910,-0.007305669199,0.0191
6/1/15,130.535,127.6071,124.24425,1,0,500,0,65267.5,36770,102037.5,0.001251103915,0.020375
6/2/15,129.96,127.6883,124.46635,1,0,500,0,64980,36770,101750,-0.002817591572,0.0175
6/3/15,130.12,127.7465,124.64865,1,0,500,0,65060,36770,101830,0.0007862407862,0.0183
6/4/15,129.36,127.7999,124.82215,1,0,500,0,64680,36770,101450,-0.003731709712,0.0145
6/5/15,128.65,127.9053,125.01615,1,0,500,0,64325,36770,101095,-0.00349926072,0.01095
6/8/15,127.8,127.9765,125.19195,1,0,500,0,63900,36770,100670,-0.004203966566,0.0067
6/9/15,127.42,128.0599,125.36815,1,0,500,0,63710,36770,100480,-0.001887354723,0.0048
6/10/15,128.88,128.1101,125.58875,1,0,500,0,64440,36770,101210,0.007265127389,0.0121
6/11/15,128.59,128.1933,125.81475,1,0,500,0,64295,36770,101065,-0.001432664756,0.01065
6/12/15,127.17,128.2517,125.99925,1,0,500,0,63585,36770,100355,-0.007025181814,0.00355
6/15/15,126.92,128.2837,126.17295,1,0,500,0,63460,36770,100230,-0.001245578197,0.0023
6/16/15,127.6,128.2887,126.32495,1,0,500,0,63800,36770,100570,0.003392197945,0.0057
6/17/15,127.3,128.3145,126.46815,1,0,500,0,63650,36770,100420,-0.001491498459,0.0042
6/18/15,127.88,128.3601,126.61595,1,0,500,0,63940,36770,100710,0.002887870942,0.0071
6/19/15,126.6,128.3609,126.79055,1,0,500,0,63300,36770,100070,-0.00635488035,0.0007
6/22/15,127.61,128.3711,126.91355,1,0,500,0,63805,36770,100575,0.005046467473,0.00575
6/23/15,127.03,128.3747,126.99485,1,0,500,0,63515,36770,100285,-0.002883420333,0.00285
6/24/15,128.11,128.4109,127.10435,1,0,500,0,64055,36770,100825,0.005384653737,0.00825
6/25/15,127.5,128.4253,127.19305,1,0,500,0,63750,36770,100520,-0.003025043392,0.0052
6/26/15,126.75,128.4369,127.27405,1,0,500,0,63375,36770,100145,-0.003730600875,0.00145
6/29/15,124.53,128.4325,127.32375,1,0,500,0,62265,36770,99035,-0.0110839283,-0.00965
6/30/15,125.425,128.389,127.3786,1,0,500,0,62712.5,36770,99482.5,0.004518604534,-0.005175
7/1/15,126.6,128.3828,127.4553,1,0,500,0,63300,36770,100070,0.00590556128,0.0007
7/2/15,126.44,128.3392,127.5225,1,0,500,0,63220,36770,99990,-0.0007994403917,-1.00E-04
7/6/15,126,128.2658,127.5623,1,0,500,0,63000,36770,99770,-0.002200220022,-0.0023
7/7/15,125.69,128.174,127.5704,1,0,500,0,62845,36770,99615,-0.001553573218,-0.00385
7/8/15,122.57,127.9724,127.5315,1,0,500,0,61285,36770,98055,-0.01566029212,-0.01945
7/9/15,120.07,127.7626,127.4614,1,0,500,0,60035,36770,96805,-0.01274794758,-0.03195
7/10/15,123.28,127.6554,127.4159,1,0,500,0,61640,36770,98410,0.01657972212,-0.0159
7/13/15,125.66,127.6656,127.38535,1,0,500,0,62830,36770,99600,0.01209226705,-0.004
7/14/15,125.61,127.5988,127.35695,1,0,500,0,62805,36770,99575,-0.0002510040161,-0.00425
7/15/15,126.82,127.5612,127.3302,1,0,500,0,63410,36770,100180,0.006075822245,0.0018
7/16/15,128.51,127.6154,127.2853,1,0,500,0,64255,36770,101025,0.008434817329,0.01025
7/17/15,129.62,127.7076,127.2598,1,0,500,0,64810,36770,101580,0.005493689681,0.0158
7/20/15,132.07,127.8438,127.2926,1,0,500,0,66035,36770,102805,0.01205946052,0.02805
7/21/15,130.75,127.9064,127.29595,1,0,500,0,65375,36770,102145,-0.00641992121,0.02145
7/22/15,125.22,127.8844,127.26355,1,0,500,0,62610,36770,99380,-0.02706936218,-0.0062
7/23/15,125.16,127.8703,127.22425,1,0,500,0,62580,36770,99350,-0.0003018716039,-0.0065
7/24/15,124.5,127.8401,127.17565,1,0,500,0,62250,36770,99020,-0.003321590337,-0.0098
7/27/15,122.77,127.7165,127.11795,1,0,500,0,61385,36770,98155,-0.008735608968,-0.01845
7/28/15,123.38,127.6087,127.08765,1,0,500,0,61690,36770,98460,0.003107330243,-0.0154
7/29/15,122.99,127.4647,127.05155,1,0,500,0,61495,36770,98265,-0.001980499695,-0.01735
7/30/15,122.37,127.3107,127.00385,1,0,500,0,61185,36770,97955,-0.003154734646,-0.02045
7/31/15,121.3,127.1355,126.97175,1,0,500,0,60650,36770,97420,-0.005461691593,-0.0258
8/3/15,118.44,126.8765,126.93375,0,-1,0,-500,0,95990,95990,-0.01467871074,-0.0401
8/4/15,114.64,126.5185,126.83565,0,0,0,0,0,95990,95990,0,-0.0401
8/5/15,115.4,126.2341,126.75375,0,0,0,0,0,95990,95990,0,-0.0401
8/6/15,115.13,125.8958,126.65555,0,0,0,0,0,95990,95990,0,-0.0401
8/7/15,115.52,125.5706,126.54035,0,0,0,0,0,95990,95990,0,-0.0401
8/10/15,119.72,125.3594,126.45285,0,0,0,0,0,95990,95990,0,-0.0401
8/11/15,113.49,125.0185,126.3128,0,0,0,0,0,95990,95990,0,-0.0401
8/12/15,115.24,124.7241,126.2062,0,0,0,0,0,95990,95990,0,-0.0401
8/13/15,115.15,124.4247,126.0856,0,0,0,0,0,95990,95990,0,-0.0401
8/14/15,115.96,124.1567,125.9783,0,0,0,0,0,95990,95990,0,-0.0401
8/17/15,117.16,123.9269,125.9161,0,0,0,0,0,95990,95990,0,-0.0401
8/18/15,116.5,123.7009,125.8387,0,0,0,0,0,95990,95990,0,-0.0401
8/19/15,115.01,123.4527,125.7563,0,0,0,0,0,95990,95990,0,-0.0401
8/20/15,112.65,123.1281,125.6191,0,0,0,0,0,95990,95990,0,-0.0401
8/21/15,105.76,122.6715,125.4324,0,0,0,0,0,95990,95990,0,-0.0401
8/24/15,103.12,122.1905,125.2211,0,0,0,0,0,95990,95990,0,-0.0401
8/25/15,103.74,121.7269,125.0053,0,0,0,0,0,95990,95990,0,-0.0401
8/26/15,109.69,121.3687,124.8287,0,0,0,0,0,95990,95990,0,-0.0401
8/27/15,112.92,121.0811,124.6978,0,0,0,0,0,95990,95990,0,-0.0401
8/28/15,113.29,120.7893,124.5747,0,0,0,0,0,95990,95990,0,-0.0401
8/31/15,112.76,120.5125,124.4367,0,0,0,0,0,95990,95990,0,-0.0401
9/1/15,107.72,120.1147,124.2429,0,0,0,0,0,95990,95990,0,-0.0401
9/2/15,112.34,119.8209,124.0978,0,0,0,0,0,95990,95990,0,-0.0401
9/3/15,110.37,119.4661,123.9385,0,0,0,0,0,95990,95990,0,-0.0401
9/4/15,109.27,119.1015,123.7634,0,0,0,0,0,95990,95990,0,-0.0401
9/8/15,112.31,118.8127,123.6248,0,0,0,0,0,95990,95990,0,-0.0401
9/9/15,110.15,118.5251,123.4788,0,0,0,0,0,95990,95990,0,-0.0401
9/10/15,112.57,118.268,123.3285,0,0,0,0,0,95990,95990,0,-0.0401
9/11/15,114.21,118.0202,123.2015,0,0,0,0,0,95990,95990,0,-0.0401
9/14/15,115.31,117.7976,123.0684,0,0,0,0,0,95990,95990,0,-0.0401
9/15/15,116.28,117.6032,122.9345,0,0,0,0,0,95990,95990,0,-0.0401
9/16/15,116.41,117.4176,122.7958,0,0,0,0,0,95990,95990,0,-0.0401
9/17/15,113.92,117.2446,122.6085,0,0,0,0,0,95990,95990,0,-0.0401
9/18/15,113.45,117.1122,122.4374,0,0,0,0,0,95990,95990,0,-0.0401
9/21/15,115.21,116.9508,122.3031,0,0,0,0,0,95990,95990,0,-0.0401
9/22/15,113.4,116.7056,122.1856,0,0,0,0,0,95990,95990,0,-0.0401
9/23/15,114.32,116.4798,122.0393,0,0,0,0,0,95990,95990,0,-0.0401
9/24/15,115,116.2434,121.9023,0,0,0,0,0,95990,95990,0,-0.0401
9/25/15,114.71,115.9674,121.7914,0,0,0,0,0,95990,95990,0,-0.0401
9/28/15,112.44,115.6238,121.6657,0,0,0,0,0,95990,95990,0,-0.0401
9/29/15,109.06,115.1636,121.5037,0,0,0,0,0,95990,95990,0,-0.0401
9/30/15,110.3,114.7546,121.3305,0,0,0,0,0,95990,95990,0,-0.0401
10/1/15,109.58,114.4418,121.1631,0,0,0,0,0,95990,95990,0,-0.0401
10/2/15,110.38,114.1462,121.00825,0,0,0,0,0,95990,95990,0,-0.0401
10/5/15,110.78,113.8718,120.85595,0,0,0,0,0,95990,95990,0,-0.0401
10/6/15,111.31,113.6426,120.67955,0,0,0,0,0,95990,95990,0,-0.0401
10/7/15,110.78,113.3906,120.49965,0,0,0,0,0,95990,95990,0,-0.0401
10/8/15,109.5,113.1208,120.29275,0,0,0,0,0,95990,95990,0,-0.0401
10/9/15,112.12,112.9158,120.11325,0,0,0,0,0,95990,95990,0,-0.0401
10/12/15,111.6,112.7218,119.92865,0,0,0,0,0,95990,95990,0,-0.0401
10/13/15,111.79,112.5888,119.73265,0,0,0,0,0,95990,95990,0,-0.0401
10/14/15,110.21,112.5002,119.50935,0,0,0,0,0,95990,95990,0,-0.0401
10/15/15,111.86,112.4294,119.33175,0,0,0,0,0,95990,95990,0,-0.0401
10/16/15,111.04,112.3476,119.1217,0,0,0,0,0,95990,95990,0,-0.0401
10/19/15,111.73,112.2718,118.9212,0,0,0,0,0,95990,95990,0,-0.0401
10/20/15,113.77,112.1528,118.7561,0,0,0,0,0,95990,95990,0,-0.0401
10/21/15,113.76,112.1582,118.58835,0,0,0,0,0,95990,95990,0,-0.0401
10/22/15,115.5,112.1634,118.44375,0,0,0,0,0,95990,95990,0,-0.0401
10/23/15,119.08,112.242,118.33335,0,0,0,0,0,95990,95990,0,-0.0401
10/26/15,115.28,112.2284,118.19255,0,0,0,0,0,95990,95990,0,-0.0401
10/27/15,114.55,112.1762,118.05155,0,0,0,0,0,95990,95990,0,-0.0401
10/28/15,119.27,112.2316,117.96625,0,0,0,0,0,95990,95990,0,-0.0401
10/29/15,120.53,112.342,117.89735,0,0,0,0,0,95990,95990,0,-0.0401
10/30/15,119.5,112.479,117.80355,0,0,0,0,0,95990,95990,0,-0.0401
11/2/15,121.18,112.7874,117.72945,0,0,0,0,0,95990,95990,0,-0.0401
11/3/15,122.57,113.1764,117.68345,0,0,0,0,0,95990,95990,0,-0.0401
11/4/15,122,113.5416,117.63425,0,0,0,0,0,95990,95990,0,-0.0401
11/5/15,120.92,113.7662,117.56745,0,0,0,0,0,95990,95990,0,-0.0401
11/6/15,121.06,113.929,117.50505,0,0,0,0,0,95990,95990,0,-0.0401
11/9/15,120.57,114.0746,117.43195,0,0,0,0,0,95990,95990,0,-0.0401
11/10/15,116.77,114.1548,117.33365,0,0,0,0,0,95990,95990,0,-0.0401
11/11/15,116.11,114.3226,117.21865,0,0,0,0,0,95990,95990,0,-0.0401
11/12/15,115.72,114.3902,117.10555,0,0,0,0,0,95990,95990,0,-0.0401
11/13/15,112.34,114.4296,116.94785,0,0,0,0,0,95990,95990,0,-0.0401
11/16/15,114.175,114.5277,116.8146,0,0,0,0,0,95990,95990,0,-0.0401
11/17/15,113.69,114.5553,116.684,0,0,0,0,0,95990,95990,0,-0.0401
11/18/15,117.29,114.6981,116.6116,0,0,0,0,0,95990,95990,0,-0.0401
11/19/15,118.78,114.8223,116.54515,0,0,0,0,0,95990,95990,0,-0.0401
11/20/15,119.3,114.9241,116.47215,0,0,0,0,0,95990,95990,0,-0.0401
11/23/15,117.75,114.9729,116.38525,0,0,0,0,0,95990,95990,0,-0.0401
11/24/15,118.88,115.0249,116.31405,0,0,0,0,0,95990,95990,0,-0.0401
11/25/15,118.03,115.0573,116.23745,0,0,0,0,0,95990,95990,0,-0.0401
11/27/15,117.81,115.1351,116.18985,0,0,0,0,0,95990,95990,0,-0.0401
11/30/15,118.3,115.2321,116.17215,0,0,0,0,0,95990,95990,0,-0.0401
12/1/15,117.34,115.2747,116.11275,0,0,0,0,0,95990,95990,0,-0.0401
12/2/15,116.28,115.3323,116.01895,0,0,0,0,0,95990,95990,0,-0.0401
12/3/15,115.2,115.3499,115.91485,0,0,0,0,0,95990,95990,0,-0.0401
12/4/15,119.03,115.4305,115.83695,0,0,0,0,0,95990,95990,0,-0.0401
12/7/15,118.28,115.5019,115.73465,0,0,0,0,0,95990,95990,0,-0.0401
12/8/15,118.23,115.6177,115.62075,0,0,0,0,0,95990,95990,0,-0.0401
12/9/15,115.62,115.7489,115.45625,1,1,500,500,57810,38180,95990,0,-0.0401
12/10/15,116.17,115.8663,115.31045,1,0,500,0,58085,38180,96265,0.002864881759,-0.03735
12/11/15,113.18,115.9383,115.19005,1,0,500,0,56590,38180,94770,-0.01553004727,-0.0523
12/14/15,112.48,115.9803,115.06325,1,0,500,0,56240,38180,94420,-0.003693151841,-0.0558
12/15/15,110.49,115.9745,114.92315,1,0,500,0,55245,38180,93425,-0.01053802161,-0.06575
12/16/15,111.34,115.9751,114.80885,1,0,500,0,55670,38180,93850,0.004549103559,-0.0615
12/17/15,108.98,115.9391,114.66485,1,0,500,0,54490,38180,92670,-0.01257325519,-0.0733
12/18/15,106.03,115.8697,114.49525,1,0,500,0,53015,38180,91195,-0.01591669364,-0.08805
12/21/15,107.33,115.7739,114.34485,1,0,500,0,53665,38180,91845,0.007127583749,-0.08155
12/22/15,107.23,115.6865,114.20415,1,0,500,0,53615,38180,91795,-0.0005443954489,-0.08205
12/23/15,108.61,115.6229,114.10585,1,0,500,0,54305,38180,92485,0.007516749278,-0.07515
12/24/15,108.03,115.5793,114.03975,1,0,500,0,54015,38180,92195,-0.003135643618,-0.07805
12/28/15,106.82,115.4785,113.95395,1,0,500,0,53410,38180,91590,-0.006562177992,-0.0841
12/29/15,108.74,115.4325,113.89005,1,0,500,0,54370,38180,92550,0.01048149361,-0.0745
12/30/15,107.32,115.3443,113.80805,1,0,500,0,53660,38180,91840,-0.007671528903,-0.0816
12/31/15,105.26,115.1741,113.66345,1,0,500,0,52630,38180,90810,-0.01121515679,-0.0919
1/4/16,105.35,115.0059,113.58205,1,0,500,0,52675,38180,90855,0.0004955401388,-0.09145
1/5/16,102.71,114.7501,113.45675,1,0,500,0,51355,38180,89535,-0.01452864454,-0.10465
1/6/16,100.7,114.3825,113.31225,1,0,500,0,50350,38180,88530,-0.01122466075,-0.1147
1/7/16,96.45,114.0059,113.11715,1,0,500,0,48225,38180,86405,-0.02400316277,-0.13595
1/8/16,96.96,113.6541,112.91515,1,0,500,0,48480,38180,86660,0.002951218101,-0.1334
1/11/16,98.53,113.2393,112.73545,1,0,500,0,49265,38180,87445,0.009058389107,-0.12555
1/12/16,99.96,112.8279,112.58495,1,0,500,0,49980,38180,88160,0.008176568129,-0.1184
1/13/16,97.39,112.3857,112.43235,0,-1,0,-500,0,86875,86875,-0.01457577132,-0.13125
1/14/16,99.52,111.9525,112.36995,0,0,0,0,0,86875,86875,0,-0.13125
1/15/16,97.13,111.4437,112.31005,0,0,0,0,0,86875,86875,0,-0.13125
1/19/16,96.66,110.9369,112.23925,0,0,0,0,0,86875,86875,0,-0.13125
1/20/16,96.79,110.4543,112.11025,0,0,0,0,0,86875,86875,0,-0.13125
1/21/16,96.3,109.9591,111.94405,0,0,0,0,0,86875,86875,0,-0.13125
1/22/16,101.42,109.5761,111.82535,0,0,0,0,0,86875,86875,0,-0.13125
1/25/16,99.44,109.2295,111.69215,0,0,0,0,0,86875,86875,0,-0.13125
1/26/16,99.99,108.9071,111.61485,0,0,0,0,0,86875,86875,0,-0.13125
1/27/16,93.42,108.4611,111.42565,0,0,0,0,0,86875,86875,0,-0.13125
1/28/16,94.09,108.0961,111.26285,0,0,0,0,0,86875,86875,0,-0.13125
1/29/16,97.34,107.7594,111.14355,0,0,0,0,0,86875,86875,0,-0.13125
2/1/16,96.43,107.4142,110.98475,0,0,0,0,0,86875,86875,0,-0.13125
2/2/16,94.48,106.958,110.82805,0,0,0,0,0,86875,86875,0,-0.13125
2/3/16,96.35,106.5094,110.66585,0,0,0,0,0,86875,86875,0,-0.13125
2/4/16,96.6,106.0554,110.48975,0,0,0,0,0,86875,86875,0,-0.13125
2/5/16,94.02,105.5808,110.27685,0,0,0,0,0,86875,86875,0,-0.13125
2/8/16,95.01,105.1034,110.06415,0,0,0,0,0,86875,86875,0,-0.13125
2/9/16,94.99,104.6426,109.84995,0,0,0,0,0,86875,86875,0,-0.13125
2/10/16,94.27,104.1718,109.65345,0,0,0,0,0,86875,86875,0,-0.13125
2/11/16,93.7,103.6798,109.45595,0,0,0,0,0,86875,86875,0,-0.13125
2/12/16,93.99,103.2128,109.24375,0,0,0,0,0,86875,86875,0,-0.13125
2/16/16,96.64,102.82,109.07615,0,0,0,0,0,86875,86875,0,-0.13125
2/17/16,98.12,102.4784,108.91415,0,0,0,0,0,86875,86875,0,-0.13125
2/18/16,96.26,102.023,108.72675,0,0,0,0,0,86875,86875,0,-0.13125
2/19/16,96.04,101.5782,108.54005,0,0,0,0,0,86875,86875,0,-0.13125
2/22/16,96.88,101.1512,108.38445,0,0,0,0,0,86875,86875,0,-0.13125
2/23/16,94.69,100.7326,108.24075,0,0,0,0,0,86875,86875,0,-0.13125
2/24/16,96.1,100.3312,108.09875,0,0,0,0,0,86875,86875,0,-0.13125
2/25/16,96.76,100.0028,107.97055,0,0,0,0,0,86875,86875,0,-0.13125
2/26/16,96.91,99.6914,107.83585,0,0,0,0,0,86875,86875,0,-0.13125
2/29/16,96.69,99.4154,107.69495,0,0,0,0,0,86875,86875,0,-0.13125
3/1/16,100.53,99.1992,107.58715,0,0,0,0,0,86875,86875,0,-0.13125
3/2/16,100.75,99.0346,107.48685,0,0,0,0,0,86875,86875,0,-0.13125
3/3/16,101.5,98.944,107.40685,0,0,0,0,0,86875,86875,0,-0.13125
3/4/16,103.01,98.8576,107.31575,0,0,0,0,0,86875,86875,0,-0.13125
3/7/16,101.87,98.7504,107.21845,0,0,0,0,0,86875,86875,0,-0.13125
3/8/16,101.03,98.5988,107.11085,0,0,0,0,0,86875,86875,0,-0.13125
3/9/16,101.12,98.4606,107.01995,0,0,0,0,0,86875,86875,0,-0.13125
3/10/16,101.17,98.3476,106.91305,0,0,0,0,0,86875,86875,0,-0.13125
3/11/16,102.26,98.218,106.82525,0,0,0,0,0,86875,86875,0,-0.13125
3/14/16,102.52,98.122,106.73315,0,0,0,0,0,86875,86875,0,-0.13125
3/15/16,104.58,98.1084,106.64125,0,0,0,0,0,86875,86875,0,-0.13125
3/16/16,105.97,98.1208,106.56335,0,0,0,0,0,86875,86875,0,-0.13125
3/17/16,105.8,98.1826,106.46635,0,0,0,0,0,86875,86875,0,-0.13125
3/18/16,105.92,98.287,106.33475,0,0,0,0,0,86875,86875,0,-0.13125
3/21/16,105.91,98.4762,106.24105,0,0,0,0,0,86875,86875,0,-0.13125
3/22/16,106.72,98.6714,106.16275,0,0,0,0,0,86875,86875,0,-0.13125
3/23/16,106.13,98.8234,106.03135,0,0,0,0,0,86875,86875,0,-0.13125
3/24/16,105.67,98.9376,105.88275,0,0,0,0,0,86875,86875,0,-0.13125
3/28/16,105.19,99.0936,105.73965,0,0,0,0,0,86875,86875,0,-0.13125
3/29/16,107.68,99.2568,105.60465,0,0,0,0,0,86875,86875,0,-0.13125
3/30/16,109.56,99.5054,105.47455,0,0,0,0,0,86875,86875,0,-0.13125
3/31/16,108.99,99.752,105.34445,0,0,0,0,0,86875,86875,0,-0.13125
4/1/16,109.99,100.016,105.23515,0,0,0,0,0,86875,86875,0,-0.13125
4/4/16,111.12,100.3124,105.13575,0,0,0,0,0,86875,86875,0,-0.13125
4/5/16,109.81,100.4802,105.02815,0,0,0,0,0,86875,86875,0,-0.13125
4/6/16,110.96,100.7106,104.97005,0,0,0,0,0,86875,86875,0,-0.13125
4/7/16,108.54,100.8816,104.89435,0,0,0,0,0,86875,86875,0,-0.13125
4/8/16,108.66,101.1864,104.82375,0,0,0,0,0,86875,86875,0,-0.13125
4/11/16,109.02,101.485,104.79055,0,0,0,0,0,86875,86875,0,-0.13125
4/12/16,110.44,101.747,104.7532,0,0,0,0,0,86875,86875,0,-0.13125
4/13/16,112.04,102.0592,104.7367,0,0,0,0,0,86875,86875,0,-0.13125
4/14/16,112.1,102.4116,104.6848,0,0,0,0,0,86875,86875,0,-0.13125
4/15/16,109.85,102.6816,104.5955,0,0,0,0,0,86875,86875,0,-0.13125
4/18/16,107.48,102.8992,104.4773,0,0,0,0,0,86875,86875,0,-0.13125
4/19/16,106.91,103.157,104.3689,0,0,0,0,0,86875,86875,0,-0.13125
4/20/16,107.13,103.3994,104.2514,0,0,0,0,0,86875,86875,0,-0.13125
4/21/16,105.97,103.619,104.1308,0,0,0,0,0,86875,86875,0,-0.13125
4/22/16,105.68,103.8472,104.0095,0,0,0,0,0,86875,86875,0,-0.13125
4/25/16,105.08,104.0748,103.8773,1,1,500,500,52540,34335,86875,0,-0.13125
4/26/16,104.35,104.282,103.7474,1,0,500,0,52175,34335,86510,-0.004201438849,-0.1349
4/27/16,97.82,104.3056,103.5628,1,0,500,0,48910,34335,83245,-0.03774130158,-0.16755
4/28/16,94.83,104.2398,103.3591,1,0,500,0,47415,34335,81750,-0.01795903658,-0.1825
4/29/16,93.74,104.1894,103.1062,1,0,500,0,46870,34335,81205,-0.006666666667,-0.18795
5/2/16,93.64,104.1414,102.8598,1,0,500,0,46820,34335,81155,-0.0006157256327,-0.18845
5/3/16,95.18,104.1074,102.6293,1,0,500,0,47590,34335,81925,0.009488016758,-0.18075
5/4/16,94.19,104.0974,102.415,1,0,500,0,47095,34335,81430,-0.006042111688,-0.1857
5/5/16,93.24,104.0402,102.1857,1,0,500,0,46620,34335,80955,-0.005833230996,-0.19045
5/6/16,92.72,103.9594,101.9811,1,0,500,0,46360,34335,80695,-0.003211660799,-0.19305
5/9/16,92.79,103.877,101.7842,1,0,500,0,46395,34335,80730,0.0004337319537,-0.1927
5/10/16,93.42,103.8116,101.6135,1,0,500,0,46710,34335,81045,0.003901895206,-0.18955
5/11/16,92.51,103.6512,101.4252,1,0,500,0,46255,34335,80590,-0.00561416497,-0.1941
5/12/16,90.34,103.443,101.2388,1,0,500,0,45170,34335,79505,-0.01346320883,-0.20495
5/13/16,90.52,103.2234,101.0837,1,0,500,0,45260,34335,79595,0.001132004276,-0.20405
5/16/16,93.88,103.0408,100.9492,1,0,500,0,46940,34335,81275,0.02110685345,-0.18725
5/17/16,93.49,102.8732,100.8118,1,0,500,0,46745,34335,81080,-0.002399261766,-0.1892
5/18/16,94.56,102.7438,100.6713,1,0,500,0,47280,34335,81615,0.006598421312,-0.18385
5/19/16,94.2,102.6054,100.533,1,0,500,0,47100,34335,81435,-0.002205476934,-0.18565
5/20/16,95.22,102.4864,100.417,1,0,500,0,47610,34335,81945,0.006262663474,-0.18055
5/23/16,96.43,102.3698,100.2939,1,0,500,0,48215,34335,82550,0.007383000793,-0.1745
5/24/16,97.9,102.2774,100.1997,1,0,500,0,48950,34335,83285,0.00890369473,-0.16715
5/25/16,99.62,102.1782,100.1433,1,0,500,0,49810,34335,84145,0.01032598907,-0.15855
5/26/16,100.41,102.067,100.0939,1,0,500,0,50205,34335,84540,0.004694277735,-0.1546
5/27/16,100.35,101.958,100.0703,1,0,500,0,50175,34335,84510,-0.000354861604,-0.1549
5/31/16,99.86,101.8368,100.0619,1,0,500,0,49930,34335,84265,-0.002899065199,-0.15735
6/1/16,98.46,101.6878,100.082,1,0,500,0,49230,34335,83565,-0.008307126328,-0.16435
6/2/16,97.72,101.5078,100.0896,1,0,500,0,48860,34335,83195,-0.004427691019,-0.16805
6/3/16,97.92,101.3436,100.0835,1,0,500,0,48960,34335,83295,0.001201995312,-0.16705
6/6/16,98.63,101.2028,100.0702,1,0,500,0,49315,34335,83650,0.004261960502,-0.1635
6/7/16,99.03,101.0796,100.0866,1,0,500,0,49515,34335,83850,0.002390914525,-0.1615
6/8/16,98.94,100.9048,100.0808,1,0,500,0,49470,34335,83805,-0.0005366726297,-0.16195
6/9/16,99.65,100.7066,100.106,1,0,500,0,49825,34335,84160,0.004236024104,-0.1584
6/10/16,98.83,100.5034,100.1277,1,0,500,0,49415,34335,83750,-0.004871673004,-0.1625
6/13/16,97.34,100.2504,100.1332,1,0,500,0,48670,34335,83005,-0.008895522388,-0.16995
6/14/16,97.46,99.9772,100.1448,0,-1,0,-500,0,83065,83065,0.0007228480212,-0.16935
6/15/16,97.14,99.7238,100.102,0,0,0,0,0,83065,83065,0,-0.16935
6/16/16,97.55,99.4556,100.0831,0,0,0,0,0,83065,83065,0,-0.16935
6/17/16,95.33,99.1914,100.0365,0,0,0,0,0,83065,83065,0,-0.16935
6/20/16,95.1,98.9202,100.0533,0,0,0,0,0,83065,83065,0,-0.16935
6/21/16,95.91,98.658,100.0715,0,0,0,0,0,83065,83065,0,-0.16935
6/22/16,95.55,98.3602,100.0536,0,0,0,0,0,83065,83065,0,-0.16935
6/23/16,96.1,98.0414,100.0503,0,0,0,0,0,83065,83065,0,-0.16935
6/24/16,93.4,97.6674,100.0395,0,0,0,0,0,83065,83065,0,-0.16935
6/27/16,92.04,97.3112,99.9964,0,0,0,0,0,83065,83065,0,-0.16935
6/28/16,93.59,97.0334,99.9663,0,0,0,0,0,83065,83065,0,-0.16935
6/29/16,94.4,96.7832,99.9701,0,0,0,0,0,83065,83065,0,-0.16935
6/30/16,95.6,96.5526,99.976,0,0,0,0,0,83065,83065,0,-0.16935
7/1/16,95.89,96.351,99.985,0,0,0,0,0,83065,83065,0,-0.16935
7/5/16,94.99,96.1372,99.9922,0,0,0,0,0,83065,83065,0,-0.16935
7/6/16,95.53,95.9462,100.0105,0,0,0,0,0,83065,83065,0,-0.16935
7/7/16,95.94,95.778,100.03,0,0,0,0,0,83065,83065,0,-0.16935
7/8/16,96.68,95.7552,100.0304,0,0,0,0,0,83065,83065,0,-0.16935
7/11/16,96.98,95.7982,100.019,0,0,0,0,0,83065,83065,0,-0.16935
7/12/16,97.42,95.8718,100.0306,0,0,0,0,0,83065,83065,0,-0.16935
7/13/16,96.87,95.9364,100.0389,0,0,0,0,0,83065,83065,0,-0.16935
7/14/16,98.79,96.0086,100.058,0,0,0,0,0,83065,83065,0,-0.16935
7/15/16,98.78,96.1004,100.0989,0,0,0,0,0,83065,83065,0,-0.16935
7/18/16,99.83,96.2322,100.1362,0,0,0,0,0,83065,83065,0,-0.16935
7/19/16,99.87,96.3752,100.1673,0,0,0,0,0,83065,83065,0,-0.16935
7/20/16,99.96,96.5186,100.1978,0,0,0,0,0,83065,83065,0,-0.16935
7/21/16,99.43,96.6388,100.2252,0,0,0,0,0,83065,83065,0,-0.16935
7/22/16,98.66,96.7618,100.2065,0,0,0,0,0,83065,83065,0,-0.16935
7/25/16,97.34,96.9018,100.1724,0,0,0,0,0,83065,83065,0,-0.16935
7/26/16,96.67,97.0248,100.1241,0,0,0,0,0,83065,83065,0,-0.16935
7/27/16,102.95,97.2062,100.1235,0,0,0,0,0,83065,83065,0,-0.16935
7/28/16,104.34,97.4232,100.1482,0,0,0,0,0,83065,83065,0,-0.16935
7/29/16,104.21,97.6162,100.18,0,0,0,0,0,83065,83065,0,-0.16935
8/1/16,106.05,97.8532,100.2293,0,0,0,0,0,83065,83065,0,-0.16935
8/2/16,104.48,98.0384,100.2624,0,0,0,0,0,83065,83065,0,-0.16935
8/3/16,105.79,98.2256,100.2977,0,0,0,0,0,83065,83065,0,-0.16935
8/4/16,105.87,98.385,100.3312,0,0,0,0,0,83065,83065,0,-0.16935
8/5/16,107.48,98.5422,100.3602,0,0,0,0,0,83065,83065,0,-0.16935
8/8/16,108.37,98.7014,100.3842,0,0,0,0,0,83065,83065,0,-0.16935
8/9/16,108.81,98.8706,100.4143,0,0,0,0,0,83065,83065,0,-0.16935
8/10/16,108,99.0334,100.4351,0,0,0,0,0,83065,83065,0,-0.16935
8/11/16,107.93,99.2228,100.4553,0,0,0,0,0,83065,83065,0,-0.16935
8/12/16,108.18,99.432,100.4699,0,0,0,0,0,83065,83065,0,-0.16935
8/15/16,109.48,99.6632,100.5034,0,0,0,0,0,83065,83065,0,-0.16935
8/16/16,109.38,99.8782,100.5405,0,0,0,0,0,83065,83065,0,-0.16935
8/17/16,109.22,100.082,100.5808,0,0,0,0,0,83065,83065,0,-0.16935
8/18/16,109.08,100.2848,100.5948,0,0,0,0,0,83065,83065,0,-0.16935
8/19/16,109.36,100.479,100.5928,0,0,0,0,0,83065,83065,0,-0.16935
8/22/16,108.51,100.6726,100.588,1,1,500,500,54255,28810,83065,0,-0.16935
8/23/16,108.85,100.9028,100.5766,1,0,500,0,54425,28810,83235,0.00204659002,-0.16765
8/24/16,108.03,101.1142,100.5457,1,0,500,0,54015,28810,82825,-0.004925812459,-0.17175
8/25/16,107.57,101.3228,100.5233,1,0,500,0,53785,28810,82595,-0.00277693933,-0.17405
8/26/16,106.94,101.5106,100.4831,1,0,500,0,53470,28810,82280,-0.003813790181,-0.1772
8/29/16,106.82,101.7404,100.4659,1,0,500,0,53410,28810,82220,-0.0007292173068,-0.1778
8/30/16,106,101.9584,100.4393,1,0,500,0,53000,28810,81810,-0.00498662126,-0.1819
8/31/16,106.1,102.1622,100.4101,1,0,500,0,53050,28810,81860,0.0006111722283,-0.1814
9/1/16,106.73,102.3858,100.373,1,0,500,0,53365,28810,82175,0.003848033227,-0.17825
9/2/16,107.73,102.6184,100.3299,1,0,500,0,53865,28810,82675,0.006084575601,-0.17325
9/6/16,107.7,102.9044,100.2859,1,0,500,0,53850,28810,82660,-0.0001814333233,-0.1734
9/7/16,108.36,103.2308,100.271,1,0,500,0,54180,28810,82990,0.00399225744,-0.1701
9/8/16,105.52,103.4694,100.2514,1,0,500,0,52760,28810,81570,-0.01711049524,-0.1843
9/9/16,103.13,103.644,100.2136,1,0,500,0,51565,28810,80375,-0.01464999387,-0.19625
9/12/16,105.44,103.8408,100.1967,1,0,500,0,52720,28810,81530,0.01437013997,-0.1847
9/13/16,107.95,104.082,100.2165,1,0,500,0,53975,28810,82785,0.01539310683,-0.17215
9/14/16,111.77,104.4176,100.2774,1,0,500,0,55885,28810,84695,0.02307181253,-0.15305
9/15/16,115.57,104.8184,100.3823,1,0,500,0,57785,28810,86595,0.02243343763,-0.13405
9/16/16,114.92,105.198,100.488,1,0,500,0,57460,28810,86270,-0.003753103528,-0.1373
9/19/16,113.58,105.536,100.6456,1,0,500,0,56790,28810,85600,-0.007766315057,-0.144
9/20/16,113.57,105.8678,100.833,1,0,500,0,56785,28810,85595,-5.84E-05,-0.14405
9/21/16,113.55,106.1904,101.0311,1,0,500,0,56775,28810,85585,-0.000116829254,-0.14415
9/22/16,114.62,106.5454,101.2409,1,0,500,0,57310,28810,86120,0.006251095402,-0.1388
9/23/16,112.71,106.8238,101.4162,1,0,500,0,56355,28810,85165,-0.01108917789,-0.14835
9/26/16,112.88,107.1058,101.6031,1,0,500,0,56440,28810,85250,0.0009980625844,-0.1475
9/27/16,113.09,107.371,101.8016,1,0,500,0,56545,28810,85355,0.001231671554,-0.14645
9/28/16,113.95,107.6526,102.0139,1,0,500,0,56975,28810,85785,0.005037783375,-0.14215
9/29/16,112.18,107.897,102.2078,1,0,500,0,56090,28810,84900,-0.0103164889,-0.151
9/30/16,113.05,108.1694,102.4041,1,0,500,0,56525,28810,85335,0.005123674912,-0.14665
10/3/16,112.52,108.4466,102.6042,1,0,500,0,56260,28810,85070,-0.003105408097,-0.1493
10/4/16,113,108.7598,102.8308,1,0,500,0,56500,28810,85310,0.002821206066,-0.1469
10/5/16,113.05,109.0874,103.0561,1,0,500,0,56525,28810,85335,0.0002930488806,-0.14665
10/6/16,113.89,109.3062,103.2562,1,0,500,0,56945,28810,85755,0.004921778872,-0.14245
10/7/16,114.06,109.5006,103.4619,1,0,500,0,57030,28810,85840,0.0009911958486,-0.1416
10/10/16,116.05,109.7374,103.6768,1,0,500,0,58025,28810,86835,0.01159133271,-0.13165
10/11/16,116.3,109.9424,103.8978,1,0,500,0,58150,28810,86960,0.001439511718,-0.1304
10/12/16,117.34,110.1996,104.119,1,0,500,0,58670,28810,87480,0.00597976081,-0.1252
10/13/16,116.98,110.4234,104.3245,1,0,500,0,58490,28810,87300,-0.002057613169,-0.127
10/14/16,117.63,110.6586,104.5218,1,0,500,0,58815,28810,87625,0.00372279496,-0.12375
10/17/16,117.55,110.86,104.7011,1,0,500,0,58775,28810,87585,-0.0004564907275,-0.12415
10/18/16,117.47,111.042,104.8717,1,0,500,0,58735,28810,87545,-0.0004566992065,-0.12455
10/19/16,117.12,111.2082,105.0394,1,0,500,0,58560,28810,87370,-0.001998971957,-0.1263
10/20/16,117.06,111.3894,105.2114,1,0,500,0,58530,28810,87340,-0.0003433672885,-0.1266
10/21/16,116.6,111.5628,105.3928,1,0,500,0,58300,28810,87110,-0.002633386764,-0.1289
10/24/16,117.65,111.7522,105.5921,1,0,500,0,58825,28810,87635,0.006026862588,-0.12365
10/25/16,118.25,111.9276,105.7954,1,0,500,0,59125,28810,87935,0.003423289781,-0.12065
10/26/16,115.59,112.0518,105.965,1,0,500,0,57795,28810,86605,-0.0151248081,-0.13395
10/27/16,114.48,112.157,106.1195,1,0,500,0,57240,28810,86050,-0.006408405981,-0.1395
10/28/16,113.72,112.2498,106.2673,1,0,500,0,56860,28810,85670,-0.004416037188,-0.1433
10/31/16,113.54,112.3334,106.4062,1,0,500,0,56770,28810,85580,-0.00105054278,-0.1442
11/1/16,111.49,112.393,106.5328,1,0,500,0,55745,28810,84555,-0.01197709745,-0.15445
11/2/16,111.59,112.4478,106.6753,1,0,500,0,55795,28810,84605,0.0005913310863,-0.15395
11/3/16,109.83,112.4838,106.799,1,0,500,0,54915,28810,83725,-0.01040127652,-0.16275
11/4/16,108.84,112.5092,106.916,1,0,500,0,54420,28810,83230,-0.005912212601,-0.1677
11/7/16,110.41,112.5786,107.0446,1,0,500,0,55205,28810,84015,0.009431695302,-0.15985
11/8/16,111.06,112.6634,107.2019,1,0,500,0,55530,28810,84340,0.003868356841,-0.1566
11/9/16,110.88,112.761,107.3597,1,0,500,0,55440,28810,84250,-0.001067109319,-0.1575
11/10/16,107.79,112.7948,107.4785,1,0,500,0,53895,28810,82705,-0.01833827893,-0.17295
11/11/16,108.43,112.8288,107.6073,1,0,500,0,54215,28810,83025,0.003869173569,-0.16975
11/14/16,105.71,112.7884,107.7034,1,0,500,0,52855,28810,81665,-0.01638060825,-0.18335
11/15/16,107.11,112.7766,107.8405,1,0,500,0,53555,28810,82365,0.008571603502,-0.17635
11/16/16,109.99,112.8092,108.02,1,0,500,0,54995,28810,83805,0.01748315425,-0.16195
11/17/16,109.95,112.8978,108.1836,1,0,500,0,54975,28810,83785,-0.0002386492453,-0.16215
11/18/16,110.06,113.0364,108.3402,1,0,500,0,55030,28810,83840,0.0006564420839,-0.1616
11/21/16,111.73,113.1622,108.5015,1,0,500,0,55865,28810,84675,0.009959446565,-0.15325
11/22/16,111.8,113.2392,108.6606,1,0,500,0,55900,28810,84710,0.0004133451432,-0.1529
11/23/16,111.23,113.2284,108.823,1,0,500,0,55615,28810,84425,-0.003364419785,-0.15575
11/25/16,111.79,113.1528,108.9856,1,0,500,0,55895,28810,84705,0.003316553154,-0.15295
11/28/16,111.57,113.0858,109.1419,1,0,500,0,55785,28810,84595,-0.001298624638,-0.15405
11/29/16,111.46,113.0434,109.2897,1,0,500,0,55730,28810,84540,-0.0006501566286,-0.1546
11/30/16,110.52,112.9824,109.4251,1,0,500,0,55260,28810,84070,-0.005559498462,-0.1593
12/1/16,109.49,112.9012,109.5458,1,0,500,0,54745,28810,83555,-0.006125847508,-0.16445
12/2/16,109.9,112.8068,109.6761,1,0,500,0,54950,28810,83760,0.00245347376,-0.1624
12/5/16,109.11,112.7348,109.7793,1,0,500,0,54555,28810,83365,-0.004715854823,-0.16635
12/6/16,109.95,112.6762,109.891,1,0,500,0,54975,28810,83785,0.005038085527,-0.16215
12/7/16,111.03,112.635,110.003,1,0,500,0,55515,28810,84325,0.006445067733,-0.15675
12/8/16,112.12,112.5984,110.1255,1,0,500,0,56060,28810,84870,0.006463089238,-0.1513
12/9/16,113.95,112.6338,110.2654,1,0,500,0,56975,28810,85785,0.01078119477,-0.14215
12/12/16,113.3,112.6388,110.4041,1,0,500,0,56650,28810,85460,-0.00378854112,-0.1454
12/13/16,115.19,112.6922,110.5694,1,0,500,0,57595,28810,86405,0.01105780482,-0.13595
12/14/16,115.19,112.736,110.7479,1,0,500,0,57595,28810,86405,0,-0.13595
12/15/16,115.82,112.7914,110.9394,1,0,500,0,57910,28810,86720,0.00364562236,-0.1328
12/16/16,115.97,112.833,111.0696,1,0,500,0,57985,28810,86795,0.0008648523985,-0.13205
12/19/16,116.64,112.8846,111.1926,1,0,500,0,58320,28810,87130,0.003859669336,-0.1287
12/20/16,116.95,112.9026,111.32,1,0,500,0,58475,28810,87285,0.001778950993,-0.12715
12/21/16,117.06,112.9178,111.4301,1,0,500,0,58530,28810,87340,0.0006301197227,-0.1266
12/22/16,116.29,112.8968,111.5482,1,0,500,0,58145,28810,86955,-0.004408060453,-0.13045
12/23/16,116.52,112.8876,111.6555,1,0,500,0,58260,28810,87070,0.001322523144,-0.1293
12/27/16,117.26,112.8802,111.7694,1,0,500,0,58630,28810,87440,0.004249454462,-0.1256
12/28/16,116.76,112.8644,111.8622,1,0,500,0,58380,28810,87190,-0.002859103385,-0.1281
12/29/16,116.73,112.8496,111.9458,1,0,500,0,58365,28810,87175,-0.0001720380778,-0.12825
12/30/16,115.82,112.8236,112.0159,1,0,500,0,57910,28810,86720,-0.005219386292,-0.1328
1/3/17,116.15,112.8054,112.0974,1,0,500,0,58075,28810,86885,0.001902675277,-0.13115
1/4/17,116.02,112.7938,112.1783,1,0,500,0,58010,28810,86820,-0.0007481153249,-0.1318
1/5/17,116.61,112.773,112.2626,1,0,500,0,58305,28810,87115,0.0033978346,-0.12885
1/6/17,117.91,112.7662,112.3469,1,0,500,0,58955,28810,87765,0.007461401596,-0.12235
1/9/17,118.99,112.8342,112.443,1,0,500,0,59495,28810,88305,0.006152794394,-0.11695
1/10/17,119.11,112.9268,112.5419,1,0,500,0,59555,28810,88365,0.0006794632241,-0.11635
1/11/17,119.75,113.0474,112.6486,1,0,500,0,59875,28810,88685,0.003621343292,-0.11315
1/12/17,119.25,113.1616,112.7475,1,0,500,0,59625,28810,88435,-0.002818966003,-0.11565
1/13/17,119.04,113.3126,112.8528,1,0,500,0,59520,28810,88330,-0.001187312716,-0.1167
1/17/17,120,113.4808,112.9643,1,0,500,0,60000,28810,88810,0.005434167327,-0.1119
1/18/17,119.99,113.684,113.0839,1,0,500,0,59995,28810,88805,-5.63E-05,-0.11195
1/19/17,119.78,113.9028,113.206,1,0,500,0,59890,28810,88700,-0.001182365858,-0.113
1/20/17,120,114.0946,113.3366,1,0,500,0,60000,28810,88810,0.001240135287,-0.1119
1/23/17,120.08,114.275,113.4692,1,0,500,0,60040,28810,88850,0.0004503997298,-0.1115
1/24/17,119.97,114.4568,113.6089,1,0,500,0,59985,28810,88795,-0.0006190208216,-0.11205
1/25/17,121.88,114.7386,113.7667,1,0,500,0,60940,28810,89750,0.01075511009,-0.1025
1/26/17,121.94,115.0088,113.9188,1,0,500,0,60970,28810,89780,0.0003342618384,-0.1022
1/27/17,121.95,115.3336,114.061,1,0,500,0,60975,28810,89785,5.57E-05,-0.10215
1/30/17,121.63,115.624,114.2003,1,0,500,0,60815,28810,89625,-0.001782034861,-0.10375
1/31/17,121.35,115.8512,114.3302,1,0,500,0,60675,28810,89485,-0.001562064156,-0.10515
2/1/17,128.75,116.2272,114.5625,1,0,500,0,64375,28810,93185,0.04134771191,-0.06815
2/2/17,128.53,116.5966,114.8165,1,0,500,0,64265,28810,93075,-0.001180447497,-0.06925
2/3/17,129.08,116.9436,115.0529,1,0,500,0,64540,28810,93350,0.0029546065,-0.0665
2/6/17,130.29,117.3134,115.2763,1,0,500,0,65145,28810,93955,0.006480985538,-0.06045
2/7/17,131.53,117.7194,115.4739,1,0,500,0,65765,28810,94575,0.006598903731,-0.05425
2/8/17,132.04,118.1244,115.6386,1,0,500,0,66020,28810,94830,0.002696272799,-0.0517
2/9/17,132.42,118.5414,115.8136,1,0,500,0,66210,28810,95020,0.002003585363,-0.0498
2/10/17,132.12,118.9546,115.999,1,0,500,0,66060,28810,94870,-0.001578615028,-0.0513
2/13/17,133.29,119.41,116.1962,1,0,500,0,66645,28810,95455,0.006166332877,-0.04545
2/14/17,135.02,119.9206,116.4109,1,0,500,0,67510,28810,96320,0.00906186161,-0.0368
2/15/17,135.51,120.4328,116.6198,1,0,500,0,67755,28810,96565,0.002543604651,-0.03435
2/16/17,135.345,120.9575,116.84615,1,0,500,0,67672.5,28810,96482.5,-0.000854346813,-0.035175
2/17/17,135.72,121.4729,117.07455,1,0,500,0,67860,28810,96670,0.001943357604,-0.0333
2/21/17,136.7,121.9863,117.31065,1,0,500,0,68350,28810,97160,0.005068790731,-0.0284
2/22/17,137.11,122.4861,117.54225,1,0,500,0,68555,28810,97365,0.002109921779,-0.02635
2/23/17,136.53,122.9377,117.78575,1,0,500,0,68265,28810,97075,-0.002978483028,-0.02925
2/24/17,136.66,123.4049,118.02185,1,0,500,0,68330,28810,97140,0.0006695853721,-0.0286
2/27/17,136.93,123.8397,118.26595,1,0,500,0,68465,28810,97275,0.001389746757,-0.02725
2/28/17,136.99,124.2757,118.50585,1,0,500,0,68495,28810,97305,0.0003084040093,-0.02695
3/1/17,139.79,124.7551,118.77325,1,0,500,0,69895,28810,98705,0.01438774986,-0.01295
3/2/17,138.96,125.2149,119.02395,1,0,500,0,69480,28810,98290,-0.004204447596,-0.0171
3/3/17,139.78,125.6777,119.28115,1,0,500,0,69890,28810,98700,0.004171329739,-0.013
3/6/17,139.34,126.1255,119.51405,1,0,500,0,69670,28810,98480,-0.002228976697,-0.0152
3/7/17,139.52,126.5747,119.74625,1,0,500,0,69760,28810,98570,0.0009138911454,-0.0143
3/8/17,139,127.0289,119.96285,1,0,500,0,69500,28810,98310,-0.002637719387,-0.0169
3/9/17,138.68,127.4721,120.17985,1,0,500,0,69340,28810,98150,-0.001627504832,-0.0185
3/10/17,139.14,127.9097,120.39495,1,0,500,0,69570,28810,98380,0.002343352012,-0.0162
3/13/17,139.2,128.3585,120.61145,1,0,500,0,69600,28810,98410,0.0003049400285,-0.0159
3/14/17,138.99,128.8037,120.82665,1,0,500,0,69495,28810,98305,-0.001066964739,-0.01695
3/15/17,140.46,129.2965,121.06005,1,0,500,0,70230,28810,99040,0.007476730583,-0.0096
3/16/17,140.69,129.7873,121.29635,1,0,500,0,70345,28810,99155,0.001161147011,-0.00845
3/17/17,139.99,130.2667,121.53025,1,0,500,0,69995,28810,98805,-0.003529827038,-0.01195
3/20/17,141.46,130.7637,121.76835,1,0,500,0,70730,28810,99540,0.007438894793,-0.0046
3/21/17,139.84,131.2023,121.98425,1,0,500,0,69920,28810,98730,-0.008137432188,-0.0127
3/22/17,141.42,131.6509,122.24255,1,0,500,0,70710,28810,99520,0.008001620581,-0.0048
3/23/17,140.92,132.0871,122.50695,1,0,500,0,70460,28810,99270,-0.002512057878,-0.0073
3/24/17,140.64,132.5049,122.77615,1,0,500,0,70320,28810,99130,-0.001410295155,-0.0087
3/27/17,140.88,132.9375,123.04955,1,0,500,0,70440,28810,99250,0.001210531625,-0.0075
3/28/17,143.8,133.4327,123.37265,1,0,500,0,71900,28810,100710,0.01471032746,0.0071
3/29/17,144.12,133.9151,123.69795,1,0,500,0,72060,28810,100870,0.001588720087,0.0087
3/30/17,143.93,134.3939,124.03895,1,0,500,0,71965,28810,100775,-0.0009418062853,0.00775
3/31/17,143.66,134.8715,124.38715,1,0,500,0,71830,28810,100640,-0.001339617961,0.0064
4/3/17,143.7,135.3455,124.72005,1,0,500,0,71850,28810,100660,0.0001987281399,0.0066
4/4/17,144.77,135.8393,125.05715,1,0,500,0,72385,28810,101195,0.005314921518,0.01195
4/5/17,144.02,136.3203,125.38855,1,0,500,0,72010,28810,100820,-0.003705716686,0.0082
4/6/17,143.66,136.7559,125.74725,1,0,500,0,71830,28810,100640,-0.001785360048,0.0064
4/7/17,143.34,137.1839,126.09635,1,0,500,0,71670,28810,100480,-0.001589825119,0.0048
4/10/17,143.17,137.6083,126.47095,1,0,500,0,71585,28810,100395,-0.0008459394904,0.00395
4/11/17,141.63,138.0083,126.81615,1,0,500,0,70815,28810,99625,-0.007669704667,-0.00375
4/12/17,141.8,138.4173,127.13425,1,0,500,0,70900,28810,99710,0.0008531994981,-0.0029
4/13/17,141.05,138.6633,127.44525,1,0,500,0,70525,28810,99335,-0.003760906629,-0.00665
4/17/17,141.83,138.9293,127.76295,1,0,500,0,70915,28810,99725,0.003926108622,-0.00275
4/18/17,141.2,139.1717,128.05765,1,0,500,0,70600,28810,99410,-0.003158686388,-0.0059
4/19/17,140.68,139.3795,128.34645,1,0,500,0,70340,28810,99150,-0.002615431043,-0.0085
4/20/17,142.44,139.5977,128.65855,1,0,500,0,71220,28810,100030,0.008875441251,0.0003
4/21/17,142.27,139.8023,128.96335,1,0,500,0,71135,28810,99945,-0.0008497450765,-0.00055
4/24/17,143.64,140.0267,129.28405,1,0,500,0,71820,28810,100630,0.006853769573,0.0063
4/25/17,144.53,140.2749,129.61475,1,0,500,0,72265,28810,101075,0.004422140515,0.01075
4/26/17,143.68,140.4827,129.94635,1,0,500,0,71840,28810,100650,-0.004204798417,0.0065
4/27/17,143.79,140.6581,130.28935,1,0,500,0,71895,28810,100705,0.0005464480874,0.00705
4/28/17,143.65,140.8209,130.62685,1,0,500,0,71825,28810,100635,-0.0006950995482,0.00635
5/1/17,146.58,141.0456,131.00155,1,0,500,0,73290,28810,102100,0.0145575595,0.021
5/2/17,147.51,141.2814,131.37715,1,0,500,0,73755,28810,102565,0.004554358472,0.02565
5/3/17,147.06,141.4886,131.73745,1,0,500,0,73530,28810,102340,-0.002193730805,0.0234
5/4/17,146.53,141.677,132.08155,1,0,500,0,73265,28810,102075,-0.002589407856,0.02075
5/5/17,148.96,141.9256,132.43165,1,0,500,0,74480,28810,103290,0.01190301249,0.0329
5/8/17,153.01,142.2526,132.82875,1,0,500,0,76505,28810,105315,0.01960499564,0.05315
5/9/17,153.99,142.5938,133.21675,1,0,500,0,76995,28810,105805,0.004652708541,0.05805
5/10/17,153.26,142.9192,133.59745,1,0,500,0,76630,28810,105440,-0.003449742451,0.0544
5/11/17,153.95,143.2024,133.97875,1,0,500,0,76975,28810,105785,0.003272003035,0.05785
5/12/17,156.1,143.5452,134.38005,1,0,500,0,78050,28810,106860,0.01016212128,0.0686
5/15/17,155.7,143.8636,134.77065,1,0,500,0,77850,28810,106660,-0.001871607711,0.0666
5/16/17,155.47,144.1862,135.15585,1,0,500,0,77735,28810,106545,-0.001078192387,0.06545
5/17/17,150.25,144.4008,135.48775,1,0,500,0,75125,28810,103935,-0.02449669154,0.03935
5/18/17,152.54,144.6716,135.85025,1,0,500,0,76270,28810,105080,0.0110165007,0.0508
5/19/17,153.06,144.9592,136.21565,1,0,500,0,76530,28810,105340,0.002474305291,0.0534
5/22/17,153.99,145.2562,136.58295,1,0,500,0,76995,28810,105805,0.004414277577,0.05805
5/23/17,153.8,145.5482,136.95335,1,0,500,0,76900,28810,105710,-0.0008978781721,0.0571
5/24/17,153.34,145.8352,137.31945,1,0,500,0,76670,28810,105480,-0.002175763882,0.0548
5/25/17,153.87,146.1034,137.69995,1,0,500,0,76935,28810,105745,0.002512324611,0.05745
5/26/17,153.61,146.3618,138.07455,1,0,500,0,76805,28810,105615,-0.001229372547,0.05615
5/30/17,153.67,146.6354,138.45105,1,0,500,0,76835,28810,105645,0.000284050561,0.05645
5/31/17,152.76,146.8614,138.81255,1,0,500,0,76380,28810,105190,-0.004306876804,0.0519
6/1/17,153.18,147.1282,139.16525,1,0,500,0,76590,28810,105400,0.001996387489,0.054
6/2/17,155.45,147.4088,139.52985,1,0,500,0,77725,28810,106535,0.01076850095,0.06535
6/5/17,153.93,147.669,139.87805,1,0,500,0,76965,28810,105775,-0.007133805792,0.05775
6/6/17,154.45,147.9452,140.22505,1,0,500,0,77225,28810,106035,0.002458047743,0.06035
6/7/17,155.37,148.235,140.58625,1,0,500,0,77685,28810,106495,0.00433819022,0.06495
6/8/17,154.99,148.4588,140.94575,1,0,500,0,77495,28810,106305,-0.00178412132,0.06305
6/9/17,148.98,148.556,141.23555,1,0,500,0,74490,28810,103300,-0.02826772024,0.033
6/12/17,145.42,148.5858,141.48985,1,0,500,0,72710,28810,101520,-0.01723136496,0.0152
6/13/17,146.59,148.6444,141.75795,1,0,500,0,73295,28810,102105,0.005762411348,0.02105
6/14/17,145.16,148.6736,142.00955,1,0,500,0,72580,28810,101390,-0.007002595368,0.0139
6/15/17,144.29,148.664,142.25165,1,0,500,0,72145,28810,100955,-0.004290363941,0.00955
6/16/17,142.27,148.629,142.47465,1,0,500,0,71135,28810,99945,-0.01000445743,-0.00055
6/19/17,146.34,148.6826,142.71925,1,0,500,0,73170,28810,101980,0.02036119866,0.0198
6/20/17,145.01,148.716,142.94995,1,0,500,0,72505,28810,101315,-0.006520886448,0.01315
6/21/17,145.87,148.77,143.18915,1,0,500,0,72935,28810,101745,0.004244188916,0.01745
6/22/17,145.63,148.85,143.42915,1,0,500,0,72815,28810,101625,-0.001179419136,0.01625
6/23/17,146.28,148.9396,143.67845,1,0,500,0,73140,28810,101950,0.00319803198,0.0195
6/26/17,145.82,149.035,143.84915,1,0,500,0,72910,28810,101720,-0.002256007847,0.0172
6/27/17,143.73,149.073,144.00115,1,0,500,0,71865,28810,100675,-0.01027329925,0.00675
6/28/17,145.83,149.1656,144.16865,1,0,500,0,72915,28810,101725,0.0104296002,0.01725
6/29/17,143.68,149.2256,144.30255,1,0,500,0,71840,28810,100650,-0.01056770705,0.0065
6/30/17,144.02,149.2572,144.42745,1,0,500,0,72010,28810,100820,0.001689021361,0.0082
7/3/17,143.5,149.2818,144.54205,1,0,500,0,71750,28810,100560,-0.002578853402,0.0056
7/5/17,144.09,149.2908,144.65875,1,0,500,0,72045,28810,100855,0.002933571997,0.00855
7/6/17,142.73,149.2548,144.76485,1,0,500,0,71365,28810,100175,-0.006742352883,0.00175
7/7/17,144.18,149.2648,144.87375,1,0,500,0,72090,28810,100900,0.007237334664,0.009
7/10/17,145.06,149.2902,144.97415,1,0,500,0,72530,28810,101340,0.004360753221,0.0134
7/11/17,145.53,149.3278,145.07435,1,0,500,0,72765,28810,101575,0.002318926386,0.01575
7/12/17,145.74,149.311,145.1783,1,0,500,0,72870,28810,101680,0.001033718927,0.0168
7/13/17,147.77,149.3162,145.2988,1,0,500,0,73885,28810,102695,0.009982297404,0.02695
7/14/17,149.04,149.3558,145.4222,1,0,500,0,74520,28810,103330,0.006183358489,0.0333
7/17/17,149.56,149.4164,145.5467,1,0,500,0,74780,28810,103590,0.0025162102,0.0359
7/18/17,150.08,149.4388,145.6822,1,0,500,0,75040,28810,103850,0.002509894777,0.0385
7/19/17,151.02,149.399,145.8258,1,0,500,0,75510,28810,104320,0.004525758305,0.0432
7/20/17,150.34,149.326,145.9599,1,0,500,0,75170,28810,103980,-0.003259202454,0.0398
7/21/17,150.27,149.2662,146.0927,1,0,500,0,75135,28810,103945,-0.0003366031929,0.03945
7/24/17,152.09,149.229,146.2157,1,0,500,0,76045,28810,104855,0.008754629852,0.04855
7/25/17,152.74,149.1618,146.3535,1,0,500,0,76370,28810,105180,0.003099518383,0.0518
7/26/17,153.46,149.117,146.4903,1,0,500,0,76730,28810,105540,0.003422703936,0.0554
7/27/17,150.56,149.0188,146.6025,1,0,500,0,75280,28810,104090,-0.01373886678,0.0409
7/28/17,149.5,149.0038,146.7023,1,0,500,0,74750,28810,103560,-0.005091747526,0.0356
7/31/17,148.73,148.9276,146.7996,1,0,500,0,74365,28810,103175,-0.003717651603,0.03175
8/1/17,150.05,148.8674,146.9133,1,0,500,0,75025,28810,103835,0.006396898473,0.03835
8/2/17,157.14,148.9304,147.0933,1,0,500,0,78570,28810,107380,0.034140704,0.0738
8/3/17,155.57,148.9658,147.257,1,0,500,0,77785,28810,106595,-0.007310486124,0.06595
8/4/17,156.39,149.0268,147.431,1,0,500,0,78195,28810,107005,0.003846334256,0.07005
8/7/17,158.81,149.1256,147.6145,1,0,500,0,79405,28810,108215,0.01130788281,0.08215
8/8/17,160.08,149.255,147.8084,1,0,500,0,80040,28810,108850,0.005867948066,0.0885
8/9/17,161.06,149.4028,148.0191,1,0,500,0,80530,28810,109340,0.004501607717,0.0934
8/10/17,155.32,149.454,148.1577,1,0,500,0,77660,28810,106470,-0.02624839949,0.0647
8/11/17,157.48,149.54,148.3341,1,0,500,0,78740,28810,107550,0.01014370245,0.0755
8/14/17,159.85,149.628,148.5184,1,0,500,0,79925,28810,108735,0.0110181311,0.08735
8/15/17,161.6,149.7814,148.7252,1,0,500,0,80800,28810,109610,0.008047086955,0.0961
8/16/17,160.95,149.9114,148.9283,1,0,500,0,80475,28810,109285,-0.002965057933,0.09285
8/17/17,157.86,149.9612,149.0981,1,0,500,0,78930,28810,107740,-0.0141373473,0.0774
8/18/17,157.5,150.0114,149.2351,1,0,500,0,78750,28810,107560,-0.001670688695,0.0756
8/21/17,157.21,150.176,149.366,1,0,500,0,78605,28810,107415,-0.00134808479,0.07415
8/22/17,159.78,150.4632,149.5245,1,0,500,0,79890,28810,108700,0.01196294745,0.087
8/23/17,159.98,150.731,149.6877,1,0,500,0,79990,28810,108800,0.0009199632015,0.088
8/24/17,159.27,151.0132,149.8434,1,0,500,0,79635,28810,108445,-0.003262867647,0.08445
8/25/17,159.86,151.3246,149.9943,1,0,500,0,79930,28810,108740,0.002720272949,0.0874
8/28/17,161.47,151.7086,150.1688,1,0,500,0,80735,28810,109545,0.007402979584,0.09545
8/29/17,162.91,152.04,150.3613,1,0,500,0,81455,28810,110265,0.00657264138,0.10265
8/30/17,163.35,152.4068,150.5614,1,0,500,0,81675,28810,110485,0.001995193398,0.10485
8/31/17,164,152.7694,150.7697,1,0,500,0,82000,28810,110810,0.00294157578,0.1081
9/1/17,164.05,153.1378,150.9939,1,0,500,0,82025,28810,110835,0.0002256114069,0.10835
9/5/17,162.08,153.4538,151.1967,1,0,500,0,81040,28810,109850,-0.008887084405,0.0985
9/6/17,161.91,153.7756,151.4053,1,0,500,0,80955,28810,109765,-0.0007737824306,0.09765
9/7/17,161.26,154.1262,151.5996,1,0,500,0,80630,28810,109440,-0.002960870952,0.0944
9/8/17,158.63,154.3822,151.7739,1,0,500,0,79315,28810,108125,-0.01201571637,0.08125
9/11/17,161.5,154.7386,151.9821,1,0,500,0,80750,28810,109560,0.0132716763,0.0956
9/12/17,160.86,155.0754,152.1663,1,0,500,0,80430,28810,109240,-0.002920774005,0.0924
9/13/17,159.65,155.3984,152.3401,1,0,500,0,79825,28810,108635,-0.005538264372,0.08635
9/14/17,158.28,155.6822,152.4865,1,0,500,0,79140,28810,107950,-0.006305518479,0.0795
9/15/17,159.88,156.0252,152.64,1,0,500,0,79940,28810,108750,0.007410838351,0.0875
9/18/17,158.67,156.315,152.7899,1,0,500,0,79335,28810,108145,-0.005563218391,0.08145
9/19/17,158.73,156.5884,152.9393,1,0,500,0,79365,28810,108175,0.0002774053354,0.08175
9/20/17,156.07,156.7992,153.0635,1,0,500,0,78035,28810,106845,-0.01229489254,0.06845
9/21/17,153.39,156.9522,153.1316,1,0,500,0,76695,28810,105505,-0.01254153213,0.05505
9/22/17,151.89,157.0346,153.1754,1,0,500,0,75945,28810,104755,-0.007108667836,0.04755
9/25/17,150.55,157.0648,153.2103,1,0,500,0,75275,28810,104085,-0.006395876092,0.04085
9/26/17,153.14,157.1364,153.2764,1,0,500,0,76570,28810,105380,0.01244175434,0.0538
9/27/17,154.23,157.2194,153.3291,1,0,500,0,77115,28810,105925,0.005171759347,0.05925
9/28/17,153.28,157.2646,153.3318,1,0,500,0,76640,28810,105450,-0.004484304933,0.0545
9/29/17,154.12,157.3402,153.3331,1,0,500,0,77060,28810,105870,0.003982930299,0.0587
10/2/17,153.81,157.411,153.3386,1,0,500,0,76905,28810,105715,-0.001464059696,0.05715
10/3/17,154.48,157.4588,153.3439,1,0,500,0,77240,28810,106050,0.003168897507,0.0605
10/4/17,153.48,157.4736,153.3177,1,0,500,0,76740,28810,105550,-0.00471475719,0.0555
10/5/17,155.39,157.5122,153.3146,1,0,500,0,77695,28810,106505,0.009047844623,0.06505
10/6/17,155.3,157.607,153.3129,1,0,500,0,77650,28810,106460,-0.0004225153749,0.0646
10/9/17,155.84,157.7338,153.3688,1,0,500,0,77920,28810,106730,0.002536163817,0.0673
10/10/17,155.9,157.8772,153.4024,1,0,500,0,77950,28810,106760,0.0002810831069,0.0676
10/11/17,156.55,158.0072,153.4373,1,0,500,0,78275,28810,107085,0.003044211315,0.07085
10/12/17,156,157.9844,153.4574,1,0,500,0,78000,28810,106810,-0.002568053416,0.0681
10/13/17,156.99,158.0128,153.4893,1,0,500,0,78495,28810,107305,0.004634397528,0.07305
10/16/17,159.88,158.0826,153.5547,1,0,500,0,79940,28810,108750,0.01346628768,0.0875
10/17/17,160.47,158.1158,153.6207,1,0,500,0,80235,28810,109045,0.002712643678,0.09045
10/18/17,159.76,158.1094,153.6822,1,0,500,0,79880,28810,108690,-0.003255536705,0.0869
10/19/17,155.98,158.0078,153.7053,1,0,500,0,77990,28810,106800,-0.01738890422,0.068
10/20/17,156.25,158.0264,153.7402,1,0,500,0,78125,28810,106935,0.001264044944,0.06935
10/23/17,156.17,158.0002,153.7701,1,0,500,0,78085,28810,106895,-0.0003740590078,0.06895
10/24/17,157.1,157.9452,153.7866,1,0,500,0,78550,28810,107360,0.004350063146,0.0736
10/25/17,156.41,157.8414,153.8114,1,0,500,0,78205,28810,107015,-0.003213487332,0.07015
10/26/17,157.41,157.7706,153.841,1,0,500,0,78705,28810,107515,0.004672242209,0.07515
10/27/17,163.05,157.8744,153.9178,1,0,500,0,81525,28810,110335,0.02622889829,0.10335
10/30/17,166.72,158.0588,154.0351,1,0,500,0,83360,28810,112170,0.01663116871,0.1217
10/31/17,169.04,158.2954,154.2357,1,0,500,0,84520,28810,113330,0.01034144602,0.1333
11/1/17,166.89,158.4376,154.4504,1,0,500,0,83445,28810,112255,-0.009485573105,0.12255
11/2/17,168.11,158.6002,154.6656,1,0,500,0,84055,28810,112865,0.005434056389,0.12865
11/3/17,172.5,158.8648,154.939,1,0,500,0,86250,28810,115060,0.01944801311,0.1506
11/6/17,174.25,159.1526,155.2386,1,0,500,0,87125,28810,115935,0.007604727968,0.15935
11/7/17,174.81,159.4194,155.564,1,0,500,0,87405,28810,116215,0.002415146418,0.16215
11/8/17,176.24,159.686,155.863,1,0,500,0,88120,28810,116930,0.006152389967,0.1693
11/9/17,175.88,159.9366,156.1717,1,0,500,0,87940,28810,116750,-0.001539382537,0.1675
11/10/17,174.67,160.15,156.4597,1,0,500,0,87335,28810,116145,-0.005182012848,0.16145
11/13/17,173.97,160.3484,156.7431,1,0,500,0,86985,28810,115795,-0.003013474536,0.15795
11/14/17,171.34,160.5336,156.9937,1,0,500,0,85670,28810,114480,-0.01135627618,0.1448
11/15/17,169.08,160.677,157.2263,1,0,500,0,84540,28810,113350,-0.009870719776,0.1335
11/16/17,171.1,160.8738,157.5,1,0,500,0,85550,28810,114360,0.008910454345,0.1436
11/17/17,170.15,161.1042,157.7432,1,0,500,0,85075,28810,113885,-0.004153550192,0.13885
11/20/17,169.98,161.2738,158.0062,1,0,500,0,84990,28810,113800,-0.0007463669491,0.138
11/21/17,173.14,161.5194,158.2974,1,0,500,0,86570,28810,115380,0.01388400703,0.1538
11/22/17,174.96,161.8256,158.612,1,0,500,0,87480,28810,116290,0.007886982146,0.1629
11/24/17,174.97,162.1594,158.9208,1,0,500,0,87485,28810,116295,4.30E-05,0.16295
11/27/17,174.09,162.4436,159.2344,1,0,500,0,87045,28810,115855,-0.003783481663,0.15855
11/28/17,173.07,162.7316,159.5233,1,0,500,0,86535,28810,115345,-0.004402054292,0.15345
11/29/17,169.48,162.9466,159.7675,1,0,500,0,84740,28810,113550,-0.01556200962,0.1355
11/30/17,171.85,163.2622,160.0307,1,0,500,0,85925,28810,114735,0.01043593131,0.14735
12/1/17,171.05,163.6154,160.2838,1,0,500,0,85525,28810,114335,-0.003486294505,0.14335
12/4/17,169.8,163.9736,160.5041,1,0,500,0,84900,28810,113710,-0.005466392618,0.1371
12/5/17,169.64,164.3554,160.7101,1,0,500,0,84820,28810,113630,-0.0007035441034,0.1363
12/6/17,169.01,164.6728,160.9046,1,0,500,0,84505,28810,113315,-0.002772155241,0.13315
12/7/17,169.32,164.9746,161.097,1,0,500,0,84660,28810,113470,0.001367868332,0.1347
12/8/17,169.37,165.2964,161.2805,1,0,500,0,84685,28810,113495,0.0002203225522,0.13495
12/11/17,172.67,165.6674,161.5038,1,0,500,0,86335,28810,115145,0.01453808538,0.15145
12/12/17,171.7,166.0252,161.7181,1,0,500,0,85850,28810,114660,-0.00421208042,0.1466
12/13/17,172.27,166.381,161.9199,1,0,500,0,86135,28810,114945,0.002485609628,0.14945
12/14/17,172.22,166.7558,162.1147,1,0,500,0,86110,28810,114920,-0.0002174953239,0.1492
12/15/17,173.97,167.1274,162.3198,1,0,500,0,86985,28810,115795,0.007613992342,0.15795
12/18/17,176.42,167.5498,162.5784,1,0,500,0,88210,28810,117020,0.01057904055,0.1702
12/19/17,174.54,167.9238,162.8288,1,0,500,0,87270,28810,116080,-0.008032814903,0.1608
12/20/17,174.35,168.2928,163.085,1,0,500,0,87175,28810,115985,-0.0008184011027,0.15985
12/21/17,175.01,168.662,163.3346,1,0,500,0,87505,28810,116315,0.002845195499,0.16315
12/22/17,175.01,169.0422,163.5133,1,0,500,0,87505,28810,116315,0,0.16315
12/26/17,170.57,169.3138,163.6633,1,0,500,0,85285,28810,114095,-0.01908610239,0.14095
12/27/17,170.6,169.5282,163.8054,1,0,500,0,85300,28810,114110,0.0001314693895,0.1411
12/28/17,171.08,169.7404,163.9281,1,0,500,0,85540,28810,114350,0.002103233722,0.1435
12/29/17,169.23,169.9298,164.0196,1,0,500,0,84615,28810,113425,-0.008089199825,0.13425
1/2/18,172.26,170.2554,164.1316,1,0,500,0,86130,28810,114940,0.01335684373,0.1494
1/3/18,172.23,170.575,164.3007,1,0,500,0,86115,28810,114925,-0.0001305028711,0.14925
1/4/18,173.03,170.9122,164.4562,1,0,500,0,86515,28810,115325,0.003480530781,0.15325
1/5/18,175,171.2702,164.6077,1,0,500,0,87500,28810,116310,0.008541079558,0.1631
1/8/18,174.35,171.629,164.7352,1,0,500,0,87175,28810,115985,-0.002794256728,0.15985
1/9/18,174.33,171.9674,164.869,1,0,500,0,87165,28810,115975,-8.62E-05,0.15975
1/10/18,174.29,172.1922,165.0333,1,0,500,0,87145,28810,115955,-0.0001724509593,0.15955
1/11/18,175.28,172.3634,165.2111,1,0,500,0,87640,28810,116450,0.004268897417,0.1645
1/12/18,177.09,172.5244,165.4099,1,0,500,0,88545,28810,117355,0.007771575784,0.17355
1/16/18,176.19,172.7104,165.574,1,0,500,0,88095,28810,116905,-0.003834519194,0.16905
1/17/18,179.1,172.9302,165.7652,1,0,500,0,89550,28810,118360,0.01244600316,0.1836
1/18/18,179.26,173.0654,165.9651,1,0,500,0,89630,28810,118440,0.0006759040216,0.1844
1/19/18,178.46,173.1496,166.1511,1,0,500,0,89230,28810,118040,-0.00337723742,0.1804
1/22/18,177,173.1934,166.3064,1,0,500,0,88500,28810,117310,-0.00618434429,0.1731
1/23/18,177.04,173.2094,166.4477,1,0,500,0,88520,28810,117330,0.0001704884494,0.1733
1/24/18,174.22,173.1762,166.5564,1,0,500,0,87110,28810,115920,-0.01201738686,0.1592
1/25/18,171.11,173.105,166.6275,1,0,500,0,85555,28810,114365,-0.01341442374,0.14365
1/26/18,171.51,173.0558,166.7021,1,0,500,0,85755,28810,114565,0.001748786779,0.14565
1/29/18,167.96,172.9882,166.7609,1,0,500,0,83980,28810,112790,-0.01549338803,0.1279
1/30/18,166.97,172.946,166.8115,1,0,500,0,83485,28810,112295,-0.00438868694,0.12295
1/31/18,167.43,172.8726,166.8732,1,0,500,0,83715,28810,112525,0.002048176678,0.12525
2/1/18,167.78,172.8252,166.9647,1,0,500,0,83890,28810,112700,0.001555209953,0.127
2/2/18,160.5,172.6356,166.9547,1,0,500,0,80250,28810,109060,-0.03229813665,0.0906
2/5/18,156.49,172.3026,166.911,1,0,500,0,78245,28810,107055,-0.01838437557,0.07055
2/6/18,163.03,172.064,166.9448,1,0,500,0,81515,28810,110325,0.03054504694,0.10325
2/7/18,159.54,171.7554,166.9574,1,0,500,0,79770,28810,108580,-0.0158169046,0.0858
2/8/18,155.15,171.3766,166.9101,1,0,500,0,77575,28810,106385,-0.0202155093,0.06385
2/9/18,156.41,171.0434,166.8875,1,0,500,0,78205,28810,107015,0.005921887484,0.07015
2/12/18,162.71,170.908,166.9273,1,0,500,0,81355,28810,110165,0.02943512592,0.10165
2/13/18,164.34,170.7578,167.01,1,0,500,0,82170,28810,110980,0.007397993918,0.1098
2/14/18,167.37,170.6842,167.1498,1,0,500,0,83685,28810,112495,0.01365110831,0.12495
2/15/18,172.99,170.748,167.3608,1,0,500,0,86495,28810,115305,0.02497888795,0.15305
2/16/18,172.43,170.8038,167.5796,1,0,500,0,86215,28810,115025,-0.002428342223,0.15025
2/20/18,171.85,170.8606,167.7667,1,0,500,0,85925,28810,114735,-0.002521191045,0.14735
2/21/18,171.07,170.8956,167.9351,1,0,500,0,85535,28810,114345,-0.003399137142,0.14345
2/22/18,172.5,170.9582,168.1273,1,0,500,0,86250,28810,115060,0.006253006253,0.1506
2/23/18,175.5,171.0148,168.3411,1,0,500,0,87750,28810,116560,0.01303667652,0.1656
2/26/18,178.97,171.1602,168.5927,1,0,500,0,89485,28810,118295,0.01488503775,0.18295
2/27/18,178.39,171.2826,168.8318,1,0,500,0,89195,28810,118005,-0.002451498373,0.18005
2/28/18,178.12,171.4006,169.0782,1,0,500,0,89060,28810,117870,-0.001144019321,0.1787
3/1/18,175,171.4212,169.2743,1,0,500,0,87500,28810,116310,-0.01323491983,0.1631
3/2/18,176.21,171.417,169.4834,1,0,500,0,88105,28810,116915,0.00520161637,0.16915
3/5/18,176.82,171.4626,169.6932,1,0,500,0,88410,28810,117220,0.00260873284,0.1722
3/6/18,176.67,171.509,169.9009,1,0,500,0,88335,28810,117145,-0.0006398225559,0.17145
3/7/18,175.03,171.5094,170.0857,1,0,500,0,87515,28810,116325,-0.006999871954,0.16325
3/8/18,176.94,171.548,170.2951,1,0,500,0,88470,28810,117280,0.008209757146,0.1728
3/9/18,179.98,171.7362,170.525,1,0,500,0,89990,28810,118800,0.01296043656,0.188
3/12/18,181.72,171.9586,170.7434,1,0,500,0,90860,28810,119670,0.007323232323,0.1967
3/13/18,179.97,172.1364,170.9384,1,0,500,0,89985,28810,118795,-0.007311774045,0.18795
3/14/18,178.44,172.3206,171.1252,1,0,500,0,89220,28810,118030,-0.006439664969,0.1803
3/15/18,178.65,172.4484,171.3519,1,0,500,0,89325,28810,118135,0.0008896043379,0.18135
3/16/18,178.02,172.5642,171.5696,1,0,500,0,89010,28810,117820,-0.002666440936,0.1782
3/19/18,175.3,172.6096,171.7609,1,0,500,0,87650,28810,116460,-0.01154303174,0.1646
3/20/18,175.24,172.6144,171.9423,1,0,500,0,87620,28810,116430,-0.0002575991757,0.1643
3/21/18,171.27,172.5528,172.0909,1,0,500,0,85635,28810,114445,-0.01704887057,0.14445
3/22/18,168.85,172.4432,172.2053,1,0,500,0,84425,28810,113235,-0.01057276421,0.13235
3/23/18,164.94,172.2562,172.2242,1,0,500,0,82470,28810,111280,-0.01726497991,0.1128
3/26/18,172.77,172.206,172.2847,0,-1,0,-500,0,115195,115195,0.03518152408,0.15195
3/27/18,168.34,172.031,172.2777,0,0,0,0,0,115195,115195,0,0.15195
3/28/18,166.48,171.8368,172.2736,0,0,0,0,0,115195,115195,0,0.15195
3/29/18,167.78,171.6104,172.2703,0,0,0,0,0,115195,115195,0,0.15195
4/2/18,166.68,171.3588,172.2121,0,0,0,0,0,115195,115195,0,0.15195
4/3/18,168.39,171.1574,172.1535,0,0,0,0,0,115195,115195,0,0.15195
4/4/18,171.61,171.0496,172.1215,0,0,0,0,0,115195,115195,0,0.15195
4/5/18,172.8,170.9648,172.0871,0,0,0,0,0,115195,115195,0,0.15195
4/6/18,168.38,170.848,172.0121,0,0,0,0,0,115195,115195,0,0.15195
4/9/18,170.05,170.8268,171.9659,0,0,0,0,0,115195,115195,0,0.15195
4/10/18,173.25,170.8616,171.9587,0,0,0,0,0,115195,115195,0,0.15195
4/11/18,172.44,170.9512,171.9697,0,0,0,0,0,115195,115195,0,0.15195
4/12/18,174.14,171.0946,172.0203,0,0,0,0,0,115195,115195,0,0.15195
4/13/18,174.73,171.2406,172.0566,0,0,0,0,0,115195,115195,0,0.15195
4/16/18,175.82,171.4014,172.1133,0,0,0,0,0,115195,115195,0,0.15195
4/17/18,178.24,171.7562,172.1959,0,0,0,0,0,115195,115195,0,0.15195
4/18/18,177.84,172.1832,172.2429,0,0,0,0,0,115195,115195,0,0.15195
4/19/18,172.8,172.3786,172.2213,1,1,500,500,86400,28795,115195,0,0.15195
4/20/18,165.72,172.5022,172.1288,1,0,500,0,82860,28795,111655,-0.03073050046,0.11655
4/23/18,165.24,172.704,172.0403,1,0,500,0,82620,28795,111415,-0.002149478304,0.11415
4/24/18,162.94,172.8346,171.939,1,0,500,0,81470,28795,110265,-0.01032176996,0.10265
4/25/18,163.65,172.8534,171.8807,1,0,500,0,81825,28795,110620,0.003219516619,0.1062
4/26/18,164.22,172.851,171.8044,1,0,500,0,82110,28795,110905,0.002576387633,0.10905
4/27/18,162.32,172.75,171.7171,1,0,500,0,81160,28795,109955,-0.008565889725,0.09955
4/30/18,165.26,172.5954,171.6717,1,0,500,0,82630,28795,111425,0.01336910554,0.11425
5/1/18,169.1,172.5288,171.6663,1,0,500,0,84550,28795,113345,0.01723132152,0.13345
5/2/18,176.57,172.6232,171.7419,1,0,500,0,88285,28795,117080,0.03295249018,0.1708
5/3/18,176.89,172.7396,171.8176,1,0,500,0,88445,28795,117240,0.001366586949,0.1724
5/4/18,183.83,172.9662,171.9622,1,0,500,0,91915,28795,120710,0.02959740703,0.2071
5/7/18,185.16,173.1594,172.0871,1,0,500,0,92580,28795,121375,0.005509071328,0.21375
5/8/18,186.05,173.301,172.2306,1,0,500,0,93025,28795,121820,0.003666323378,0.2182
5/9/18,187.36,173.4804,172.3815,1,0,500,0,93680,28795,122475,0.005376785421,0.22475
5/10/18,190.04,173.7188,172.5597,1,0,500,0,95020,28795,123815,0.01094100837,0.23815
5/11/18,188.59,173.9906,172.7059,1,0,500,0,94295,28795,123090,-0.005855510237,0.2309
5/14/18,188.15,174.2294,172.8232,1,0,500,0,94075,28795,122870,-0.001787310098,0.2287
5/15/18,186.44,174.4218,172.9422,1,0,500,0,93220,28795,122015,-0.006958574103,0.22015
5/16/18,188.18,174.652,173.0805,1,0,500,0,94090,28795,122885,0.007130270868,0.22885
5/17/18,186.99,174.8912,173.2003,1,0,500,0,93495,28795,122290,-0.004841925377,0.2229
5/18/18,186.31,175.0786,173.3133,1,0,500,0,93155,28795,121950,-0.002780276392,0.2195
5/21/18,187.63,175.2316,173.4839,1,0,500,0,93815,28795,122610,0.005412054121,0.2261
5/22/18,187.16,175.3404,173.6495,1,0,500,0,93580,28795,122375,-0.001916646277,0.22375
5/23/18,188.36,175.5082,173.8223,1,0,500,0,94180,28795,122975,0.004902962206,0.22975
5/24/18,188.15,175.7024,174.0115,1,0,500,0,94075,28795,122870,-0.0008538320797,0.2287
5/25/18,188.58,175.901,174.1747,1,0,500,0,94290,28795,123085,0.00174981688,0.23085
5/29/18,187.9,176.0986,174.3314,1,0,500,0,93950,28795,122745,-0.002762318723,0.22745
5/30/18,187.5,176.3426,174.4761,1,0,500,0,93750,28795,122545,-0.001629394273,0.22545
5/31/18,186.87,176.5752,174.5948,1,0,500,0,93435,28795,122230,-0.002570484312,0.2223
6/1/18,190.24,176.9546,174.7537,1,0,500,0,95120,28795,123915,0.01378548638,0.23915
6/4/18,191.83,177.4142,174.9287,1,0,500,0,95915,28795,124710,0.006415688173,0.2471
6/5/18,193.31,177.9816,175.1189,1,0,500,0,96655,28795,125450,0.005933766338,0.2545
6/6/18,193.98,178.4058,175.3059,1,0,500,0,96990,28795,125785,0.002670386608,0.25785
6/7/18,193.46,178.9082,175.4696,1,0,500,0,96730,28795,125525,-0.00206701912,0.25525
6/8/18,191.7,179.4126,175.6247,1,0,500,0,95850,28795,124645,-0.007010555666,0.24645
6/11/18,191.23,179.8816,175.746,1,0,500,0,95615,28795,124410,-0.001885354407,0.2441
6/12/18,192.28,180.3936,175.8762,1,0,500,0,96140,28795,124935,0.004219918013,0.24935
6/13/18,190.7,180.8398,175.9986,1,0,500,0,95350,28795,124145,-0.00632328811,0.24145
6/14/18,190.8,181.2236,176.1366,1,0,500,0,95400,28795,124195,0.0004027548431,0.24195
6/15/18,188.84,181.5444,176.2546,1,0,500,0,94420,28795,123215,-0.007890816861,0.23215
6/18/18,188.74,181.9516,176.3998,1,0,500,0,94370,28795,123165,-0.000405794749,0.23165
6/19/18,185.69,182.2644,176.5456,1,0,500,0,92845,28795,121640,-0.0123817643,0.2164
6/20/18,186.5,182.5294,176.6955,1,0,500,0,93250,28795,122045,0.003329496876,0.22045
6/21/18,185.46,182.7898,176.8705,1,0,500,0,92730,28795,121525,-0.004260723504,0.21525
6/22/18,184.92,183.0054,177.05,1,0,500,0,92460,28795,121255,-0.002221765069,0.21255
6/25/18,182.17,183.1542,177.1974,1,0,500,0,91085,28795,119880,-0.01133973857,0.1988
6/26/18,184.43,183.3264,177.3639,1,0,500,0,92215,28795,121010,0.009426092759,0.2101
6/27/18,184.16,183.4448,177.6005,1,0,500,0,92080,28795,120875,-0.00111561028,0.20875
6/28/18,185.5,183.598,177.8906,1,0,500,0,92750,28795,121545,0.005542916236,0.21545
6/29/18,185.11,183.8442,178.1114,1,0,500,0,92555,28795,121350,-0.00160434407,0.2135
7/2/18,187.18,184.2734,178.3878,1,0,500,0,93590,28795,122385,0.008529048208,0.22385
7/3/18,183.92,184.647,178.6755,1,0,500,0,91960,28795,120755,-0.01331862565,0.20755
7/5/18,185.4,185.0962,178.9654,1,0,500,0,92700,28795,121495,0.006128110637,0.21495
7/6/18,187.97,185.5826,179.218,1,0,500,0,93985,28795,122780,0.01057656694,0.2278
7/9/18,190.58,186.1098,179.4804,1,0,500,0,95290,28795,124085,0.0106287669,0.24085
7/10/18,190.35,186.6704,179.7102,1,0,500,0,95175,28795,123970,-0.0009267840593,0.2397
7/11/18,187.88,187.1228,179.8591,1,0,500,0,93940,28795,122735,-0.009962087602,0.22735
7/12/18,191.03,187.5614,180.0451,1,0,500,0,95515,28795,124310,0.01283252536,0.2431
7/13/18,191.33,187.8566,180.2399,1,0,500,0,95665,28795,124460,0.001206660767,0.2446
7/16/18,190.91,188.137,180.4383,1,0,500,0,95455,28795,124250,-0.001687289089,0.2425
7/17/18,191.45,188.2894,180.6278,1,0,500,0,95725,28795,124520,0.002173038229,0.2452
7/18/18,190.4,188.3942,180.7768,1,0,500,0,95200,28795,123995,-0.00421619017,0.23995
7/19/18,191.88,188.5108,180.9059,1,0,500,0,95940,28795,124735,0.00596798258,0.24735
7/20/18,191.44,188.5924,181.0364,1,0,500,0,95720,28795,124515,-0.001763739127,0.24515
7/23/18,191.61,188.6238,181.1713,1,0,500,0,95805,28795,124600,0.0006826486769,0.246
7/24/18,193,188.712,181.3513,1,0,500,0,96500,28795,125295,0.005577849117,0.25295
7/25/18,194.82,188.8454,181.5374,1,0,500,0,97410,28795,126205,0.007262859651,0.26205
7/26/18,194.21,189.0008,181.7113,1,0,500,0,97105,28795,125900,-0.002416702983,0.259
7/27/18,190.98,189.0568,181.8544,1,0,500,0,95490,28795,124285,-0.01282764098,0.24285
7/30/18,189.91,189.1152,182.0032,1,0,500,0,94955,28795,123750,-0.00430462244,0.2375
7/31/18,190.29,189.1948,182.1367,1,0,500,0,95145,28795,123940,0.001535353535,0.2394
8/1/18,201.5,189.4722,182.3519,1,0,500,0,100750,28795,129545,0.04522349524,0.29545
8/2/18,207.39,189.8768,182.6086,1,0,500,0,103695,28795,132490,0.0227334131,0.3249
8/3/18,207.99,190.2694,182.8888,1,0,500,0,103995,28795,132790,0.002264321836,0.3279
8/6/18,209.07,190.6878,183.1951,1,0,500,0,104535,28795,133330,0.004066571278,0.3333
8/7/18,207.11,191.0584,183.4797,1,0,500,0,103555,28795,132350,-0.007350183755,0.3235
8/8/18,207.25,191.4454,183.772,1,0,500,0,103625,28795,132420,0.0005289006422,0.3242
8/9/18,208.88,191.873,184.1078,1,0,500,0,104440,28795,133235,0.006154659417,0.33235
8/10/18,207.53,192.2862,184.4307,1,0,500,0,103765,28795,132560,-0.005066236349,0.3256
8/13/18,208.87,192.6588,184.8067,1,0,500,0,104435,28795,133230,0.005054315027,0.3323
8/14/18,209.75,193.0172,185.2157,1,0,500,0,104875,28795,133670,0.003302559484,0.3367
8/15/18,210.24,193.3558,185.6687,1,0,500,0,105120,28795,133915,0.001832871998,0.33915
8/16/18,213.32,193.7426,186.0742,1,0,500,0,106660,28795,135455,0.01149983198,0.35455
8/17/18,217.58,194.225,186.5666,1,0,500,0,108790,28795,137585,0.01572477945,0.37585
8/20/18,215.46,194.7002,187.0564,1,0,500,0,107730,28795,136525,-0.007704328233,0.36525
8/21/18,215.04,195.1764,187.529,1,0,500,0,107520,28795,136315,-0.001538179821,0.36315
8/22/18,215.05,195.6318,188.0127,1,0,500,0,107525,28795,136320,3.67E-05,0.3632
8/23/18,215.49,196.1276,188.4837,1,0,500,0,107745,28795,136540,0.001613849765,0.3654
8/24/18,216.16,196.6348,188.9292,1,0,500,0,108080,28795,136875,0.002453493482,0.36875
8/27/18,217.94,197.2168,189.3806,1,0,500,0,108970,28795,137765,0.006502283105,0.37765
8/28/18,219.7,197.836,189.8938,1,0,500,0,109850,28795,138645,0.006387689181,0.38645
8/29/18,222.98,198.5818,190.4231,1,0,500,0,111490,28795,140285,0.01182877132,0.40285
8/30/18,225.03,199.3524,190.9409,1,0,500,0,112515,28795,141310,0.007306554514,0.4131
8/31/18,227.63,200.1958,191.4928,1,0,500,0,113815,28795,142610,0.009199632015,0.4261
9/4/18,228.36,201.0646,192.035,1,0,500,0,114180,28795,142975,0.00255942781,0.42975
9/5/18,226.87,201.9586,192.5564,1,0,500,0,113435,28795,142230,-0.005210701172,0.4223
9/6/18,223.1,202.732,193.0292,1,0,500,0,111550,28795,140345,-0.01325318147,0.40345
9/7/18,221.3,203.4748,193.4598,1,0,500,0,110650,28795,139445,-0.006412768535,0.39445
9/10/18,218.33,204.1314,193.8647,1,0,500,0,109165,28795,137960,-0.01064935996,0.3796
9/11/18,223.85,204.9062,194.3752,1,0,500,0,111925,28795,140720,0.02000579878,0.4072
9/12/18,221.07,205.584,194.9287,1,0,500,0,110535,28795,139330,-0.009877771461,0.3933
9/13/18,226.41,206.4338,195.5404,1,0,500,0,113205,28795,142000,0.01916313787,0.42
9/14/18,223.84,207.2026,196.1494,1,0,500,0,111920,28795,140715,-0.009049295775,0.40715
9/17/18,217.88,207.8008,196.6917,1,0,500,0,108940,28795,137735,-0.02117755747,0.37735
9/18/18,218.24,208.354,197.2319,1,0,500,0,109120,28795,137915,0.001306857371,0.37915
9/19/18,218.37,208.9144,197.7924,1,0,500,0,109185,28795,137980,0.0004713047892,0.3798
9/20/18,220.03,209.5574,198.3401,1,0,500,0,110015,28795,138810,0.006015364546,0.3881
9/21/18,217.66,210.09,198.8257,1,0,500,0,108830,28795,137625,-0.00853684893,0.37625
9/24/18,220.79,210.6792,199.2679,1,0,500,0,110395,28795,139190,0.01137148047,0.3919
9/25/18,222.19,211.3048,199.7209,1,0,500,0,111095,28795,139890,0.005029096918,0.3989
9/26/18,220.42,211.8842,200.0868,1,0,500,0,110210,28795,139005,-0.006326399314,0.39005
9/27/18,224.95,212.5752,200.4847,1,0,500,0,112475,28795,141270,0.0162943779,0.4127
9/28/18,225.74,213.2524,200.8816,1,0,500,0,112870,28795,141665,0.002796064274,0.41665
10/1/18,227.26,213.9688,201.2806,1,0,500,0,113630,28795,142425,0.005364768997,0.42425
10/2/18,229.28,214.7222,201.673,1,0,500,0,114640,28795,143435,0.007091451641,0.43435
10/3/18,232.07,215.5036,202.1078,1,0,500,0,116035,28795,144830,0.009725659706,0.4483
10/4/18,227.99,216.167,202.5062,1,0,500,0,113995,28795,142790,-0.01408547953,0.4279
10/5/18,224.29,216.7686,202.8847,1,0,500,0,112145,28795,140940,-0.01295608936,0.4094
10/8/18,223.77,217.4244,203.2406,1,0,500,0,111885,28795,140680,-0.001844756634,0.4068
10/9/18,226.87,218.1636,203.6394,1,0,500,0,113435,28795,142230,0.01101791299,0.4223
10/10/18,216.36,218.685,203.9399,1,0,500,0,108180,28795,136975,-0.0369471982,0.36975
10/11/18,214.45,218.944,204.2081,1,0,500,0,107225,28795,136020,-0.006972075196,0.3602
10/12/18,222.11,219.2384,204.5576,1,0,500,0,111055,28795,139850,0.02815762388,0.3985
10/15/18,217.36,219.4258,204.8476,1,0,500,0,108680,28795,137475,-0.01698248123,0.37475
10/16/18,222.15,219.6874,205.1876,1,0,500,0,111075,28795,139870,0.01742134934,0.3987
10/17/18,221.19,219.969,205.5137,1,0,500,0,110595,28795,139390,-0.003431758061,0.3939
10/18/18,216.02,220.1444,205.7949,1,0,500,0,108010,28795,136805,-0.01854508932,0.36805
10/19/18,219.31,220.353,206.113,1,0,500,0,109655,28795,138450,0.01202441431,0.3845
10/22/18,220.65,220.6154,206.4508,1,0,500,0,110325,28795,139120,0.004839292163,0.3912
10/23/18,222.73,220.8926,206.7757,1,0,500,0,111365,28795,140160,0.007475560667,0.4016
10/24/18,215.09,220.9994,207.0083,1,0,500,0,107545,28795,136340,-0.02725456621,0.3634
10/25/18,219.8,221.1906,207.2732,1,0,500,0,109900,28795,138695,0.01727299399,0.38695
10/26/18,216.3,221.2502,207.4964,1,0,500,0,108150,28795,136945,-0.01261761419,0.36945
10/29/18,212.24,221.1434,207.6842,1,0,500,0,106120,28795,134915,-0.01482346928,0.34915
10/30/18,213.3,221.1002,207.9002,1,0,500,0,106650,28795,135445,0.003928399363,0.35445
10/31/18,218.86,221.1766,208.1765,1,0,500,0,109430,28795,138225,0.02052493632,0.38225
11/1/18,222.22,221.32,208.4759,1,0,500,0,111110,28795,139905,0.01215409658,0.39905
11/2/18,207.48,221.1598,208.6437,1,0,500,0,103740,28795,132535,-0.05267860334,0.32535
11/5/18,201.59,220.8684,208.7516,1,0,500,0,100795,28795,129590,-0.02222054552,0.2959
11/6/18,203.77,220.585,208.9009,1,0,500,0,101885,28795,130680,0.008411142835,0.3068
11/7/18,209.95,220.39,209.113,1,0,500,0,104975,28795,133770,0.02364554637,0.3377
11/8/18,208.49,220.1002,209.341,1,0,500,0,104245,28795,133040,-0.005457127906,0.3304
11/9/18,204.47,219.689,209.5207,1,0,500,0,102235,28795,131030,-0.01510823812,0.3103
11/12/18,194.17,219.0198,209.6078,1,0,500,0,97085,28795,125880,-0.03930397619,0.2588
11/13/18,192.23,218.2972,209.6809,1,0,500,0,96115,28795,124910,-0.007705751509,0.2491
11/14/18,186.8,217.4958,209.7272,1,0,500,0,93400,28795,122195,-0.02173564967,0.22195
11/15/18,191.41,216.862,209.797,1,0,500,0,95705,28795,124500,0.01886329228,0.245
11/16/18,193.53,216.3066,209.8907,1,0,500,0,96765,28795,125560,0.008514056225,0.2556
11/19/18,185.86,215.6572,209.8943,1,0,500,0,92930,28795,121725,-0.03054316661,0.21725
11/20/18,176.98,214.7198,209.813,1,0,500,0,88490,28795,117285,-0.03647566235,0.17285
11/21/18,176.78,213.834,209.709,1,0,500,0,88390,28795,117185,-0.0008526239502,0.17185
11/23/18,172.29,212.7516,209.5927,1,0,500,0,86145,28795,114940,-0.01915774203,0.1494
11/26/18,174.62,211.7672,209.4849,1,0,500,0,87310,28795,116105,0.01013572299,0.16105
11/27/18,174.24,210.8944,209.3476,1,0,500,0,87120,28795,115915,-0.001636449765,0.15915
11/28/18,180.94,210.1484,209.2512,1,0,500,0,90470,28795,119265,0.02890048743,0.19265
11/29/18,179.55,209.372,209.1432,1,0,500,0,89775,28795,118570,-0.005827359242,0.1857
11/30/18,178.58,208.543,209.0502,0,-1,0,-500,0,118085,118085,-0.004090410728,0.18085
12/3/18,184.82,207.8862,208.9881,0,0,0,0,0,118085,118085,0,0.18085
12/4/18,176.69,207.0042,208.8417,0,0,0,0,0,118085,118085,0,0.18085
12/6/18,174.72,206.0548,208.6798,0,0,0,0,0,118085,118085,0,0.18085
12/7/18,168.49,205.0162,208.4502,0,0,0,0,0,118085,118085,0,0.18085
12/10/18,169.6,203.9092,208.2422,0,0,0,0,0,118085,118085,0,0.18085
12/11/18,168.63,202.767,208.0097,0,0,0,0,0,118085,118085,0,0.18085
12/12/18,169.1,201.6038,207.7863,0,0,0,0,0,118085,118085,0,0.18085
12/13/18,170.95,200.4372,207.5797,0,0,0,0,0,118085,118085,0,0.18085
12/14/18,165.48,199.1054,207.3045,0,0,0,0,0,118085,118085,0,0.18085
12/17/18,163.94,197.8244,206.9957,0,0,0,0,0,118085,118085,0,0.18085
12/18/18,166.07,196.66,206.7143,0,0,0,0,0,118085,118085,0,0.18085
12/19/18,160.89,195.4024,206.4134,0,0,0,0,0,118085,118085,0,0.18085
12/20/18,156.83,194.0016,206.0826,0,0,0,0,0,118085,118085,0,0.18085
12/21/18,150.73,192.689,205.687,0,0,0,0,0,118085,118085,0,0.18085
12/24/18,146.83,191.3366,205.1403,0,0,0,0,0,118085,118085,0,0.18085
12/26/18,157.17,190.0378,204.6381,0,0,0,0,0,118085,118085,0,0.18085
12/27/18,156.15,188.8136,204.1197,0,0,0,0,0,118085,118085,0,0.18085
12/28/18,156.23,187.4952,203.5913,0,0,0,0,0,118085,118085,0,0.18085
12/31/18,157.74,186.2262,203.0976,0,0,0,0,0,118085,118085,0,0.18085
1/2/19,157.92,185.0642,202.6043,0,0,0,0,0,118085,118085,0,0.18085
1/3/19,142.19,183.5218,201.9374,0,0,0,0,0,118085,118085,0,0.18085
1/4/19,148.26,182.074,201.3447,0,0,0,0,0,118085,118085,0,0.18085
1/7/19,147.93,180.578,200.7353,0,0,0,0,0,118085,118085,0,0.18085
1/8/19,150.75,179.2912,200.1453,0,0,0,0,0,118085,118085,0,0.18085
1/9/19,153.31,177.9614,199.576,0,0,0,0,0,118085,118085,0,0.18085
1/10/19,153.8,176.7114,198.9808,0,0,0,0,0,118085,118085,0,0.18085
1/11/19,152.29,175.5124,198.3279,0,0,0,0,0,118085,118085,0,0.18085
1/14/19,150,174.2464,197.6733,0,0,0,0,0,118085,118085,0,0.18085
1/15/19,153.07,172.9306,197.0536,0,0,0,0,0,118085,118085,0,0.18085
1/16/19,154.94,171.585,196.4525,0,0,0,0,0,118085,118085,0,0.18085
1/17/19,155.86,170.5526,195.8562,0,0,0,0,0,118085,118085,0,0.18085
1/18/19,156.82,169.6572,195.2628,0,0,0,0,0,118085,118085,0,0.18085
1/22/19,153.3,168.6478,194.6164,0,0,0,0,0,118085,118085,0,0.18085
1/23/19,153.92,167.5272,193.9586,0,0,0,0,0,118085,118085,0,0.18085
1/24/19,152.7,166.4114,193.2558,0,0,0,0,0,118085,118085,0,0.18085
1/25/19,157.76,165.4772,192.5831,0,0,0,0,0,118085,118085,0,0.18085
1/28/19,156.3,164.7198,191.8698,0,0,0,0,0,118085,118085,0,0.18085
1/29/19,154.68,163.9688,191.133,0,0,0,0,0,118085,118085,0,0.18085
1/30/19,165.25,163.5378,190.5168,0,0,0,0,0,118085,118085,0,0.18085
1/31/19,166.44,163.0384,189.9502,0,0,0,0,0,118085,118085,0,0.18085
2/1/19,166.52,162.4982,189.4024,0,0,0,0,0,118085,118085,0,0.18085
2/4/19,171.25,162.206,188.9316,0,0,0,0,0,118085,118085,0,0.18085
2/5/19,174.18,162.15,188.4349,0,0,0,0,0,118085,118085,0,0.18085
2/6/19,174.24,162.0992,187.9666,0,0,0,0,0,118085,118085,0,0.18085
2/7/19,170.94,162.0722,187.4119,0,0,0,0,0,118085,118085,0,0.18085
2/8/19,170.41,161.988,186.8776,0,0,0,0,0,118085,118085,0,0.18085
2/11/19,169.43,161.8918,186.3931,0,0,0,0,0,118085,118085,0,0.18085
2/12/19,170.89,161.6908,185.9196,0,0,0,0,0,118085,118085,0,0.18085
2/13/19,170.18,161.5034,185.4377,0,0,0,0,0,118085,118085,0,0.18085
2/14/19,170.8,161.3478,184.9454,0,0,0,0,0,118085,118085,0,0.18085
2/15/19,170.42,161.0598,184.473,0,0,0,0,0,118085,118085,0,0.18085
2/19/19,170.93,160.9446,183.9744,0,0,0,0,0,118085,118085,0,0.18085
2/20/19,172.03,160.8908,183.4728,0,0,0,0,0,118085,118085,0,0.18085
2/21/19,171.06,160.9422,182.9792,0,0,0,0,0,118085,118085,0,0.18085
2/22/19,172.97,161.0096,182.4594,0,0,0,0,0,118085,118085,0,0.18085
2/25/19,174.23,161.1216,181.9443,0,0,0,0,0,118085,118085,0,0.18085
2/26/19,174.33,161.2262,181.415,0,0,0,0,0,118085,118085,0,0.18085
2/27/19,174.87,161.3046,180.8709,0,0,0,0,0,118085,118085,0,0.18085
2/28/19,173.15,161.458,180.2817,0,0,0,0,0,118085,118085,0,0.18085
3/1/19,174.97,161.6786,179.7515,0,0,0,0,0,118085,118085,0,0.18085
3/4/19,175.85,161.8742,179.2671,0,0,0,0,0,118085,118085,0,0.18085
3/5/19,175.53,162.167,178.7847,0,0,0,0,0,118085,118085,0,0.18085
3/6/19,174.52,162.5208,178.2612,0,0,0,0,0,118085,118085,0,0.18085
3/7/19,172.5,162.9562,177.8226,0,0,0,0,0,118085,118085,0,0.18085
3/8/19,172.91,163.4778,177.4072,0,0,0,0,0,118085,118085,0,0.18085
3/11/19,178.9,163.9124,176.9751,0,0,0,0,0,118085,118085,0,0.18085
3/12/19,180.91,164.4076,176.6106,0,0,0,0,0,118085,118085,0,0.18085
3/13/19,181.71,164.9172,176.2062,0,0,0,0,0,118085,118085,0,0.18085
3/14/19,183.73,165.437,175.8316,0,0,0,0,0,118085,118085,0,0.18085
3/15/19,186.12,166.001,175.5326,0,0,0,0,0,118085,118085,0,0.18085
3/18/19,188.02,166.9176,175.2197,0,0,0,0,0,118085,118085,0,0.18085
3/19/19,186.53,167.683,174.8785,0,0,0,0,0,118085,118085,0,0.18085
3/20/19,188.16,168.4876,174.5328,0,0,0,0,0,118085,118085,0,0.18085
3/21/19,195.09,169.3744,174.3328,0,0,0,0,0,118085,118085,0,0.18085
3/22/19,191.05,170.1292,174.0453,0,0,0,0,0,118085,118085,0,0.18085
3/25/19,188.74,170.828,173.7697,0,0,0,0,0,118085,118085,0,0.18085
3/26/19,186.79,171.518,173.5152,0,0,0,0,0,118085,118085,0,0.18085
3/27/19,188.47,172.2874,173.2669,0,0,0,0,0,118085,118085,0,0.18085
3/28/19,188.72,173.0004,172.9655,1,1,500,500,94360,23725,118085,0,0.18085
3/29/19,189.95,173.7006,172.6428,1,0,500,0,94975,23725,118700,0.0052081128,0.187
4/1/19,191.24,174.4082,172.4804,1,0,500,0,95620,23725,119345,0.005433866891,0.19345
4/2/19,194.02,175.1522,172.4047,1,0,500,0,97010,23725,120735,0.01164690603,0.20735
4/3/19,195.35,175.9932,172.3205,1,0,500,0,97675,23725,121400,0.005507930592,0.214
4/4/19,195.69,176.8286,172.1779,1,0,500,0,97845,23725,121570,0.001400329489,0.2157
4/5/19,197,177.7146,172.063,1,0,500,0,98500,23725,122225,0.005387842395,0.22225
4/8/19,200.1,178.5614,172.0193,1,0,500,0,100050,23725,123775,0.01268152997,0.23775
4/9/19,199.5,179.4254,172.0726,1,0,500,0,99750,23725,123475,-0.002423752777,0.23475
4/10/19,200.62,180.3442,172.1565,1,0,500,0,100310,23725,124035,0.004535331039,0.24035
4/11/19,198.95,181.0182,172.278,1,0,500,0,99475,23725,123200,-0.006731970815,0.232
4/12/19,198.87,181.6668,172.3526,1,0,500,0,99435,23725,123160,-0.0003246753247,0.2316
4/15/19,199.23,182.321,172.4096,1,0,500,0,99615,23725,123340,0.001461513478,0.2334
4/16/19,199.25,182.881,172.5435,1,0,500,0,99625,23725,123350,8.11E-05,0.2335
4/17/19,203.13,183.46,172.805,1,0,500,0,101565,23725,125290,0.01572760438,0.2529
4/18/19,203.86,184.0524,173.0758,1,0,500,0,101930,23725,125655,0.00291324128,0.25655
4/22/19,204.53,184.7242,173.3982,1,0,500,0,102265,23725,125990,0.002666030003,0.2599
4/23/19,207.48,185.4656,173.7268,1,0,500,0,103740,23725,127465,0.01170727836,0.27465
4/24/19,207.16,186.2202,174.056,1,0,500,0,103580,23725,127305,-0.001255246538,0.27305
4/25/19,205.28,186.908,174.2994,1,0,500,0,102640,23725,126365,-0.007383841954,0.26365
4/26/19,204.3,187.5904,174.5469,1,0,500,0,102150,23725,125875,-0.003877655997,0.25875
4/29/19,204.61,188.2666,174.8072,1,0,500,0,102305,23725,126030,0.001231380338,0.2603
4/30/19,200.67,188.8716,174.9657,1,0,500,0,100335,23725,124060,-0.01563119892,0.2406
5/1/19,210.52,189.6634,175.304,1,0,500,0,105260,23725,128985,0.03969853297,0.28985
5/2/19,209.15,190.4058,175.6483,1,0,500,0,104575,23725,128300,-0.005310695042,0.283
5/3/19,211.75,191.2196,176.0809,1,0,500,0,105875,23725,129600,0.01013250195,0.296
5/6/19,208.48,191.9298,176.4697,1,0,500,0,104240,23725,127965,-0.01261574074,0.27965
5/7/19,202.86,192.5024,176.812,1,0,500,0,101430,23725,125155,-0.02195912945,0.25155
5/8/19,202.9,193.0738,177.15,1,0,500,0,101450,23725,125175,0.0001598018457,0.25175
5/9/19,200.72,193.5908,177.4477,1,0,500,0,100360,23725,124085,-0.008707809067,0.24085
5/10/19,197.18,194.0714,177.7647,1,0,500,0,98590,23725,122315,-0.01426441552,0.22315
5/13/19,185.72,194.2864,177.9825,1,0,500,0,92860,23725,116585,-0.04684625761,0.16585
5/14/19,188.66,194.5426,178.2084,1,0,500,0,94330,23725,118055,0.01260882618,0.18055
5/15/19,190.92,194.8504,178.5087,1,0,500,0,95460,23725,119185,0.00957180975,0.19185
5/16/19,190.08,195.1616,178.8412,1,0,500,0,95040,23725,118765,-0.003523933381,0.18765
5/17/19,189,195.4916,179.2239,1,0,500,0,94500,23725,118225,-0.004546794089,0.18225
5/20/19,183.09,195.6952,179.5865,1,0,500,0,91545,23725,115270,-0.02499471347,0.1527
5/21/19,186.6,195.8492,179.8808,1,0,500,0,93300,23725,117025,0.01522512362,0.17025
5/22/19,182.78,195.8866,180.1471,1,0,500,0,91390,23725,115115,-0.01632129887,0.15115
5/23/19,179.66,195.8456,180.3814,1,0,500,0,89830,23725,113555,-0.01355166573,0.13555
5/24/19,178.97,195.7504,180.5937,1,0,500,0,89485,23725,113210,-0.003038175334,0.1321
5/28/19,178.23,195.5926,180.7968,1,0,500,0,89115,23725,112840,-0.003268262521,0.1284
5/29/19,177.38,195.3798,181.1487,1,0,500,0,88690,23725,112415,-0.003766394895,0.12415
5/30/19,178.3,195.2152,181.4491,1,0,500,0,89150,23725,112875,0.004091980608,0.12875
5/31/19,175.07,194.9534,181.7205,1,0,500,0,87535,23725,111260,-0.01430786268,0.1126
6/3/19,173.3,194.5176,181.946,1,0,500,0,86650,23725,110375,-0.007954341183,0.10375
6/4/19,179.64,194.2894,182.2093,1,0,500,0,89820,23725,113545,0.0287202718,0.13545
6/5/19,182.54,194.1654,182.4967,1,0,500,0,91270,23725,114995,0.01277026729,0.14995
6/6/19,185.22,194.134,182.826,1,0,500,0,92610,23725,116335,0.01165268055,0.16335
6/7/19,190.15,194.1676,183.2275,1,0,500,0,95075,23725,118800,0.02118880818,0.188
6/10/19,192.58,194.2448,183.6226,1,0,500,0,96290,23725,120015,0.01022727273,0.20015
6/11/19,194.81,194.342,184.0213,1,0,500,0,97405,23725,121130,0.009290505353,0.2113
6/12/19,194.19,194.401,184.4046,1,0,500,0,97095,23725,120820,-0.002559233881,0.2082
6/13/19,194.15,194.4036,184.7779,1,0,500,0,97075,23725,120800,-0.0001655355074,0.208
6/14/19,192.74,194.3514,185.1723,1,0,500,0,96370,23725,120095,-0.005836092715,0.20095
6/17/19,193.89,194.3154,185.572,1,0,500,0,96945,23725,120670,0.004787876265,0.2067
6/18/19,198.45,194.3444,186.0295,1,0,500,0,99225,23725,122950,0.01889450568,0.2295
6/19/19,197.87,194.2998,186.4306,1,0,500,0,98935,23725,122660,-0.002358682391,0.2266
6/20/19,199.46,194.299,186.8622,1,0,500,0,99730,23725,123455,0.006481330507,0.23455
6/21/19,198.78,194.2622,187.3032,1,0,500,0,99390,23725,123115,-0.002754039934,0.23115
6/24/19,198.58,194.2548,187.6365,1,0,500,0,99290,23725,123015,-0.0008122487106,0.23015
6/25/19,195.57,194.1888,187.9278,1,0,500,0,97785,23725,121510,-0.01223428037,0.2151
6/26/19,199.8,194.2002,188.2606,1,0,500,0,99900,23725,123625,0.01740597482,0.23625
6/27/19,199.74,194.21,188.5455,1,0,500,0,99870,23725,123595,-0.000242669363,0.23595
6/28/19,197.92,194.1058,188.7829,1,0,500,0,98960,23725,122685,-0.007362757393,0.22685
7/1/19,201.55,194.0596,189.056,1,0,500,0,100775,23725,124500,0.01479398459,0.245
7/2/19,202.73,194.0236,189.3739,1,0,500,0,101365,23725,125090,0.004738955823,0.2509
7/3/19,204.41,193.9622,189.7139,1,0,500,0,102205,23725,125930,0.006715165081,0.2593
7/5/19,204.23,193.9036,190.0619,1,0,500,0,102115,23725,125840,-0.0007146827603,0.2584
7/8/19,200.02,193.7984,190.3532,1,0,500,0,100010,23725,123735,-0.01672759059,0.23735
7/9/19,201.24,193.7372,190.6638,1,0,500,0,100620,23725,124345,0.004929890492,0.24345
7/10/19,203.23,193.7096,190.9881,1,0,500,0,101615,23725,125340,0.008001930114,0.2534
7/11/19,201.75,193.7312,191.3014,1,0,500,0,100875,23725,124600,-0.00590394128,0.246
7/12/19,203.3,193.5868,191.6251,1,0,500,0,101650,23725,125375,0.006219903692,0.25375
7/15/19,205.21,193.508,191.9569,1,0,500,0,102605,23725,126330,0.007617148554,0.2633
7/16/19,204.5,193.363,192.2913,1,0,500,0,102250,23725,125975,-0.00281010053,0.25975
7/17/19,203.35,193.2604,192.5951,1,0,500,0,101675,23725,125400,-0.004564397698,0.254
7/18/19,205.66,193.3164,192.9094,1,0,500,0,102830,23725,126555,0.009210526316,0.26555
7/19/19,202.59,193.3102,193.192,1,0,500,0,101295,23725,125020,-0.01212911382,0.2502
7/22/19,207.22,193.4402,193.5155,0,-1,0,-500,0,127335,127335,0.01851703727,0.27335
7/23/19,208.84,193.6734,193.8724,0,0,0,0,0,127335,127335,0,0.27335
7/24/19,208.67,194.1324,194.2094,0,0,0,0,0,127335,127335,0,0.27335
7/25/19,207.02,194.4996,194.5211,0,0,0,0,0,127335,127335,0,0.27335
7/26/19,207.74,194.836,194.8432,0,0,0,0,0,127335,127335,0,0.27335
7/29/19,209.68,195.228,195.1948,1,1,500,500,104840,22495,127335,0,0.27335
7/30/19,208.78,195.6236,195.5576,1,0,500,0,104390,22495,126885,-0.003533985157,0.26885
7/31/19,213.04,196.2226,195.9589,1,0,500,0,106520,22495,129015,0.01678685424,0.29015
8/1/19,208.43,196.6592,196.2542,1,0,500,0,104215,22495,126710,-0.0178661396,0.2671
8/2/19,204.02,197.084,196.4853,1,0,500,0,102010,22495,124505,-0.01740194144,0.24505
8/5/19,193.34,197.3576,196.6016,1,0,500,0,96670,22495,119165,-0.04288984378,0.19165
8/6/19,197,197.7182,196.7343,1,0,500,0,98500,22495,120995,0.01535685814,0.20995
8/7/19,199.04,198.1344,196.8635,1,0,500,0,99520,22495,122015,0.008430100417,0.22015
8/8/19,203.43,198.6554,197.0176,1,0,500,0,101715,22495,124210,0.01798959144,0.2421
8/9/19,200.99,199.1092,197.1622,1,0,500,0,100495,22495,122990,-0.009822075517,0.2299
8/12/19,200.48,199.6174,197.2854,1,0,500,0,100240,22495,122735,-0.002073339296,0.22735
8/13/19,208.97,200.3308,197.4242,1,0,500,0,104485,22495,126980,0.03458671121,0.2698
8/14/19,202.75,200.793,197.5412,1,0,500,0,101375,22495,123870,-0.02449204599,0.2387
8/15/19,201.74,201.177,197.6712,1,0,500,0,100870,22495,123365,-0.004076854767,0.23365
8/16/19,206.5,201.6026,197.8683,1,0,500,0,103250,22495,125745,0.01929234386,0.25745
8/19/19,210.35,202.0066,198.0871,1,0,500,0,105175,22495,127670,0.01530875979,0.2767
8/20/19,210.36,202.3622,198.3035,1,0,500,0,105180,22495,127675,3.92E-05,0.27675
8/21/19,212.64,202.7188,198.5304,1,0,500,0,106320,22495,128815,0.008928921089,0.28815
8/22/19,212.46,203.0842,198.7426,1,0,500,0,106230,22495,128725,-0.0006986763964,0.28725
8/23/19,202.64,203.254,198.8288,1,0,500,0,101320,22495,123815,-0.0381433288,0.23815
8/26/19,206.49,203.529,198.9402,1,0,500,0,103245,22495,125740,0.01554738925,0.2574
8/27/19,204.16,203.7344,199.0249,1,0,500,0,102080,22495,124575,-0.00926515031,0.24575
8/28/19,205.53,203.876,199.1102,1,0,500,0,102765,22495,125260,0.005498695565,0.2526
8/29/19,209.01,204.0988,199.1993,1,0,500,0,104505,22495,127000,0.0138911065,0.27
8/30/19,208.74,204.2844,199.2917,1,0,500,0,104370,22495,126865,-0.001062992126,0.26865
9/3/19,205.7,204.4228,199.3425,1,0,500,0,102850,22495,125345,-0.0119812399,0.25345
9/4/19,209.19,204.635,199.4449,1,0,500,0,104595,22495,127090,0.01392157645,0.2709
9/5/19,213.28,204.9892,199.589,1,0,500,0,106640,22495,129135,0.01609095916,0.29135
9/6/19,213.26,205.2584,199.7293,1,0,500,0,106630,22495,129125,-7.74E-05,0.29125
9/9/19,214.17,205.547,199.8785,1,0,500,0,107085,22495,129580,0.003523717328,0.2958
9/10/19,216.7,205.9226,200.0142,1,0,500,0,108350,22495,130845,0.009762308998,0.30845
9/11/19,223.59,206.3634,200.2115,1,0,500,0,111795,22495,134290,0.02632886239,0.3429
9/12/19,223.085,206.7705,200.39705,1,0,500,0,111542.5,22495,134037.5,-0.001880259141,0.340375
9/13/19,218.75,207.0573,200.50975,1,0,500,0,109375,22495,131870,-0.01617084771,0.3187
9/16/19,219.9,207.3707,200.63715,1,0,500,0,109950,22495,132445,0.004360354895,0.32445
9/17/19,220.7,207.7843,200.79135,1,0,500,0,110350,22495,132845,0.00302012156,0.32845
9/18/19,222.77,208.2149,200.97605,1,0,500,0,111385,22495,133880,0.007791034664,0.3388
9/19/19,220.96,208.5695,201.13955,1,0,500,0,110480,22495,132975,-0.006759784882,0.32975