date,close
5/16/19,359.31
5/15/19,354.99
5/14/19,345.61
5/13/19,345.26
5/10/19,361.04
5/9/19,362.75
5/8/19,364.37
5/7/19,370.46
5/6/19,378.67
5/3/19,385.03
5/2/19,379.06
5/1/19,378.81
4/30/19,370.54
4/29/19,371.83
4/26/19,374.85
4/25/19,368.33
4/24/19,374.23
4/23/19,381.89
4/22/19,377.34
4/18/19,360.35
4/17/19,354.74
4/16/19,359.46
4/15/19,348.87
4/12/19,351.14
4/11/19,367.65
4/10/19,363.92
4/9/19,364.71
4/8/19,361.41
4/5/19,365.49
4/4/19,367.88
4/3/19,369.75
4/2/19,367.72
4/1/19,366.96
3/29/19,356.56
3/28/19,354.61
3/27/19,353.37
3/26/19,359.97
3/25/19,366.23
3/22/19,361.01
3/21/19,377.87
3/20/19,375.22
3/19/19,358.78
3/18/19,363.44
3/15/19,361.46
3/14/19,358.82
3/13/19,361.21
3/12/19,356.27
3/11/19,358.86
3/8/19,349.6
3/7/19,352.6
3/6/19,359.61
3/5/19,354.3
3/4/19,351.04
3/1/19,357.32
2/28/19,358.1
2/27/19,362.87
2/26/19,364.97
2/25/19,363.91
2/22/19,363.02
2/21/19,356.97
2/20/19,359.91
2/19/19,361.92
2/15/19,356.87
2/14/19,359.07
2/13/19,351.77
2/12/19,359.97
2/11/19,345.73
2/8/19,347.57
2/7/19,344.71
2/6/19,352.19
2/5/19,355.81
2/4/19,351.34
2/1/19,339.85
1/31/19,339.5
1/30/19,340.66
1/29/19,328.9
1/28/19,335.66
1/25/19,338.05
1/24/19,326.67
1/23/19,321.99
1/22/19,325.16
1/18/19,339.1
1/17/19,353.19
1/16/19,351.39
1/15/19,354.64
1/14/19,332.94
1/11/19,337.59
1/10/19,324.66
1/9/19,319.96
1/8/19,320.27
1/7/19,315.34
1/4/19,297.57
1/3/19,271.2
1/2/19,267.66
12/31/18,267.66
12/28/18,256.08
12/27/18,255.565
12/26/18,253.67
12/24/18,233.88
12/21/18,246.39
12/20/18,260.58
12/19/18,266.77
12/18/18,270.94
12/17/18,262.8
12/14/18,266.84
12/13/18,276.02
12/12/18,274.88
12/11/18,265.32
12/10/18,269.7
12/7/18,265.14
12/6/18,282.88
12/4/18,275.33
12/3/18,290.3
11/30/18,286.13
11/29/18,288.75
11/28/18,282.65
11/27/18,266.63
11/26/18,261.43
11/23/18,258.82
11/21/18,262.13
11/20/18,266.98
11/19/18,270.6
11/16/18,286.21
11/15/18,290.06
11/14/18,286.73
11/13/18,294.4
11/12/18,294.07
11/9/18,303.47
11/8/18,317.92
11/7/18,327.5
11/6/18,310.84
11/5/18,315.44
11/2/18,309.1
11/1/18,317.38
10/31/18,301.78
10/30/18,285.81
10/29/18,284.84
10/26/18,299.83
10/25/18,312.87
10/24/18,301.83
10/23/18,333.16
10/22/18,329.54
10/19/18,332.67
10/18/18,346.71
10/17/18,364.7
10/16/18,346.4
10/15/18,333.13
10/12/18,339.56
10/11/18,321.1
10/10/18,325.89
10/9/18,355.71
10/8/18,349.1
10/5/18,351.35
10/4/18,363.65
10/3/18,377.05
10/2/18,377.14
10/1/18,381.43
9/28/18,374.13
9/27/18,380.71
9/26/18,377.88
9/25/18,369.43
9/24/18,369.61
9/21/18,361.19
9/20/18,365.36
9/19/18,366.96
9/18/18,367.65
9/17/18,350.35
9/14/18,364.56
9/13/18,368.15
9/12/18,369.95
9/11/18,355.93
9/10/18,348.41
9/7/18,348.68
9/6/18,346.46
9/5/18,341.18
9/4/18,363.6
8/31/18,367.68
8/30/18,370.98
8/29/18,368.04
8/28/18,368.49
8/27/18,364.58
8/24/18,358.82
8/23/18,339.17
8/22/18,344.44
8/21/18,338.02
8/20/18,327.73
8/17/18,316.78
8/16/18,322.44
8/15/18,326.4
8/14/18,337.49
8/13/18,341.31
8/10/18,345.87
8/9/18,349.36
8/8/18,347.61
8/7/18,351.83
8/6/18,350.92
8/3/18,343.09
8/2/18,344.5
8/1/18,338.38
7/31/18,337.45
7/30/18,334.96
7/27/18,355.21
7/26/18,363.09
7/25/18,362.87
7/24/18,357.32
7/23/18,362.66
7/20/18,361.05
7/19/18,364.23
7/18/18,375.13
7/17/18,379.48
7/16/18,400.48
7/13/18,395.8
7/12/18,413.5
7/11/18,418.65
7/10/18,415.63
7/9/18,418.97
7/6/18,408.25
7/5/18,398.39
7/3/18,390.52
7/2/18,398.18
6/29/18,391.43
6/28/18,395.42
6/27/18,390.39
6/26/18,399.39
6/25/18,384.48
6/22/18,411.09
6/21/18,415.44
6/20/18,416.76
6/19/18,404.98
6/18/18,390.4
6/15/18,391.98
6/14/18,392.87
6/13/18,379.93
6/12/18,363.83
6/11/18,361.45
6/8/18,360.57
6/7/18,361.4
6/6/18,367.45
6/5/18,365.8
6/4/18,361.81
6/1/18,359.93
5/31/18,351.6
5/30/18,353.54
5/29/18,349.73
5/25/18,351.29
5/24/18,349.29
5/23/18,344.72
5/22/18,331.62
5/21/18,331.82
5/18/18,324.18
5/17/18,325.22
5/16/18,328.19
5/15/18,326.13
5/14/18,328.53
5/11/18,326.46
5/10/18,329.6
5/9/18,330.3
5/8/18,326.89
5/7/18,326.26
5/4/18,320.09
5/3/18,311.69
5/2/18,313.36
5/1/18,313.3
4/30/18,312.46
4/27/18,311.76
4/26/18,313.98
4/25/18,305.76
4/24/18,307.02
4/23/18,318.69
4/20/18,327.77
4/19/18,332.7
4/18/18,334.52
4/17/18,336.06
4/16/18,307.78
4/13/18,311.65
4/12/18,309.25
4/11/18,303.67
4/10/18,298.07
4/9/18,289.93
4/6/18,288.85
4/5/18,293.97
4/4/18,288.94
4/3/18,283.67
4/2/18,280.29
3/29/18,295.35
3/28/18,285.77
3/27/18,300.69
3/26/18,320.35
3/23/18,300.94
3/22/18,306.7
3/21/18,316.48
3/20/18,317.5
3/19/18,313.48
3/16/18,318.45
3/15/18,321.09
3/14/18,321.55
3/13/18,315.88
3/12/18,321.3
3/9/18,331.44
3/8/18,317
3/7/18,321.16
3/6/18,325.22
3/5/18,315
3/2/18,301.05
3/1/18,290.39
2/28/18,291.38
2/27/18,290.61
2/26/18,294.16
2/23/18,285.93
2/22/18,278.14
2/21/18,281.04
2/20/18,278.55
2/16/18,278.52
2/15/18,280.27
2/14/18,266
2/13/18,258.27
2/12/18,257.95
2/9/18,249.47
2/8/18,250.1
2/7/18,264.56
2/6/18,265.72
2/5/18,254.26
2/2/18,267.43
2/1/18,265.07
1/31/18,270.3
1/30/18,278.8
1/29/18,284.59
1/26/18,274.6
1/25/18,269.7
1/24/18,261.3
1/23/18,250.29
1/22/18,227.58
1/19/18,220.46
1/18/18,220.33
1/17/18,217.5
1/16/18,221.53
1/12/18,221.23
1/11/18,217.24
1/10/18,212.52
1/9/18,209.31
1/8/18,212.05
1/5/18,209.99
1/4/18,205.63
1/3/18,205.05
1/2/18,201.07
12/29/17,191.96
12/28/17,192.71
12/27/17,186.24
12/26/17,187.76
12/22/17,189.94
12/21/17,188.62
12/20/17,188.82
12/19/17,187.02
12/18/17,190.42
12/15/17,190.12
12/14/17,189.56
12/13/17,187.86
12/12/17,185.73
12/11/17,186.22
12/8/17,188.54
12/7/17,185.2
12/6/17,185.3
12/5/17,184.21
12/4/17,184.04
12/1/17,186.82
11/30/17,187.58
11/29/17,188.15
11/28/17,199.18
11/27/17,195.05
11/24/17,195.75
11/22/17,196.32
11/21/17,196.23
11/20/17,194.1
11/17/17,193.2
11/16/17,195.51
11/15/17,192.12
11/14/17,195.71
11/13/17,195.08
11/10/17,192.02
11/9/17,193.9
11/8/17,196.44
11/7/17,195.89
11/6/17,200.13
11/3/17,200.01
11/2/17,199.32
11/1/17,198
10/31/17,196.43
10/30/17,198.37
10/27/17,199.54
10/26/17,195.21
10/25/17,193.77
10/24/17,196.02
10/23/17,192.47
10/20/17,194.16
10/19/17,195.13
10/18/17,195.54
10/17/17,199.48
10/16/17,202.68
10/13/17,199.49
10/12/17,195.86
10/11/17,194.95
10/10/17,195.08
10/9/17,196.87
10/6/17,198.02
10/5/17,194.39
10/4/17,184.45
10/3/17,179.19
10/2/17,177.01
9/29/17,181.35
9/28/17,180.7
9/27/17,181.97
9/26/17,179.38
9/25/17,178.55
9/22/17,187.35
9/21/17,188.78
9/20/17,185.51
9/19/17,185.68
9/18/17,184.62
9/15/17,182.35
9/14/17,182.63
9/13/17,183.64
9/12/17,185.15
9/11/17,181.74
9/8/17,176.42
9/7/17,179
9/6/17,179.25
9/5/17,174.52
9/1/17,174.74
8/31/17,174.71
8/30/17,174.69
8/29/17,168.81
8/28/17,167.12
8/25/17,165.95
8/24/17,168.13
8/23/17,169.06
8/22/17,169.34
8/21/17,166.76
8/18/17,166.54
8/17/17,166.09
8/16/17,169.98
8/15/17,168.5
8/14/17,171
8/11/17,171.4
8/10/17,169.14
8/9/17,175.78
8/8/17,178.36
8/7/17,181.33
8/4/17,180.27
8/3/17,179.23
8/2/17,180.74
8/1/17,182.03
7/31/17,181.66
7/28/17,184.04
7/27/17,182.68
7/26/17,189.08
7/25/17,186.97
7/24/17,187.91
7/21/17,188.54
7/20/17,183.6
7/19/17,183.86
7/18/17,183.6
7/17/17,161.7
7/14/17,161.12
7/13/17,158.21
7/12/17,158.75
7/11/17,154.33
7/10/17,152.67
7/7/17,150.18
7/6/17,146.25
7/5/17,147.61
7/3/17,146.17
6/30/17,149.41
6/29/17,150.09
6/28/17,153.41
6/27/17,151.03
6/26/17,157.5
6/23/17,158.02
6/22/17,154.89
6/21/17,155.03
6/20/17,152.05
6/19/17,153.4
6/16/17,152.38
6/15/17,151.76
6/14/17,152.2
6/13/17,152.72
6/12/17,151.44
6/9/17,158.03
6/8/17,165.88
6/7/17,165.61
6/6/17,165.17
6/5/17,165.06
6/2/17,165.18
6/1/17,162.99
5/31/17,163.07
5/30/17,163.22
5/26/17,162.43
5/25/17,163.05
5/24/17,157.75
5/23/17,157.95
5/22/17,157.16
5/19/17,157.02
5/18/17,155.7
5/17/17,153.2
5/16/17,159.41
5/15/17,160.02
5/12/17,160.81
5/11/17,158.54
5/10/17,160.28
5/9/17,157.46
5/8/17,156.38
5/5/17,156.6
5/4/17,157.25
5/3/17,155.59
5/2/17,156.45
5/1/17,155.35
4/28/17,152.2
4/27/17,153.08
4/26/17,150.17
4/25/17,152.16
4/24/17,143.83
4/21/17,142.87
4/20/17,141.18
4/19/17,139.76
4/18/17,143.36
4/17/17,147.25
4/13/17,142.92
4/12/17,143.83
4/11/17,144.35
4/10/17,143.85
4/7/17,143.11
4/6/17,143.74
4/5/17,143.62
4/4/17,145.5
4/3/17,146.92
3/31/17,147.81
3/30/17,148.06
3/29/17,146.47
3/28/17,145.17
3/27/17,144.06
3/24/17,142.02
3/23/17,141.84
3/22/17,142.65
3/21/17,142.42
3/20/17,145.83
3/17/17,145.11
3/16/17,144.39
3/15/17,145.25
3/14/17,143.19
3/13/17,143.52
3/10/17,140.89
3/9/17,140.53
3/8/17,140.32
3/7/17,141.43
3/6/17,141.94
3/3/17,139.14
3/2/17,139.53
3/1/17,142.65
2/28/17,142.13
2/27/17,143.41
2/24/17,143.25
2/23/17,142.78
2/22/17,143.86
2/21/17,142.6
2/17/17,142.22
2/16/17,142.01
2/15/17,142.27
2/14/17,140.82
2/13/17,143.2
2/10/17,144.82
2/9/17,144.14
2/8/17,144.74
2/7/17,144
2/6/17,140.97
2/3/17,140.25
2/2/17,139.2
2/1/17,140.78
1/31/17,140.71
1/30/17,141.22
1/27/17,142.45
1/26/17,138.96
1/25/17,139.52
1/24/17,140.11
1/23/17,137.39
1/20/17,138.6
1/19/17,138.41
1/18/17,133.26
1/17/17,132.89
1/13/17,133.7
1/12/17,129.18
1/11/17,130.5
1/10/17,129.89
1/9/17,130.95
1/6/17,131.07
1/5/17,131.81
1/4/17,129.41
1/3/17,127.49
12/30/16,123.8
12/29/16,125.33
12/28/16,125.89
12/27/16,128.35
12/23/16,125.59
12/22/16,125.58
12/21/16,126.5
12/20/16,125.12
12/19/16,125.45
12/16/16,124.22
12/15/16,125
12/14/16,123.44
12/13/16,123.78
12/12/16,122.83
12/9/16,122.88
12/8/16,123.24
12/7/16,125.39
12/6/16,124.57
12/5/16,119.16
12/2/16,120.81
12/1/16,117.22
11/30/16,117
11/29/16,117.51
11/28/16,116.93
11/25/16,117.41
11/23/16,117.69
11/22/16,118.04
11/21/16,117.96
11/18/16,115.21
11/17/16,115.03
11/16/16,115.19
11/15/16,113.59
11/14/16,113.38
11/11/16,114.78
11/10/16,115.42
11/9/16,122.19
11/8/16,124.34
11/7/16,124.58
11/4/16,122.03
11/3/16,122.14
11/2/16,122.34
11/1/16,123.3
10/31/16,124.87
10/28/16,126.57
10/27/16,126.47
10/26/16,126.97
10/25/16,126.51
10/24/16,127.33
10/21/16,127.5
10/20/16,123.35
10/19/16,121.87
10/18/16,118.79
10/17/16,99.8
10/14/16,101.47
10/13/16,100.23
10/12/16,99.5
10/11/16,100.59
10/10/16,103.33
10/7/16,104.82
10/6/16,105.07
10/5/16,106.28
10/4/16,102.34
10/3/16,102.63
9/30/16,98.55
9/29/16,96.67
9/28/16,97.48
9/27/16,97.07
9/26/16,94.56
9/23/16,95.94
9/22/16,95.83
9/21/16,94.88
9/20/16,98.25
9/19/16,98.06
9/16/16,99.48
9/15/16,97.34
9/14/16,97.01
9/13/16,96.09
9/12/16,99.05
9/9/16,96.5
9/8/16,99.66
9/7/16,99.15
9/6/16,100.09
9/2/16,97.38
9/1/16,97.38
8/31/16,97.45
8/30/16,97.45
8/29/16,97.3
8/26/16,97.58
8/25/16,97.32
8/24/16,95.18
8/23/16,95.94
8/22/16,95.26
8/19/16,95.87
8/18/16,96.16
8/17/16,96.37
8/16/16,95.12
8/15/16,95.31
8/12/16,96.59
8/11/16,95.89
8/10/16,93.93
8/9/16,93.99
8/8/16,95.11
8/5/16,97.03
8/4/16,93.44
8/3/16,93.1
8/2/16,93.56
8/1/16,94.37
7/29/16,91.25
7/28/16,91.65
7/27/16,92.04
7/26/16,91.41
7/25/16,87.66
7/22/16,85.89
7/21/16,85.99
7/20/16,87.91
7/19/16,85.84
7/18/16,98.81
7/15/16,98.39
7/14/16,98.02
7/13/16,96.43
7/12/16,95.97
7/11/16,94.67
7/8/16,97.06
7/7/16,95.1
7/6/16,94.6
7/5/16,97.91
7/1/16,96.67
6/30/16,91.48
6/29/16,91.06
6/28/16,87.97
6/27/16,85.33
6/24/16,88.44
6/23/16,91.66
6/22/16,90.01
6/21/16,90.99
6/20/16,93.8
6/17/16,94.45
6/16/16,95.44
6/15/16,94.29
6/14/16,94.12
6/13/16,93.85
6/10/16,93.75
6/9/16,97.09
6/8/16,97.86
6/7/16,99.89
6/6/16,100.74
6/3/16,99.59
6/2/16,101.25
6/1/16,101.51
5/31/16,102.57
5/27/16,103.3
5/26/16,102.81
5/25/16,100.2
5/24/16,97.89
5/23/16,94.89
5/20/16,92.49
5/19/16,89.55
5/18/16,90.5
5/17/16,88.63
5/16/16,89.12
5/13/16,87.88
5/12/16,87.74
5/11/16,90.02
5/10/16,92.89
5/9/16,90.54
5/6/16,90.84
5/5/16,89.37
5/4/16,90.79
5/3/16,91.54
5/2/16,93.11
4/29/16,90.03
4/28/16,90.28
4/27/16,91.04
4/26/16,92.43
4/25/16,93.56
4/22/16,95.9
4/21/16,94.98
4/20/16,96.77
4/19/16,94.34
4/18/16,108.4
4/15/16,111.51
4/14/16,110.42
4/13/16,109.65
4/12/16,106.98
4/11/16,102.68
4/8/16,103.81
4/7/16,104.45
4/6/16,104.83
4/5/16,104.94
4/4/16,104.35
4/1/16,105.7
3/31/16,102.23
3/30/16,102.19
3/29/16,104.13
3/28/16,101.21
3/24/16,98.36
3/23/16,99.59
3/22/16,99.84
3/21/16,101.06
3/18/16,101.12
3/17/16,99.72
3/16/16,99.35
3/15/16,97.86
3/14/16,98.13
3/11/16,97.66
3/10/16,97.36
3/9/16,98
3/8/16,96.23
3/7/16,95.49
3/4/16,101.58
3/3/16,97.93
3/2/16,97.61
3/1/16,98.3
2/29/16,93.41
2/26/16,94.79
2/25/16,94.53
2/24/16,91.61
2/23/16,89.12
2/22/16,91.93
2/19/16,89.23
2/18/16,90.49
2/17/16,94.76
2/16/16,89.05
2/12/16,87.4
2/11/16,86.35
2/10/16,88.45
2/9/16,86.13
2/8/16,83.32
2/5/16,82.79
2/4/16,89.71
2/3/16,90.74
2/2/16,91.49
2/1/16,94.09
1/29/16,91.84
1/28/16,94.41
1/27/16,91.15
1/26/16,97.83
1/25/16,99.12
1/22/16,100.72
1/21/16,102.35
1/20/16,107.74
1/19/16,107.89
1/15/16,104.04
1/14/16,107.06
1/13/16,106.56
1/12/16,116.58
1/11/16,114.97
1/8/16,111.39
1/7/16,114.56
1/6/16,117.68
1/5/16,107.66
1/4/16,109.96
12/31/15,114.38
12/30/15,116.71
12/29/15,119.12
12/28/15,117.11
12/24/15,117.33
12/23/15,118.16
12/22/15,116.24
12/21/15,116.63
12/18/15,118.02
12/17/15,122.51
12/16/15,122.64
12/15/15,118.6
12/14/15,120.67
12/11/15,118.91
12/10/15,122.91
12/9/15,124.2
12/8/15,126.98
12/7/15,125.36
12/4/15,130.93
12/3/15,126.81
12/2/15,128.93
12/1/15,125.37
11/30/15,123.33
11/27/15,125.44
11/25/15,124.16
11/24/15,123.31
11/23/15,125.03
11/20/15,123.84
11/19/15,120.22
11/18/15,120.63
11/17/15,117.1
11/16/15,111.35
11/13/15,103.65
11/12/15,108.92
11/11/15,112.86
11/10/15,112.7
11/9/15,109.86
11/6/15,114.06
11/5/15,113.5
11/4/15,114.05
11/3/15,109.74
11/2/15,107.64
10/30/15,108.38
10/29/15,105.12
10/28/15,105.8
10/27/15,103.07
10/26/15,103.04
10/23/15,100.04
10/22/15,97.32
10/21/15,97.96
10/20/15,98.99
10/19/15,101.69
10/16/15,98.99
10/15/15,101.09
10/14/15,110.23
10/13/15,109.73
10/12/15,113.45
10/9/15,113.33
10/8/15,114.93
10/7/15,108.1
10/6/15,108.33
10/5/15,111.25
10/2/15,106.11
10/1/15,105.98
9/30/15,103.26
9/29/15,98.35
9/28/15,99.47
9/25/15,102.24
9/24/15,103.76
9/23/15,98.07
9/22/15,98.47
9/21/15,100.3
9/18/15,102.62
9/17/15,104.21
9/16/15,104.08
9/15/15,99.16
9/14/15,95.69
9/11/15,97.51
9/10/15,99.48
9/9/15,99.18
9/8/15,94.95
9/4/15,98.79
9/3/15,101.06
9/2/15,105.44
9/1/15,105.79
8/31/15,115.03
8/28/15,117.63
8/27/15,117.66
8/26/15,110.13
8/25/15,101.52
8/24/15,96.88
8/21/15,103.96
8/20/15,112.49
8/19/15,122.06
8/18/15,124.05
8/17/15,125.36
8/14/15,123.39
8/13/15,123.73
8/12/15,120.51
8/11/15,122.74
8/10/15,123.03
8/7/15,123.52
8/6/15,126.45
8/5/15,123.71
8/4/15,121.15
8/3/15,112.56
7/31/15,114.31
7/30/15,111.56
7/29/15,107.08
7/28/15,106.9
7/27/15,106.43
7/24/15,109.34
7/23/15,110.1
7/22/15,111.5
7/21/15,112.51
7/20/15,110.55
7/17/15,114.77
7/16/15,115.81
7/15/15,98.13
7/14/15,100.3714
7/13/15,101.0871
7/10/15,97.2285
7/9/15,95.7271
7/8/15,93.5071
7/7/15,94.0914
7/6/15,94.5714
7/2/15,94.0443
7/1/15,93.6357
6/30/15,93.8485
6/29/15,92.2314
6/26/15,93.0885
6/25/15,94.8914
6/24/15,96.9443
6/23/15,97.3128
6/22/15,96.4143
6/19/15,93.8714
6/18/15,94.7428
6/17/15,94.2714
6/16/15,95.2728
6/15/15,93.4314
6/12/15,94.4185
6/11/15,95.0943
6/10/15,95.8714
6/9/15,92.45
6/8/15,89.6043
6/5/15,90.46
6/4/15,89.3485
6/3/15,88.8085
6/2/15,89.13
6/1/15,89.0028
5/29/15,89.1514
5/28/15,89.5071
5/27/15,89.8571
5/26/15,87.9928
5/22/15,88.8385
5/21/15,89.0028
5/20/15,88.79
5/19/15,88.0685
5/18/15,88.2671
5/15/15,87.6071
5/14/15,83.8357
5/13/15,82.8728
5/12/15,83.3771
5/11/15,84.2778
5/8/15,82.0857
5/7/15,80.7485
5/6/15,80.0771
5/5/15,80.7928
5/4/15,79.2714
5/1/15,79.5757
4/30/15,79.5
4/29/15,80.4071
4/28/15,80.4371
4/27/15,80.8685
4/24/15,79.7707
4/23/15,79.8657
4/22/15,79.6685
4/21/15,80.0628
4/20/15,81.0557
4/17/15,81.65
4/16/15,80.2928
4/15/15,67.9228
4/14/15,68.3871
4/13/15,67.8114
4/10/15,64.9386
4/9/15,62.7857
4/8/15,63.05
4/7/15,60.4943
4/6/15,60.33
4/2/15,59.1543
4/1/15,59.0171
3/31/15,59.5271
3/30/15,60.3671
3/27/15,59.2528
3/26/15,59.7514
3/25/15,60.25
3/24/15,62.6114
3/23/15,60.7143
3/20/15,61.185
3/19/15,60.7443
3/18/15,60.4457
3/17/15,59.7886
3/16/15,60.2814
3/13/15,62.6286
3/12/15,64.0457
3/11/15,62.8843
3/10/15,62.1514
3/9/15,63.6614
3/6/15,64.8743
3/5/15,66.8071
3/4/15,67.11
3/3/15,67.8157
3/2/15,68.6071
2/27/15,67.8443
2/26/15,69.0043
2/25/15,68.3328
2/24/15,67.84
2/23/15,67.4057
2/20/15,68.3143
2/19/15,67.8
2/18/15,67.8657
2/17/15,67.1371
2/13/15,66.5857
2/12/15,65.2471
2/11/15,64.9843
2/10/15,64.85
2/9/15,63.295
2/6/15,63.48
2/5/15,64.13
2/4/15,64.1014
2/3/15,65.2743
2/2/15,63.0093
1/30/15,63.1143
1/29/15,63.4
1/28/15,63.2086
1/27/15,64.8814
1/26/15,63.7943
1/23/15,62.4936
1/22/15,61.2057
1/21/15,58.4686
1/20/15,49.8286
1/16/15,48.1914
1/15/15,46.2514
1/14/15,46.32
1/13/15,46.2557
1/12/15,45.5471
1/9/15,47.0414
1/8/15,47.7793
1/7/15,46.7428
1/6/15,46.5014
1/5/15,47.3114
1/2/15,49.8486
12/31/14,48.8014
12/30/14,49.0328
12/29/14,48.8471
12/26/14,48.5786
12/24/14,48.8714
12/23/14,48.0614
12/22/14,48.0971
12/19/14,48.5886
12/18/14,47.7743
12/17/14,47.6643
12/16/14,45.2057
12/15/14,46.72
12/12/14,47.7828
12/11/14,47.8043
12/10/14,47.76
12/9/14,49.1114
12/8/14,48.4971
12/5/14,50.1314
12/4/14,50.0857
12/3/14,50.7314
12/2/14,50.33
12/1/14,48.83
11/28/14,49.5128
11/26/14,50.1657
11/25/14,49.8557
11/24/14,50.9243
11/21/14,51.4686
11/20/14,52.5914
11/19/14,51.8714
11/18/14,54.4328
11/17/14,54.4486
11/14/14,55.1486
11/13/14,54.2014
11/12/14,54.8371
11/11/14,54.65
11/10/14,55.3243
11/7/14,54.88
11/6/14,54.7571
11/5/14,54.34
11/4/14,54.6828
11/3/14,55.4871
10/31/14,56.11
10/30/14,54.1443
10/29/14,54.0143
10/28/14,55.1743
10/27/14,54.2
10/24/14,55.0028
10/23/14,54.72
10/22/14,53.5214
10/21/14,52.2843
10/20/14,51.3171
10/17/14,51.0128
10/16/14,51.6714
10/15/14,64.0843
10/14/14,64.16
10/13/14,62.6543
10/10/14,64.5828
10/9/14,65.9457
10/8/14,66.6943
10/7/14,65.1786
10/6/14,66.2114
10/3/14,65.6486
10/2/14,64.2828
10/1/14,62.6857
9/30/14,64.4543
9/29/14,64.2228
9/26/14,64.1071
9/25/14,63.3557
9/24/14,64.3657
9/23/14,63.4143
9/22/14,63.2543
9/19/14,65.36
9/18/14,65.5728
9/17/14,64.9328
9/16/14,65.2728
9/15/14,65.3928
9/12/14,68.0786
9/11/14,68.7943
9/10/14,69.1986
9/9/14,68.43
9/8/14,68.4757
9/5/14,67.9543
9/4/14,67.5243
9/3/14,68.1986
9/2/14,68.0857
8/29/14,68.2343
8/28/14,67.8871
8/27/14,67.8143
8/26/14,68.48
8/25/14,68.7043
8/22/14,68.4557
8/21/14,67.4357
8/20/14,67.4557
8/19/14,66.8786
8/18/14,66.5714
8/15/14,65.5843
8/14/14,64.41
8/13/14,64.5043
8/12/14,63.7728
8/11/14,64.5057
8/8/14,63.6928
8/7/14,64.2386
8/6/14,61.4714
8/5/14,60.4071
8/4/14,60.3857
8/1/14,60.7714
7/31/14,60.3886
7/30/14,62.0514
7/29/14,60.6114
7/28/14,60.6657
7/25/14,60.2657
7/24/14,60.7686
7/23/14,61.1286
7/22/14,61.5843
7/21/14,64.5643
7/18/14,63.4528
7/17/14,62.7657
7/16/14,63.4914
7/15/14,64.1557
7/14/14,64.6543
7/11/14,62.8514
7/10/14,62.65
7/9/14,63.2857
7/8/14,63.5786
7/7/14,65.8028
7/3/14,67.4786
7/2/14,66.6771
7/1/14,67.5857
6/30/14,62.9428
6/27/14,63.1543
6/26/14,62.8014
6/25/14,63.4586
6/24/14,62.3371
6/23/14,62.7886
6/20/14,62.8828
6/19/14,63.0557
6/18/14,64.0971
6/17/14,63.3786
6/16/14,61.4657
6/13/14,61.1014
6/12/14,60.35
6/11/14,61.4286
6/10/14,61.1843
6/9/14,60.4414
6/6/14,61.4471
6/5/14,61.1928
6/4/14,60.4586
6/3/14,59.6528
6/2/14,60.2943
5/30/14,59.69
5/29/14,59.3143
5/28/14,57.32
5/27/14,56.9728
5/23/14,57.4786
5/22/14,55.9714
5/21/14,55.8
5/20/14,53.0957
5/19/14,52.0714
5/16/14,49.9828
5/15/14,49.17
5/14/14,50.2686
5/13/14,49.5914
5/12/14,49.35
5/9/14,46.9357
5/8/14,45.9514
5/7/14,45.7914
5/6/14,46.5986
5/5/14,49.1971
5/2/14,48.6643
5/1/14,48.0741
4/30/14,46.0057
4/29/14,45.6957
4/28/14,44.8871
4/25/14,46.0114
4/24/14,49.1528
4/23/14,50.5
4/22/14,53.2714
4/21/14,49.7843
4/17/14,49.3914
4/16/14,47.3443
4/15/14,46.61
4/14/14,47.3686
4/11/14,46.6728
4/10/14,47.8186
4/9/14,50.4328
4/8/14,49.8414
4/7/14,48.2857
4/4/14,48.1871
4/3/14,50.67
4/2/14,51.84
4/1/14,52.0986
3/31/14,50.29
3/28/14,51.2671
3/27/14,52.0257
3/26/14,53.1828
3/25/14,52.9771
3/24/14,54.1286
3/21/14,57.9986
3/20/14,60.61
3/19/14,60.0128
3/18/14,60.0357
3/17/14,60.3886
3/14/14,60.6414
3/13/14,61.4371
3/12/14,62.3686
3/11/14,62.4971
3/10/14,62.85
3/7/14,64.0528
3/6/14,64.3586
3/5/14,64.7857
3/4/14,64.9971
3/3/14,63.6557
2/28/14,63.6614
2/27/14,64.6043
2/26/14,64.1128
2/25/14,64.7186
2/24/14,63.8571
2/21/14,61.7471
2/20/14,62.1357
2/19/14,61.1757
2/18/14,62.4071
2/14/14,62.2157
2/13/14,62.3643
2/12/14,61.2757
2/11/14,61.9986
2/10/14,61.4914
2/7/14,61.4257
2/6/14,58.2728
2/5/14,57.7743
2/4/14,57.9871
2/3/14,57.7686
1/31/14,58.4757
1/30/14,57.81
1/29/14,57.2028
1/28/14,58.11
1/27/14,54.4614
1/24/14,55.1543
1/23/14,55.5314
1/22/14,47.6757
1/21/14,46.9586
1/17/14,47.1486
1/16/14,47.3828
1/15/14,47.1971
1/14/14,48.28
1/13/14,48.1157
1/10/14,47.4486
1/9/14,48.15
1/8/14,48.7128
1/7/14,48.5
1/6/14,51.3671
1/3/14,51.8714
1/2/14,51.8314
12/31/13,52.5957
12/30/13,52.4271
12/27/13,52.5
12/26/13,53.8471
12/24/13,54.0557
12/23/13,54.3686
12/20/13,53.6671
12/19/13,53.82
12/18/13,53.7486
12/17/13,53.5528
12/16/13,52.33
12/13/13,52.71
12/12/13,53.3328
12/11/13,51.9971
12/10/13,51.8714
12/9/13,50.81
12/6/13,50.6343
12/5/13,51.1514
12/4/13,50.8957
12/3/13,51.8486
12/2/13,51.9886
11/29/13,52.2571
11/27/13,51.7843
11/26/13,50.7428
11/25/13,50.0343
11/22/13,49.6928
11/21/13,49.7857
11/20/13,48.5028
11/19/13,48.1843
11/18/13,48.8243
11/15/13,49.9657
11/14/13,48.9386
11/13/13,47.8977
11/12/13,47.6757
11/11/13,48.2728
11/8/13,47.8428
11/7/13,46.6943
11/6/13,47.9471
11/5/13,48.7857
11/4/13,48.2286
11/1/13,47.0378
10/31/13,46.0686
10/30/13,45.4486
10/29/13,46.7571
10/28/13,44.8571
10/25/13,46.8616
10/24/13,47.3171
10/23/13,47.1771
10/22/13,46.0748
10/21/13,50.7128
10/18/13,47.6428
10/17/13,47.1571
10/16/13,46.1254
10/15/13,45.9557
10/14/13,46.3371
10/11/13,42.9783
10/10/13,43.4277
10/9/13,41.2043
10/8/13,43.1886
10/7/13,45.4514
10/4/13,46.7514
10/3/13,45.96
10/2/13,47.2471
10/1/13,46.3743
9/30/13,44.1728
9/27/13,44.6286
9/26/13,44.7871
9/25/13,43.8771
9/24/13,43.7843
9/23/13,43.1486
9/20/13,44.8328
9/19/13,43.6426
9/18/13,43.8457
9/17/13,42.7928
9/16/13,43.1657
9/13/13,43.6643
9/12/13,43.058
9/11/13,44.0428
9/10/13,44.7228
9/9/13,42.0214
9/6/13,41.6486
9/5/13,42.1586
9/4/13,41.7757
9/3/13,41.2857
8/30/13,40.5586
8/29/13,41.1214
8/28/13,40.48
8/27/13,39.4343
8/26/13,40.3886
8/23/13,39.7657
8/22/13,38.5357
8/21/13,38.6243
8/20/13,39.0414
8/19/13,37.1114
8/16/13,36.9814
8/15/13,36.2014
8/14/13,37.4014
8/13/13,37.0271
8/12/13,36.6571
8/9/13,36.1071
8/8/13,35.7714
8/7/13,35.6014
8/6/13,36.5571
8/5/13,36.2628
8/2/13,35.1686
8/1/13,35.5886
7/31/13,34.9263
7/30/13,34.8228
7/29/13,34.9943
7/26/13,35.1871
7/25/13,35.2486
7/24/13,34.4714
7/23/13,35.7514
7/22/13,37.4228
7/19/13,37.7966
7/18/13,38.0586
7/17/13,38.2743
7/16/13,37.2114
7/15/13,36.8543
7/12/13,36.7516
7/11/13,34.8814
7/10/13,34.8314
7/9/13,35.3403
7/8/13,33.3
7/5/13,32.1571
7/3/13,31.5586
7/2/13,31.6371
7/1/13,32.04
6/28/13,30.1557
6/27/13,30.71
6/26/13,30.3
6/25/13,30.4143
6/24/13,30.8
6/21/13,30.9857
6/20/13,31.9314
6/19/13,33.1871
6/18/13,32.69
6/17/13,32.7471
6/14/13,30.57
6/13/13,30.77
6/12/13,29.6628
6/11/13,30.6371
6/10/13,31.5614
6/7/13,31.46
6/6/13,31.1057
6/5/13,31.9228
6/4/13,32.1871
6/3/13,31.71
5/31/13,32.3214
5/30/13,31.8086
5/29/13,30.7628
5/28/13,30.5986
5/24/13,32.6771
5/23/13,32.3114
5/22/13,32.6514
5/21/13,33.87
5/20/13,34.2214
5/17/13,34.1428
5/16/13,33.8614
5/15/13,34.7714
5/14/13,33.4243
5/13/13,32.7684
5/10/13,31.0991
5/9/13,30.9157
5/8/13,29.8014
5/7/13,29.4643
5/6/13,30.0986
5/3/13,30.4928
5/2/13,30.6414
5/1/13,30.4157
4/30/13,30.8671
4/29/13,30.7161
4/26/13,30.7928
4/25/13,30.5357
4/24/13,30.96
4/23/13,30.9986
4/22/13,24.91
4/19/13,23.3386
4/18/13,23.4029
4/17/13,24.1943
4/16/13,25.1214
4/15/13,25.2143
4/12/13,24.7428
4/11/13,24.7157
4/10/13,23.7243
4/9/13,24.1943
4/8/13,23.2943
4/5/13,23.5229
4/4/13,23.8128
4/3/13,24.2486
4/2/13,25.2414
4/1/13,26.0614
3/28/13,27.04
3/27/13,27.1771
3/26/13,27.23
3/25/13,25.8271
3/22/13,25.9
3/21/13,25.9986
3/20/13,26.15
3/19/13,25.91
3/18/13,26.5128
3/15/13,26.4071
3/14/13,26.91
3/13/13,27.48
3/12/13,26.0157
3/11/13,25.7786
3/8/13,26.3857
3/7/13,25.9371
3/6/13,26.1343
3/5/13,25.9614
3/4/13,25.8871
3/1/13,27.0528
2/28/13,26.8686
2/27/13,26.3314
2/26/13,26.2986
2/25/13,25.6171
2/22/13,25.6943
2/21/13,26.7357
2/20/13,26.7314
2/19/13,28.0643
2/15/13,27.0731
2/14/13,26.7714
2/13/13,26.6098
2/12/13,25.4214
2/11/13,25.4128
2/8/13,25.8528
2/7/13,25.9946
2/6/13,26.3443
2/5/13,24.9124
2/4/13,24.9628
2/1/13,23.5429
1/31/13,23.6057
1/30/13,23.9571
1/29/13,24.16
1/28/13,23.1586
1/25/13,24.2228
1/24/13,20.98
1/23/13,14.7514
1/22/13,13.9729
1/18/13,14.1671
1/17/13,13.9571
1/16/13,13.9257
1/15/13,14.5271
1/14/13,14.7779
1/11/13,14.47
1/10/13,14
1/9/13,13.7014
1/8/13,13.8795
1/7/13,14.1715
1/4/13,13.7114
1/3/13,13.7986
1/2/13,13.1443
12/31/12,13.2271
12/28/12,12.7614
12/27/12,12.9286
12/26/12,12.95
12/24/12,12.89
12/21/12,13.0486
12/20/12,13.3571
12/19/12,13.4255
12/18/12,13.663
12/17/12,13.5286
12/14/12,13.3286
12/13/12,13.2229
12/12/12,12.9614
12/11/12,12.2977
12/10/12,12.1143
12/7/12,12.2829
12/6/12,12.31
12/5/12,11.91
12/4/12,12.3784
12/3/12,10.8571
11/30/12,11.6729
11/29/12,11.6257
11/28/12,11.7471
11/27/12,11.8686
11/26/12,11.7229
11/23/12,11.85
11/21/12,11.8571
11/20/12,11.7714
11/19/12,11.623
11/16/12,11.5571
11/15/12,11.6401
11/14/12,11.3973
11/13/12,11.3726
11/12/12,11.17
11/9/12,11.1286
11/8/12,10.8529
11/7/12,11.0971
11/6/12,10.91
11/5/12,11.1771
11/2/12,10.9857
11/1/12,11.0986
10/31/12,11.3199
10/26/12,9.94
10/25/12,8.7871
10/24/12,8.5882
10/23/12,9.7457
10/22/12,9.6971
10/19/12,9.2829
10/18/12,9.6229
10/17/12,9.7886
10/16/12,9.4357
10/15/12,9.2514
10/12/12,9.1905
10/11/12,9.4257
10/10/12,9.3571
10/9/12,9.3612
10/8/12,10.5029
10/5/12,9.5086
10/4/12,9.5243
10/3/12,8.94
10/2/12,8.0657
10/1/12,8.0071
9/28/12,7.7771
9/27/12,7.9357
9/26/12,7.8757
9/25/12,7.6857
9/24/12,8.0557
9/21/12,8.2557
9/20/12,8.3914
9/19/12,8.1486
9/18/12,8.0086
9/17/12,8.1457
9/14/12,8.6457
9/13/12,8.2857
9/12/12,8.1729
9/11/12,8.1657
9/10/12,7.9886
9/7/12,8.0943
9/6/12,8.0929
9/5/12,7.8514
9/4/12,7.99
8/31/12,8.5314
8/30/12,8.64
8/29/12,9.0629
8/28/12,8.9929
8/27/12,8.9129
8/24/12,9.0229
8/23/12,9.15
8/22/12,9.3429
8/21/12,9.3714
8/20/12,9.1771
8/17/12,9.0986
8/16/12,9.1871
8/15/12,9.0371
8/14/12,8.8229
8/13/12,8.5586
8/10/12,8.5571
8/9/12,8.2729
8/8/12,8.2571
8/7/12,8.2714
8/6/12,8.1129
8/3/12,7.7014
8/2/12,7.6957
8/1/12,7.7857
7/31/12,8.1214
7/30/12,8.25
7/27/12,8.4171
7/26/12,8.1443
7/25/12,8.6114
7/24/12,11.4843
7/23/12,11.42
7/20/12,11.6886
7/19/12,11.8743
7/18/12,11.61
7/17/12,11.6829
7/16/12,11.8543
7/13/12,12.1286
7/12/12,12.1386
7/11/12,11.6629
7/10/12,11.4614
7/9/12,11.8557
7/6/12,11.6986
7/5/12,11.6743
7/3/12,10.2914
7/2/12,9.6929
6/29/12,9.7836
6/28/12,9.6229
6/27/12,9.4986
6/26/12,9.5429
6/25/12,9.5757
6/22/12,9.6943
6/21/12,9.4057
6/20/12,9.737
6/19/12,9.9757
6/18/12,9.5329
6/15/12,9.3986
6/14/12,8.9514
6/13/12,8.9757
6/12/12,9.0029
6/11/12,9
6/8/12,9.3771
6/7/12,9.2343
6/6/12,9.4114
6/5/12,9.2614
6/4/12,9.2857
6/1/12,8.9929
5/31/12,9.0629
5/30/12,9.62
5/29/12,9.92
5/25/12,10.0314
5/24/12,10.0386
5/23/12,10.2729
5/22/12,9.6729
5/21/12,10.2486
5/18/12,9.9943
5/17/12,10.2814
5/16/12,10.6
5/15/12,11.0686
5/14/12,10.9943
5/11/12,11.0543
5/10/12,10.3457
5/9/12,10.6214
5/8/12,10.3986
5/7/12,10.4929
5/4/12,10.4493
5/3/12,10.8529
5/2/12,11.7471
5/1/12,11.6229
4/30/12,11.4486
4/27/12,11.9629
4/26/12,12.1529
4/25/12,12.3357
4/24/12,12.5257
4/23/12,14.5486
4/20/12,15.1586
4/19/12,15.2986
4/18/12,15.28
4/17/12,15.2886
4/16/12,14.45
4/13/12,14.8814
4/12/12,14.8943
4/11/12,14.2586
4/10/12,14.56
4/9/12,15.24
4/5/12,15.7857
4/4/12,15.7514
4/3/12,16.1371
4/2/12,16.2814
3/30/12,16.4343
3/29/12,16.4357
3/28/12,16.9721
3/27/12,17.2386
3/26/12,17.4271
3/23/12,17.17
3/22/12,16.9614
3/21/12,17.1571
3/20/12,16.4314
3/19/12,16.3329
3/16/12,15.7086
3/15/12,15.7386
3/14/12,15.0357
3/13/12,15.1929
3/12/12,15.1714
3/9/12,15.59
3/8/12,15.4386
3/7/12,15.0271
3/6/12,15.3043
3/5/12,15.83
3/2/12,16.4429
3/1/12,16.1071
2/29/12,15.8186
2/28/12,16.1886
2/27/12,15.63
2/24/12,15.9529
2/23/12,16.1414
2/22/12,16.0571
2/21/12,16.7714
2/17/12,17.4071
2/16/12,17.4157
2/15/12,17.4371
2/14/12,17.5814
2/13/12,16.9
2/10/12,17.7043
2/9/12,17.8343
2/8/12,17.7143
2/7/12,18.2686
2/6/12,18.4643
2/3/12,18.0614
2/2/12,17.7143
2/1/12,17.5671
1/31/12,17.1714
1/30/12,17.9186
1/27/12,17.6843
1/26/12,16.5729
1/25/12,13.5771
1/24/12,13.2386
1/23/12,13.4229
1/20/12,14.32
1/19/12,14.78
1/18/12,14.0771
1/17/12,13.5314
1/13/12,13.4829
1/12/12,13.1643
1/11/12,13.1643
1/10/12,13.69
1/9/12,14.0257
1/6/12,12.3271
1/5/12,11.3286
1/4/12,11.4929
1/3/12,10.32
12/30/11,9.8986
12/29/11,9.9
12/28/11,9.8857
12/27/11,10.0851
12/23/11,10.3743
12/22/11,10.5486
12/21/11,10.1386
12/20/11,10.2
12/19/11,9.5929
12/16/11,9.9743
12/15/11,9.96
12/14/11,10.1486
12/13/11,10.3014
12/12/11,10.7514
12/9/11,10.1271
12/8/11,9.9171
12/7/11,10.28
12/6/11,9.7343
12/5/11,10.0171
12/2/11,9.4814
12/1/11,9.5957
11/30/11,9.2186
11/29/11,9.6529
11/28/11,9.9929
11/25/11,9.1226
11/23/11,9.7857
11/22/11,10.0643
11/21/11,10.6386
11/18/11,11.1514
11/17/11,10.9229
11/16/11,11.5971
11/15/11,12.3257
11/14/11,12.2457
11/11/11,12.5357
11/10/11,12.16
11/9/11,12.5786
11/8/11,12.9243
11/7/11,12.9757
11/4/11,12.86
11/3/11,13.1843
11/2/11,11.9129
11/1/11,11.4414
10/31/11,11.7257
10/28/11,12.02
10/27/11,11.5514
10/26/11,11.3429
10/25/11,11.0529
10/24/11,16.9771
10/21/11,16.72
10/20/11,15.9257
10/19/11,15.6314
10/18/11,15.9629
10/17/11,16.7614
10/14/11,16.5771
10/13/11,16.7157
10/12/11,16.2314
10/11/11,15.5229
10/10/11,15.9457
10/7/11,16.7443
10/6/11,17.6057
10/5/11,17.1086
10/4/11,16.4143
10/3/11,16.1786
9/30/11,16.1814
9/29/11,16.17
9/28/11,18.1629
9/27/11,18.2129
9/26/11,18.8886
9/23/11,18.48
9/22/11,18.3614
9/21/11,18.3571
9/20/11,18.5757
9/19/11,20.5357
9/16/11,22.17
9/15/11,24.1786
9/14/11,29.8157
9/13/11,29.8214
9/12/11,30.0071
9/9/11,29.1386
9/8/11,30.1714
9/7/11,30.8571
9/6/11,31.2528
9/2/11,30.4443
9/1/11,33.3243
8/31/11,33.5728
8/30/11,33.7543
8/29/11,32.1478
8/26/11,31.6986
8/25/11,30.8328
8/24/11,30.8614
8/23/11,31.3628
8/22/11,29.3157
8/19/11,29.3157
8/18/11,31.0686
8/17/11,33.1771
8/16/11,34.1486
8/15/11,35.1828
8/12/11,34.8571
8/11/11,34.7328
8/10/11,33.2028
8/9/11,33.9714
8/8/11,32.3771
8/5/11,34.4443
8/4/11,35.11
8/3/11,37.1428
8/2/11,36.7428
8/1/11,37.6257
7/29/11,37.9986
7/28/11,38.0886
7/27/11,38.4886
7/26/11,38.13
7/25/11,40.2186
7/22/11,39.5114
7/21/11,39.4014
7/20/11,40.2
7/19/11,41.0414
7/18/11,39.8571
7/15/11,40.99
7/14/11,40.9457
7/13/11,42.6757
7/12/11,41.61
7/11/11,41.5343
7/8/11,42.1628
7/7/11,41.7743
7/6/11,41.5657
7/5/11,41.3757
7/1/11,38.2843
6/30/11,37.5271
6/29/11,37.8486
6/28/11,37.87
6/27/11,37.16
6/24/11,36.7086
6/23/11,36.5314
6/22/11,35.5228
6/21/11,36.2357
6/20/11,35.09
6/17/11,35.0957
6/16/11,35.6143
6/15/11,36.7314
6/14/11,37.304
6/13/11,36.7457
6/10/11,36.946
6/9/11,37.51
6/8/11,37.4657
6/7/11,37.67
6/6/11,37.5128
6/3/11,39.1003
6/2/11,38.8143
6/1/11,38.18
5/31/11,38.6857
5/27/11,37.7871
5/26/11,37.6786
5/25/11,37.0671
5/24/11,35.3714
5/23/11,35.4043
5/20/11,35.1286
5/19/11,34.6757
5/18/11,34.6486
5/17/11,33.8486
5/16/11,33.87
5/13/11,35.2171
5/12/11,35.11
5/11/11,34.3814
5/10/11,33.9471
5/9/11,33.7728
5/6/11,32.7814
5/5/11,32.9014
5/4/11,32.7414
5/3/11,33.0343
5/2/11,33.8846
4/29/11,33.2386
4/28/11,33.4814
4/27/11,33.7086
4/26/11,32.7014
4/25/11,35.9528
4/21/11,36.0314
4/20/11,34.9186
4/19/11,34.5071
4/18/11,33.3328
4/15/11,33.6414
4/14/11,33.8186
4/13/11,34.1071
4/12/11,33.4171
4/11/11,32.5943
4/8/11,33.5514
4/7/11,33.4228
4/6/11,34.2814
4/5/11,34.89
4/4/11,34.96
4/1/11,34.5843
3/31/11,33.9686
3/30/11,33.9928
3/29/11,33.9114
3/28/11,33.9028
3/25/11,32.8586
3/24/11,32.7328
3/23/11,32.7228
3/22/11,31.6271
3/21/11,30.4057
3/18/11,29.9143
3/17/11,30.5571
3/16/11,30.5486
3/15/11,31.0157
3/14/11,28.7428
3/11/11,29.2201
3/10/11,28.5743
3/9/11,27.57
3/8/11,27.9214
3/7/11,29.6286
3/4/11,30.1028
3/3/11,29.0528
3/2/11,29.1757
3/1/11,29.2328
2/28/11,29.5243
2/25/11,30.3486
2/24/11,30.74
2/23/11,30.1714
2/22/11,31.6571
2/18/11,33.6443
2/17/11,33.6614
2/16/11,33.9603
2/15/11,34.3986
2/14/11,35.3643
2/11/11,33.01
2/10/11,31.8857
2/9/11,31.7557
2/8/11,31.0893
2/7/11,31.1457
2/4/11,31.4386
2/3/11,30.2128
2/2/11,30.18
2/1/11,30.4143
1/31/11,30.5828
1/28/11,31.14
1/27/11,30.1243
1/26/11,26.1471
1/25/11,26.6771
1/24/11,26.28
1/21/11,26.0128
1/20/11,26.4286
1/19/11,27.2671
1/18/11,27.6686
1/14/11,27.3543
1/13/11,27.3557
1/12/11,26.9857
1/11/11,26.6643
1/10/11,26.84
1/7/11,25.6143
1/6/11,25.4271
1/5/11,25.6757
1/4/11,25.91
1/3/11,25.4871
12/31/10,25.1
12/30/10,25.6857
12/29/10,25.7528
12/28/10,26.2386
12/27/10,25.7157
12/23/10,26.3686
12/22/10,26.4786
12/21/10,26.6057
12/20/10,25.4357
12/17/10,25.7171
12/16/10,25.95
12/15/10,25.5
12/14/10,25.4928
12/13/10,26.2571
12/10/10,27.8043
12/9/10,27.2928
12/8/10,26.89
12/7/10,27.1157
12/6/10,27.6386
12/3/10,26.4928
12/2/10,27.6314
12/1/10,28.5914
11/30/10,29.4143
11/29/10,28.4171
11/26/10,27.4143
11/24/10,26.9671
11/23/10,26.8157
11/22/10,26.9028
11/19/10,24.72
11/18/10,24.0471
11/17/10,23.8114
11/16/10,23.6286
11/15/10,24.0428
11/12/10,24.7143
11/11/10,25.02
11/10/10,25.2671
11/9/10,24.3514
11/8/10,24.1614
11/5/10,24.0143
11/4/10,23.9743
11/3/10,24.4943
11/2/10,24.5157
11/1/10,23.91
10/29/10,24.7957
10/28/10,25.1
10/27/10,25.5
10/26/10,25.3743
10/25/10,23.8343
10/22/10,24.0143
10/21/10,24.67
10/20/10,21.8786
10/19/10,21.3329
10/18/10,21.8571
10/15/10,22.2457
10/14/10,21.8257
10/13/10,22.0871
10/12/10,22.1986
10/11/10,21.9557
10/8/10,21.3771
10/7/10,21.6329
10/6/10,21.4671
10/5/10,22.3089
10/4/10,22.3414
10/1/10,22.0943
9/30/10,23.1657
9/29/10,24.3757
9/28/10,23.1229
9/27/10,23.57
9/24/10,23.1729
9/23/10,22.9243
9/22/10,22.4186
9/21/10,21.0286
9/20/10,20.4128
9/17/10,20.0657
9/16/10,20.0714
9/15/10,20.4457
9/14/10,20.95
9/13/10,21.1343
9/10/10,20.88
9/9/10,20.8114
9/8/10,20.8571
9/7/10,20.2557
9/3/10,19.7829
9/2/10,19.7143
9/1/10,19.2736
8/31/10,17.9314
8/30/10,17.5857
8/27/10,18.0143
8/26/10,17.9771
8/25/10,17.75
8/24/10,17.3257
8/23/10,18.1286
8/20/10,18.5657
8/19/10,18.32
8/18/10,17.9571
8/17/10,18.9957
8/16/10,19.6029
8/13/10,18.8943
8/12/10,19.0071
8/11/10,18.0671
8/10/10,17.8586
8/9/10,16.7
8/6/10,16.9029
8/5/10,15.79
8/4/10,15.4471
8/3/10,14.9157
8/2/10,14.5543
7/30/10,14.65
7/29/10,14.0029
7/28/10,14.33
7/27/10,14.87
7/26/10,14.6843
7/23/10,15.3857
7/22/10,14.7943
7/21/10,17.0929
7/20/10,17.1986
7/19/10,16.9857
7/16/10,16.9129
7/15/10,17.3014
7/14/10,17.5714
7/13/10,17.2743
7/12/10,17.0543
7/9/10,16.7906
7/8/10,16.7114
7/7/10,16.9271
7/6/10,15.3243
7/2/10,15.2971
7/1/10,15.6657
6/30/10,15.5214
6/29/10,16.0829
6/28/10,16.8014
6/25/10,16.8543
6/24/10,16.4643
6/23/10,16.8243
6/22/10,16.6329
6/21/10,16.9986
6/18/10,18.06
6/17/10,17.98
6/16/10,17.81
6/15/10,17.6429
6/14/10,18.1157
6/11/10,17.2414
6/10/10,16.9514
6/9/10,16.49
6/8/10,15.7614
6/7/10,15.5943
6/4/10,15.6829
6/3/10,15.9786
6/2/10,15.8257
6/1/10,15.3271
5/28/10,15.8786
5/27/10,15.5514
5/26/10,14.9714
5/25/10,15
5/24/10,14.5171
5/21/10,14.21
5/20/10,13.57
5/19/10,14.3729
5/18/10,14.5729
5/17/10,15.1929
5/14/10,14.3657
5/13/10,15.7157
5/12/10,15.4043
5/11/10,14.26
5/10/10,13.9293
5/7/10,13.0129
5/6/10,13.8529
5/5/10,14.0329
5/4/10,14.1943
5/3/10,14.57
4/30/10,14.1286
4/29/10,14.7386
4/28/10,14.1986
4/27/10,14.5814
4/26/10,15.4529
4/23/10,14.2471
4/22/10,14.3214
4/21/10,12.4257
4/20/10,12.4386
4/19/10,12.1143
4/16/10,12.1871
4/15/10,12.4043
4/14/10,12.51
4/13/10,12.34
4/12/10,11.8829
4/9/10,11.7743
4/8/10,11.69
4/7/10,11.39
4/6/10,11.91
4/5/10,11.4271
4/1/10,10.7143
3/31/10,10.5343
3/30/10,10.7229
3/29/10,10.5571
3/26/10,10.6143
3/25/10,10.5057
3/24/10,10.3386
3/23/10,10.4229
3/22/10,10.4129
3/19/10,10.0643
3/18/10,10.0771
3/17/10,10.1314
3/16/10,10.09
3/15/10,9.9429
3/12/10,9.9971
3/11/10,10.17
3/10/10,10.1829
3/9/10,9.9914
3/8/10,9.8114
3/5/10,9.6643
3/4/10,9.7157
3/3/10,9.65
3/2/10,9.8543
3/1/10,9.9571
2/26/10,9.4357
2/25/10,9.3729
2/24/10,9.2414
2/23/10,9.1929
2/22/10,9.3243
2/19/10,9.5214
2/18/10,9.4429
2/17/10,9.2157
2/16/10,9.2657
2/12/10,9.0257
2/11/10,9.0514
2/10/10,8.7843
2/9/10,8.8757
2/8/10,8.7
2/5/10,8.6914
2/4/10,8.62
2/3/10,8.85
2/2/10,8.8357
2/1/10,8.7186
1/29/10,8.8929
1/28/10,9.0057
1/27/10,7.2814
1/26/10,7.1357
1/25/10,7.0186
1/22/10,7.27
1/21/10,7.3129
1/20/10,7.32
1/19/10,7.3143
1/15/10,7.2786
1/14/10,7.2843
1/13/10,7.7086
1/12/10,7.4814
1/11/10,7.6043
1/8/10,7.6143
1/7/10,7.4857
1/6/10,7.6171
1/5/10,7.3586
1/4/10,7.64
12/31/09,7.87
12/30/09,7.9474
12/29/09,8.14
12/28/09,8.1914
12/24/09,8.1271
12/23/09,8.1214
12/22/09,7.6586
12/21/09,7.7086
12/18/09,7.61
12/17/09,7.6757
12/16/09,7.8686
12/15/09,8.1314
12/14/09,8.0586
12/11/09,7.9571
12/10/09,8.1057
12/9/09,7.9943
12/8/09,7.9886
12/7/09,7.9871
12/4/09,8.0329
12/3/09,8.2843
12/2/09,8.4286
12/1/09,8.3186
11/30/09,8.3757
11/27/09,8.2643
11/25/09,8.46
11/24/09,8.5243
11/23/09,8.6257
11/20/09,8.5671
11/19/09,8.6086
11/18/09,8.7329
11/17/09,8.6786
11/16/09,8.4943
11/13/09,8.4757
11/12/09,8.3129
11/11/09,8.4914
11/10/09,8.3429
11/9/09,8.1714
11/6/09,7.98
11/5/09,8.0557
11/4/09,7.7371
11/3/09,7.6786
11/2/09,7.6857
10/30/09,7.6357
10/29/09,7.9029
10/28/09,7.6486
10/27/09,7.7486
10/26/09,7.8814
10/23/09,7.8414
10/22/09,7.09
10/21/09,6.8357
10/20/09,6.9943
10/19/09,7.1143
10/16/09,6.9986
10/15/09,7.1929
10/14/09,6.8671
10/13/09,6.6414
10/12/09,6.58
10/9/09,6.7014
10/8/09,6.5771
10/7/09,6.6071
10/6/09,6.5957
10/5/09,6.4886
10/2/09,6.3886
10/1/09,6.3743
9/30/09,6.5957
9/29/09,6.6086
9/28/09,6.5671
9/25/09,6.6086
9/24/09,6.66
9/23/09,6.6929
9/22/09,6.8186
9/21/09,6.7857
9/18/09,6.7714
9/17/09,6.6343
9/16/09,6.6857
9/15/09,6.4243
9/14/09,6.1829
9/11/09,6.0943
9/10/09,6.2143
9/9/09,6.1757
9/8/09,5.9257
9/4/09,5.85
9/3/09,5.7557
9/2/09,5.9686
9/1/09,6.0214
8/31/09,6.2329
8/28/09,6.3171
8/27/09,6.25
8/26/09,6.2814
8/25/09,6.3514
8/24/09,6.3314
8/21/09,6.4429
8/20/09,6.4257
8/19/09,6.41
8/18/09,6.2214
8/17/09,6.1586
8/14/09,6.3557
8/13/09,6.6114
8/12/09,6.6114
8/11/09,6.5843
8/10/09,6.5429
8/7/09,6.4286
8/6/09,6.2143
8/5/09,6.33
8/4/09,6.3114
8/3/09,6.4243
7/31/09,6.2771
7/30/09,6.23
7/29/09,6.1
7/28/09,6.0486
7/27/09,5.9571
7/24/09,6.0286
7/23/09,6.6371
7/22/09,6.4686
7/21/09,6.3971
7/20/09,6.4029
7/17/09,6.3057
7/16/09,6.3043
7/15/09,6.3443
7/14/09,6.1857
7/13/09,6.0271
7/10/09,5.7243
7/9/09,5.7071
7/8/09,5.5286
7/7/09,5.5429
7/6/09,5.6829
7/2/09,5.7029
7/1/09,5.8029
6/30/09,5.9057
6/29/09,5.8857
6/26/09,5.7671
6/25/09,5.8729
6/24/09,5.6557
6/23/09,5.6529
6/22/09,5.7929
6/19/09,5.9414
6/18/09,5.9014
6/17/09,5.7714
6/16/09,5.4043
6/15/09,5.4514
6/12/09,5.4057
6/11/09,5.3914
6/10/09,5.4086
6/9/09,5.5729
6/8/09,5.5443
6/5/09,5.5986
6/4/09,5.8157
6/3/09,5.7857
6/2/09,5.8814
6/1/09,5.8486
5/29/09,5.6314
5/28/09,5.5057
5/27/09,5.5614
5/26/09,5.7271
5/22/09,5.5429
5/21/09,5.5871
5/20/09,5.75
5/19/09,5.6614
5/18/09,5.5386