Date,Open,High,Low,Last,Change,Settle,Volume,Previous Day Open Interest
2014-02-18,100.51,100.51,100.51,100.51,0.96,100.51,25.0,12833.0
2014-02-19,100.83,100.83,100.83,100.83,0.32,100.83,0.0,12833.0
2014-02-20,100.78,100.78,100.78,100.78,0.05,100.78,15.0,12833.0
2014-02-21,100.61,100.61,100.61,100.61,0.17,100.61,0.0,12833.0
2014-02-24,100.77,100.77,100.77,100.77,0.16,100.77,6.0,12833.0
2014-02-25,100.57,100.57,100.57,100.57,0.2,100.57,81.0,12827.0
2014-02-26,100.69,100.69,100.69,100.69,0.12,100.69,0.0,12776.0
2014-02-27,100.67,100.67,100.67,100.67,0.02,100.67,0.0,12776.0
2014-02-28,100.68,100.68,100.68,100.68,0.01,100.68,0.0,12776.0
2014-03-03,104.69,104.69,104.69,104.69,2.33,104.69,760.0,11171.0
2014-03-04,103.19,103.19,103.19,103.19,1.5,103.19,221.0,11200.0
2014-03-05,101.51,101.51,101.51,101.51,1.68,101.51,108.0,11201.0
2014-03-06,101.62,101.62,101.62,101.62,0.11,101.62,0.0,11186.0
2014-03-07,102.43,102.43,102.43,102.43,0.81,102.43,80.0,11186.0
2014-03-10,101.34,101.34,101.34,101.34,1.09,101.34,0.0,11186.0
2014-03-11,100.59,100.59,100.59,100.59,0.75,100.59,22.0,11186.0
2014-03-12,99.27,99.27,99.27,99.27,1.32,99.27,62.0,11186.0
2014-03-13,99.42,99.42,99.42,99.42,0.15,99.42,71.0,11186.0
2014-03-14,99.79,99.79,99.79,99.79,0.37,99.79,32.0,11186.0
2014-03-17,99.32,99.32,99.32,99.32,0.47,99.32,0.0,11186.0
2014-03-18,99.97,99.97,99.97,99.97,0.65,99.97,69.0,11186.0
2014-03-19,100.13,100.13,100.13,100.13,0.16,100.13,0.0,11186.0
2014-03-20,100.0,100.0,100.0,100.0,0.13,100.0,0.0,11186.0
2014-03-21,100.18,100.18,100.18,100.18,0.18,100.18,0.0,11186.0
2014-03-24,100.22,100.22,100.22,100.22,0.04,100.22,0.0,11186.0
2014-03-25,100.13,100.13,100.13,100.13,0.09,100.13,10.0,11186.0
2014-03-26,100.33,100.33,100.33,100.33,0.2,100.33,0.0,11176.0
2014-03-27,100.48,100.48,100.48,100.48,0.15,100.48,15.0,11176.0
2014-03-28,100.51,100.51,100.51,100.51,0.03,100.51,0.0,11176.0
2014-03-31,101.36,101.36,101.36,101.36,0.09,101.36,163.0,12483.0
2014-04-01,99.54,99.54,99.54,99.54,1.82,99.54,380.0,12380.0
2014-04-02,99.42,99.42,99.42,99.42,0.12,99.42,409.0,12010.0
2014-04-03,100.04,100.04,100.04,100.04,0.62,100.04,16.0,11601.0
2014-04-04,100.77,100.77,100.77,100.77,0.73,100.77,32.0,11594.0
2014-04-07,100.21,100.21,100.21,100.21,0.56,100.21,16.0,11562.0
2014-04-08,101.79,101.79,101.79,101.79,1.58,101.79,360.0,11578.0
2014-04-09,102.48,102.48,102.48,102.48,0.69,102.48,50.0,11548.0
2014-04-10,102.33,102.33,102.33,102.33,0.15,102.33,40.0,11558.0
2014-04-11,102.51,102.51,102.51,102.51,0.18,102.51,10.0,11568.0
2014-04-14,102.77,102.77,102.77,102.77,0.26,102.77,0.0,11568.0
2014-04-15,102.63,102.63,102.63,102.63,0.14,102.63,19.0,11568.0
2014-04-16,102.65,102.65,102.65,102.65,0.02,102.65,0.0,11577.0
2014-04-17,102.82,102.82,102.82,102.82,0.17,102.82,20.0,11577.0
2014-04-21,102.91,102.91,102.91,102.91,0.09,102.91,10.0,11577.0
2014-04-22,102.26,102.26,102.26,102.26,0.65,102.26,0.0,11577.0
2014-04-23,102.17,102.17,102.17,102.17,0.09,102.17,28.0,11577.0
2014-04-24,102.29,102.29,102.29,102.29,0.12,102.29,0.0,11577.0
2014-04-25,102.03,102.03,102.03,102.03,0.26,102.03,32.0,11577.0
2014-04-28,102.07,102.07,102.07,102.07,0.04,102.07,0.0,11609.0
2014-04-29,102.11,102.11,102.11,102.11,0.04,102.11,0.0,11609.0
2014-04-30,99.53,99.53,99.53,99.53,1.52,99.53,566.0,11835.0
2014-05-01,99.2,99.2,99.2,99.2,0.33,99.2,461.0,11805.0
2014-05-02,99.5,99.5,99.5,99.5,0.3,99.5,0.0,11944.0
2014-05-05,99.24,99.24,99.24,99.24,0.26,99.24,6.0,11944.0
2014-05-06,99.22,99.22,99.22,99.22,0.02,99.22,17.0,11938.0
2014-05-07,100.27,100.27,100.27,100.27,1.05,100.27,82.0,11938.0
2014-05-08,99.91,99.91,99.91,99.91,0.36,99.91,100.0,11856.0
2014-05-09,99.73,99.73,99.73,99.73,0.18,99.73,84.0,11756.0
2014-05-12,100.14,100.14,100.14,100.14,0.41,100.14,5.0,11706.0
2014-05-13,100.82,100.82,100.82,100.82,0.68,100.82,0.0,11701.0
2014-05-14,101.21,101.21,101.21,101.21,0.39,101.21,17.0,11701.0
2014-05-15,100.85,100.85,100.85,100.85,0.36,100.85,13.0,11684.0
2014-05-16,101.07,101.07,101.07,101.07,0.22,101.07,31.0,11671.0
2014-05-19,101.3,101.3,101.3,101.3,0.23,101.3,23.0,11640.0
2014-05-20,101.37,101.37,101.37,101.37,0.07,101.37,181.0,11663.0
2014-05-21,101.95,101.95,101.95,101.95,0.58,101.95,0.0,11782.0
2014-05-22,101.85,101.85,101.85,101.85,0.1,101.85,0.0,11782.0
2014-05-23,102.0,102.0,102.0,102.0,0.15,102.0,86.0,11782.0
2014-05-27,101.95,101.95,101.95,101.95,0.05,101.95,13.0,11696.0
2014-05-28,101.75,101.75,101.75,101.75,0.2,101.75,0.0,11683.0
2014-05-29,101.84,101.84,101.84,101.84,0.09,101.84,590.0,11683.0
2014-05-30,102.5,102.5,102.5,102.5,0.85,102.5,750.0,9932.0
2014-06-02,102.28,102.28,102.28,102.28,0.22,102.28,223.0,10208.0
2014-06-03,102.45,102.45,102.45,102.45,0.17,102.45,154.0,10189.0
2014-06-04,102.43,102.43,102.43,102.43,0.02,102.43,95.0,10176.0
2014-06-05,102.3,102.3,102.3,102.3,0.13,102.3,853.0,10081.0
2014-06-06,102.44,102.44,102.44,102.44,0.14,102.44,0.0,10884.0
2014-06-09,103.74,103.74,103.74,103.74,1.3,103.74,32.0,10884.0
2014-06-10,103.69,103.69,103.69,103.69,0.05,103.69,100.0,10852.0
2014-06-11,103.74,103.74,103.74,103.74,0.05,103.74,0.0,10752.0
2014-06-12,105.07,105.07,105.07,105.07,1.33,105.07,119.0,10752.0
2014-06-13,105.29,105.29,105.29,105.29,0.22,105.29,0.0,10633.0
2014-06-16,105.32,105.32,105.32,105.32,0.03,105.32,261.0,10633.0
2014-06-17,105.1,105.1,105.1,105.1,0.22,105.1,0.0,10627.0
2014-06-18,104.96,104.96,104.96,104.96,0.14,104.96,0.0,10627.0
2014-06-19,105.14,105.14,105.14,105.14,0.18,105.14,0.0,10627.0
2014-06-20,105.4,105.4,105.4,105.4,0.26,105.4,0.0,10627.0
2014-06-23,105.21,105.21,105.21,105.21,0.19,105.21,31.0,10627.0
2014-06-24,105.18,105.18,105.18,105.18,0.03,105.18,0.0,10658.0
2014-06-25,105.27,105.27,105.27,105.27,0.09,105.27,37.0,10658.0
2014-06-26,105.17,105.17,105.17,105.17,0.1,105.17,100.0,10695.0
2014-06-27,105.16,105.16,105.16,105.16,0.01,105.16,0.0,10695.0
2014-06-30,105.17,105.17,105.17,105.17,0.35,105.17,1316.0,10687.0
2014-07-01,105.15,105.15,105.15,105.15,0.02,105.15,332.0,11105.0
2014-07-02,104.34,104.34,104.34,104.34,0.81,104.34,12.0,11032.0
2014-07-03,103.96,103.96,103.96,103.96,0.38,103.96,32.0,11044.0
2014-07-07,103.52,103.52,103.52,103.52,0.44,103.52,1128.0,11076.0
2014-07-08,103.38,103.38,103.38,103.38,0.14,103.38,113.0,10756.0
2014-07-09,102.54,102.54,102.54,102.54,0.84,102.54,100.0,10756.0
2014-07-10,103.01,103.01,103.01,103.01,0.47,103.01,0.0,10777.0
2014-07-11,101.58,101.58,101.58,101.58,1.43,101.58,0.0,10777.0
2014-07-14,101.66,101.66,101.66,101.66,0.08,101.66,1142.0,10777.0
2014-07-15,101.1,101.1,101.1,101.1,0.56,101.1,150.0,11170.0
2014-07-16,101.72,101.72,101.72,101.72,0.62,101.72,95.0,11110.0
2014-07-17,102.6,102.6,102.6,102.6,0.88,102.6,50.0,11173.0
2014-07-18,102.51,102.51,102.51,102.51,0.09,102.51,9.0,11223.0
2014-07-21,102.93,102.93,102.93,102.93,0.42,102.93,0.0,11223.0
2014-07-22,102.77,102.77,102.77,102.77,0.16,102.77,0.0,11223.0
2014-07-23,103.0,103.0,103.0,103.0,0.23,103.0,0.0,11223.0
2014-07-24,102.72,102.72,102.72,102.72,0.28,102.72,0.0,11223.0
2014-07-25,102.72,102.72,102.72,102.72,,102.72,0.0,11223.0
2014-07-28,102.65,102.65,102.65,102.65,0.07,102.65,0.0,11223.0
2014-07-29,102.55,102.55,102.55,102.55,0.1,102.55,0.0,11223.0
2014-07-30,102.49,102.49,102.49,102.49,0.06,102.49,0.0,11223.0
2014-07-31,97.89,97.89,97.89,97.89,1.97,97.89,579.0,9963.0
2014-08-01,97.57,97.57,97.57,97.57,0.32,97.57,151.0,10161.0
2014-08-04,97.96,97.96,97.96,97.96,0.39,97.96,0.0,10072.0
2014-08-05,97.18,97.18,97.18,97.18,0.78,97.18,0.0,10072.0
2014-08-06,96.83,96.83,96.83,96.83,0.35,96.83,13.0,10072.0
2014-08-07,97.18,97.18,97.18,97.18,0.35,97.18,959.0,10072.0
2014-08-08,97.36,97.36,97.36,97.36,0.18,97.36,0.0,9715.0
2014-08-11,97.65,97.65,97.65,97.65,0.29,97.65,0.0,9715.0
2014-08-12,97.17,97.17,97.17,97.17,0.48,97.17,0.0,9715.0
2014-08-13,97.32,97.32,97.32,97.32,0.15,97.32,10.0,9715.0
2014-08-14,95.95,95.95,95.95,95.95,1.37,95.95,98.0,9725.0
2014-08-15,96.7,96.7,96.7,96.7,0.75,96.7,0.0,9653.0
2014-08-18,96.04,96.04,96.04,96.04,0.66,96.04,15.0,9653.0
2014-08-19,95.56,95.56,95.56,95.56,0.48,95.56,20.0,9638.0
2014-08-20,95.84,95.84,95.84,95.84,0.28,95.84,0.0,9618.0
2014-08-21,96.01,96.01,96.01,96.01,0.17,96.01,0.0,9618.0
2014-08-22,95.92,95.92,95.92,95.92,0.09,95.92,52.0,9618.0
2014-08-25,95.85,95.85,95.85,95.85,0.07,95.85,125.0,9670.0
2014-08-26,95.94,95.94,95.94,95.94,0.09,95.94,0.0,9545.0
2014-08-27,95.95,95.95,95.95,95.95,0.01,95.95,0.0,9545.0
2014-08-28,96.01,96.01,96.01,96.01,0.06,96.01,95.0,9545.0
2014-08-29,95.69,95.69,95.69,95.69,1.35,95.69,191.0,10913.0
2014-09-02,92.66,92.66,92.66,92.66,3.03,92.66,1544.0,10744.0
2014-09-03,95.17,95.17,95.17,95.17,2.51,95.17,226.0,10248.0
2014-09-04,94.22,94.22,94.22,94.22,0.95,94.22,66.0,10348.0
2014-09-05,93.27,93.27,93.27,93.27,0.95,93.27,131.0,10345.0
2014-09-08,92.75,92.75,92.75,92.75,0.52,92.75,91.0,10339.0
2014-09-09,92.75,92.75,92.75,92.75,,92.75,98.0,10430.0
2014-09-10,91.98,91.98,91.98,91.98,0.77,91.98,0.0,10492.0
2014-09-11,92.72,92.72,92.72,92.72,0.74,92.72,5.0,10492.0
2014-09-12,92.39,92.39,92.39,92.39,0.33,92.39,0.0,10497.0
2014-09-15,92.75,92.75,92.75,92.75,0.36,92.75,6.0,10497.0
2014-09-16,93.74,93.74,93.74,93.74,0.99,93.74,15.0,10497.0
2014-09-17,93.48,93.48,93.48,93.48,0.26,93.48,0.0,10497.0
2014-09-18,92.94,92.94,92.94,92.94,0.54,92.94,16.0,10497.0
2014-09-19,92.78,92.78,92.78,92.78,0.16,92.78,7.0,10497.0
2014-09-22,92.51,92.51,92.51,92.51,0.27,92.51,18.0,10497.0
2014-09-23,92.71,92.71,92.71,92.71,0.2,92.71,0.0,10487.0
2014-09-24,93.01,93.01,93.01,93.01,0.3,93.01,0.0,10487.0
2014-09-25,92.95,92.95,92.95,92.95,0.06,92.95,0.0,10487.0
2014-09-26,93.1,93.1,93.1,93.1,0.15,93.1,0.0,10487.0
2014-09-29,93.2,93.2,93.2,93.2,0.1,93.2,62.0,10487.0
2014-09-30,90.85,90.85,90.85,90.85,3.34,90.85,407.0,12702.0
2014-10-01,90.39,90.39,90.39,90.39,0.46,90.39,296.0,12818.0
2014-10-02,90.6,90.6,90.6,90.6,0.21,90.6,9.0,12748.0
2014-10-03,89.47,89.47,89.47,89.47,1.13,89.47,206.0,12757.0
2014-10-06,90.01,90.01,90.01,90.01,0.54,90.01,0.0,12591.0
2014-10-07,88.83,88.83,88.83,88.83,1.18,88.83,5.0,12591.0
2014-10-08,87.67,87.67,87.67,87.67,1.16,87.67,15.0,12596.0
2014-10-09,86.54,86.54,86.54,86.54,1.13,86.54,0.0,12581.0
2014-10-10,86.57,86.57,86.57,86.57,0.03,86.57,1451.0,12581.0
2014-10-13,86.5,86.5,86.5,86.5,0.07,86.5,0.0,13294.0
2014-10-14,84.17,84.17,84.17,84.17,2.33,84.17,101.0,13294.0
2014-10-15,84.07,84.07,84.07,84.07,0.1,84.07,101.0,13193.0
2014-10-16,84.58,84.58,84.58,84.58,0.51,84.58,10.0,13294.0
2014-10-17,84.62,84.62,84.62,84.62,0.04,84.62,142.0,13284.0
2014-10-20,84.57,84.57,84.57,84.57,0.05,84.57,0.0,13298.0
2014-10-21,84.77,84.77,84.77,84.77,0.2,84.77,0.0,13298.0
2014-10-22,84.09,84.09,84.09,84.09,0.68,84.09,79.0,13298.0
2014-10-23,84.57,84.57,84.57,84.57,0.48,84.57,8.0,13219.0
2014-10-24,84.29,84.29,84.29,84.29,0.28,84.29,0.0,13227.0
2014-10-27,84.28,84.28,84.28,84.28,0.01,84.28,0.0,13227.0
2014-10-28,84.36,84.36,84.36,84.36,0.08,84.36,41.0,13227.0
2014-10-29,84.46,84.46,84.46,84.46,0.1,84.46,83.0,13227.0
2014-10-30,84.36,84.36,84.36,84.36,0.1,84.36,0.0,13206.0
2014-10-31,80.51,80.51,80.51,80.51,0.55,80.51,757.0,13149.0
2014-11-03,78.8,78.8,78.8,78.8,1.71,78.8,151.0,12839.0
2014-11-04,77.27,77.27,77.27,77.27,1.53,77.27,289.0,12950.0
2014-11-05,78.59,78.59,78.59,78.59,1.32,78.59,645.0,13124.0
2014-11-06,77.95,77.95,77.95,77.95,0.64,77.95,9.0,13124.0
2014-11-07,78.53,78.53,78.53,78.53,0.58,78.53,205.0,13124.0
2014-11-10,77.62,77.62,77.62,77.62,0.91,77.62,1311.0,13024.0
2014-11-11,77.97,77.97,77.97,77.97,0.35,77.97,0.0,12725.0
2014-11-12,77.5,77.5,77.5,77.5,0.47,77.5,0.0,12725.0
2014-11-13,75.78,75.78,75.78,75.78,1.72,75.78,0.0,12725.0
2014-11-14,76.64,76.64,76.64,76.64,0.86,76.64,0.0,12725.0
2014-11-17,76.56,76.56,76.56,76.56,0.08,76.56,0.0,12725.0
2014-11-18,76.13,76.13,76.13,76.13,0.43,76.13,0.0,12725.0
2014-11-19,76.09,76.09,76.09,76.09,0.04,76.09,65.0,12725.0
2014-11-20,76.5,76.5,76.5,76.5,0.41,76.5,75.0,12680.0
2014-11-21,76.67,76.67,76.67,76.67,0.17,76.67,50.0,12685.0
2014-11-24,76.52,76.52,76.52,76.52,0.15,76.52,0.0,12706.0
2014-11-25,76.25,76.25,76.25,76.25,0.27,76.25,15.0,12706.0
2014-11-26,76.21,76.21,76.21,76.21,0.04,76.21,18.0,12706.0
2014-11-28,66.19,66.19,66.19,66.19,7.52,66.19,263.0,16945.0
2014-12-01,69.03,69.03,69.03,69.03,2.84,69.03,239.0,15524.0
2014-12-02,67.01,67.01,67.01,67.01,2.02,67.01,20.0,15560.0
2014-12-03,67.46,67.46,67.46,67.46,0.45,67.46,153.0,15555.0
2014-12-04,66.97,66.97,66.97,66.97,0.49,66.97,105.0,15505.0
2014-12-05,66.18,66.18,66.18,66.18,0.79,66.18,42.0,15416.0
2014-12-08,64.04,64.04,64.04,64.04,2.14,64.04,0.0,15388.0
2014-12-09,64.6,64.6,64.6,64.6,0.56,64.6,28.0,15388.0
2014-12-10,62.66,62.66,62.66,62.66,1.94,62.66,0.0,15388.0
2014-12-11,62.03,62.03,62.03,62.03,0.63,62.03,30.0,15388.0
2014-12-12,60.78,60.78,60.78,60.78,1.25,60.78,0.0,15373.0
2014-12-15,59.77,59.77,59.77,59.77,1.01,59.77,0.0,15373.0
2014-12-16,59.77,59.77,59.77,59.77,,59.77,23.0,15373.0
2014-12-17,60.01,60.01,60.01,60.01,0.24,60.01,26.0,15373.0
2014-12-18,59.02,59.02,59.02,59.02,0.99,59.02,0.0,15353.0
2014-12-19,60.02,60.02,60.02,60.02,1.0,60.02,40.0,15353.0
2014-12-22,59.42,59.42,59.42,59.42,0.6,59.42,0.0,15333.0
2014-12-23,59.93,59.93,59.93,59.93,0.51,59.93,25.0,15333.0
2014-12-24,59.64,59.64,59.64,59.64,0.29,59.64,0.0,15318.0
2014-12-26,59.43,59.43,59.43,59.43,0.21,59.43,0.0,15318.0
2014-12-29,53.78,53.78,53.78,53.78,1.11,53.78,75.0,7425.0
2015-01-02,52.86,52.86,52.86,52.86,0.58,52.86,113.0,7478.0
2015-01-05,50.36,50.36,50.36,50.36,2.5,50.36,85.0,7478.0
2015-01-06,48.49,48.49,48.49,48.49,1.87,48.49,13.0,7478.0
2015-01-07,49.06,49.06,49.06,49.06,0.57,49.06,14.0,7478.0
2015-01-08,49.19,49.19,49.19,49.19,0.13,49.19,329.0,7478.0
2015-01-09,48.93,48.93,48.93,48.93,0.26,48.93,0.0,7328.0
2015-01-12,47.35,47.35,47.35,47.35,1.58,47.35,100.0,7328.0
2015-01-13,47.2,47.2,47.2,47.2,0.15,47.2,14.0,7428.0
2015-01-14,48.7,48.7,48.7,48.7,1.5,48.7,72.0,7428.0
2015-01-15,47.47,47.47,47.47,47.47,1.23,47.47,0.0,7418.0
2015-01-16,48.68,48.68,48.68,48.68,1.21,48.68,70.0,7418.0
2015-01-20,47.5,47.5,47.5,47.5,1.18,47.5,39.0,7383.0
2015-01-21,48.02,48.02,48.02,48.02,0.52,48.02,91.0,7393.0
2015-01-22,47.51,47.51,47.51,47.51,0.51,47.51,0.0,7371.0
2015-01-23,47.29,47.29,47.29,47.29,0.22,47.29,44.0,7371.0
2015-01-26,47.18,47.18,47.18,47.18,0.11,47.18,16.0,7371.0
2015-01-27,47.4,47.4,47.4,47.4,0.22,47.4,15.0,7371.0
2015-01-29,47.14,47.14,47.14,47.14,0.01,47.14,0.0,7371.0
2015-01-30,48.44,48.44,48.44,48.44,3.71,48.44,264.0,11019.0
2015-02-02,49.8,49.8,49.8,49.8,1.36,49.8,1640.0,11209.0
2015-02-03,53.08,53.08,53.08,53.08,3.28,53.08,25.0,11671.0
2015-02-04,48.97,48.97,48.97,48.97,4.11,48.97,4740.0,11671.0
2015-02-05,50.68,50.68,50.68,50.68,1.71,50.68,100.0,12499.0
2015-02-06,51.63,51.63,51.63,51.63,0.95,51.63,115.0,12499.0
2015-02-09,52.49,52.49,52.49,52.49,0.86,52.49,20.0,12484.0
2015-02-10,50.57,50.57,50.57,50.57,1.92,50.57,0.0,12464.0
2015-02-11,49.84,49.84,49.84,49.84,0.73,49.84,5.0,12464.0
2015-02-12,51.21,51.21,51.21,51.21,1.37,51.21,50.0,12464.0
2015-02-13,52.02,52.02,52.02,52.02,0.81,52.02,16.0,12439.0
2015-02-17,52.34,52.34,52.34,52.34,0.32,52.34,0.0,12439.0
2015-02-18,51.74,51.74,51.74,51.74,0.6,51.74,169.0,12439.0
2015-02-19,51.37,51.37,51.37,51.37,0.37,51.37,47.0,12594.0
2015-02-20,51.06,51.06,51.06,51.06,0.31,51.06,0.0,12564.0
2015-02-23,50.7,50.7,50.7,50.7,0.36,50.7,0.0,12564.0
2015-02-24,50.67,50.67,50.67,50.67,0.03,50.67,0.0,12564.0
2015-02-25,50.94,50.94,50.94,50.94,0.27,50.94,125.0,12564.0
2015-02-26,50.64,50.64,50.64,50.64,0.3,50.64,0.0,12564.0
2015-02-27,50.52,50.52,50.52,50.52,1.64,50.52,616.0,10193.0
2015-03-02,50.2,50.2,50.2,50.2,0.32,50.2,723.0,10197.0
2015-03-03,51.11,51.11,51.11,51.11,0.91,51.11,198.0,10561.0
2015-03-04,51.94,51.94,51.94,51.94,0.83,51.94,547.0,10594.0
2015-03-05,51.3,51.3,51.3,51.3,0.64,51.3,6.0,10169.0
2015-03-06,50.38,50.38,50.38,50.38,0.92,50.38,72.0,10169.0
2015-03-09,50.62,50.62,50.62,50.62,0.24,50.62,0.0,10232.0
2015-03-10,49.41,49.41,49.41,49.41,1.21,49.41,9.0,10232.0
2015-03-11,49.35,49.35,49.35,49.35,0.06,49.35,63.0,10232.0
2015-03-12,48.72,48.72,48.72,48.72,0.63,48.72,0.0,10295.0
2015-03-13,47.45,47.45,47.45,47.45,1.27,47.45,300.0,10295.0
2015-03-16,46.94,46.94,46.94,46.94,0.51,46.94,0.0,10280.0
2015-03-17,46.56,46.56,46.56,46.56,0.38,46.56,0.0,10280.0
2015-03-18,47.19,47.19,47.19,47.19,0.63,47.19,266.0,10280.0
2015-03-19,46.77,46.77,46.77,46.77,0.42,46.77,10.0,10240.0
2015-03-20,47.18,47.18,47.18,47.18,0.41,47.18,50.0,10230.0
2015-03-23,47.46,47.46,47.46,47.46,0.28,47.46,40.0,10205.0
2015-03-24,47.48,47.48,47.48,47.48,0.02,47.48,400.0,10185.0
2015-03-25,47.87,47.87,47.87,47.87,0.39,47.87,30.0,10136.0
2015-03-26,48.27,48.27,48.27,48.27,0.4,48.27,242.0,10136.0
2015-03-27,47.92,47.92,47.92,47.92,0.35,47.92,0.0,10378.0
2015-03-30,47.9,47.9,47.9,47.9,0.02,47.9,0.0,10378.0
2015-03-31,47.85,47.85,47.85,47.85,0.05,47.85,0.0,10378.0
2015-04-01,50.64,50.64,50.64,50.64,2.46,50.64,389.0,9515.0
2015-04-02,49.67,49.67,49.67,49.67,0.97,49.67,0.0,9596.0
2015-04-06,52.38,52.38,52.38,52.38,2.71,52.38,9.0,9596.0
2015-04-07,53.89,53.89,53.89,53.89,1.51,53.89,120.0,9605.0
2015-04-08,51.08,51.08,51.08,51.08,2.81,51.08,131.0,9605.0
2015-04-09,51.44,51.44,51.44,51.44,0.36,51.44,179.0,9636.0
2015-04-10,52.11,52.11,52.11,52.11,0.67,52.11,8.0,9735.0
2015-04-13,52.27,52.27,52.27,52.27,0.16,52.27,139.0,9743.0
2015-04-14,53.04,53.04,53.04,53.04,0.77,53.04,122.0,9604.0
2015-04-15,54.72,54.72,54.72,54.72,1.68,54.72,30.0,9574.0
2015-04-16,54.92,54.92,54.92,54.92,0.2,54.92,25.0,9559.0
2015-04-17,54.52,54.52,54.52,54.52,0.4,54.52,30.0,9578.0
2015-04-20,54.77,54.77,54.77,54.77,0.25,54.77,87.0,9578.0
2015-04-21,54.29,54.29,54.29,54.29,0.48,54.29,0.0,9636.0
2015-04-22,54.14,54.14,54.14,54.14,0.15,54.14,0.0,9636.0
2015-04-23,54.59,54.59,54.59,54.59,0.45,54.59,14.0,9636.0
2015-04-24,54.45,54.45,54.45,54.45,0.14,54.45,0.0,9650.0
2015-04-27,54.42,54.42,54.42,54.42,0.03,54.42,12.0,9650.0
2015-04-28,54.43,54.43,54.43,54.43,0.01,54.43,6.0,9662.0
2015-04-29,54.58,54.58,54.58,54.58,0.15,54.58,627.0,9662.0
2015-04-30,60.01,60.01,60.01,60.01,0.98,60.01,829.0,8899.0
2015-05-01,59.57,59.57,59.57,59.57,0.44,59.57,257.0,9507.0
2015-05-04,59.37,59.37,59.37,59.37,0.2,59.37,31.0,9507.0
2015-05-05,60.65,60.65,60.65,60.65,1.28,60.65,98.0,9538.0
2015-05-06,61.09,61.09,61.09,61.09,0.44,61.09,0.0,9470.0
2015-05-07,59.47,59.47,59.47,59.47,1.62,59.47,172.0,9470.0
2015-05-08,59.8,59.8,59.8,59.8,0.33,59.8,0.0,9498.0
2015-05-11,59.73,59.73,59.73,59.73,0.07,59.73,0.0,9498.0
2015-05-12,60.68,60.68,60.68,60.68,0.95,60.68,6.0,9498.0
2015-05-13,60.53,60.53,60.53,60.53,0.15,60.53,243.0,9492.0
2015-05-14,60.18,60.18,60.18,60.18,0.35,60.18,6.0,9279.0
2015-05-15,60.05,60.05,60.05,60.05,0.13,60.05,0.0,9285.0
2015-05-18,59.92,59.92,59.92,59.92,0.13,59.92,0.0,9285.0
2015-05-19,59.02,59.02,59.02,59.02,0.9,59.02,0.0,9285.0
2015-05-20,59.37,59.37,59.37,59.37,0.35,59.37,0.0,9285.0
2015-05-21,59.89,59.89,59.89,59.89,0.52,59.89,50.0,9285.0
2015-05-22,59.64,59.64,59.64,59.64,0.25,59.64,0.0,9260.0
2015-05-26,59.3,59.3,59.3,59.3,0.34,59.3,0.0,9260.0
2015-05-27,59.22,59.22,59.22,59.22,0.08,59.22,0.0,9260.0
2015-05-28,59.24,59.24,59.24,59.24,0.02,59.24,0.0,9260.0
2015-05-29,60.38,60.38,60.38,60.38,2.61,60.38,270.0,11260.0
2015-06-01,60.28,60.28,60.28,60.28,0.1,60.28,451.0,11245.0
2015-06-02,61.28,61.28,61.28,61.28,1.0,61.28,130.0,11023.0
2015-06-03,59.82,59.82,59.82,59.82,1.46,59.82,321.0,11053.0
2015-06-04,58.42,58.42,58.42,58.42,1.4,58.42,40.0,11257.0
2015-06-05,59.36,59.36,59.36,59.36,0.94,59.36,0.0,11297.0
2015-06-08,58.61,58.61,58.61,58.61,0.75,58.61,208.0,11297.0
2015-06-09,60.07,60.07,60.07,60.07,1.46,60.07,73.0,11089.0
2015-06-10,60.92,60.92,60.92,60.92,0.85,60.92,101.0,11041.0
2015-06-11,60.52,60.52,60.52,60.52,0.4,60.52,182.0,10940.0
2015-06-12,60.04,60.04,60.04,60.04,0.48,60.04,0.0,10758.0
2015-06-15,59.81,59.81,59.81,59.81,0.23,59.81,63.0,10758.0
2015-06-16,60.03,60.03,60.03,60.03,0.22,60.03,145.0,10783.0
2015-06-17,59.99,59.99,59.99,59.99,0.04,59.99,0.0,10758.0
2015-06-18,60.2,60.2,60.2,60.2,0.21,60.2,0.0,10758.0
2015-06-19,59.89,59.89,59.89,59.89,0.31,59.89,5.0,10758.0
2015-06-22,60.0,60.0,60.0,60.0,0.11,60.0,6.0,10758.0
2015-06-23,60.18,60.18,60.18,60.18,0.18,60.18,40.0,10764.0
2015-06-24,60.01,60.01,60.01,60.01,0.17,60.01,38.0,10744.0
2015-06-25,59.9,59.9,59.9,59.9,0.11,59.9,0.0,10706.0
2015-06-26,59.9,59.9,59.9,59.9,,59.9,0.0,10706.0
2015-06-29,59.78,59.78,59.78,59.78,0.12,59.78,0.0,10706.0
2015-06-30,59.6,59.6,59.6,59.6,1.14,59.6,841.0,10792.0
2015-07-01,57.11,57.11,57.11,57.11,2.49,57.11,126.0,10057.0
2015-07-02,57.07,57.07,57.07,57.07,0.04,57.07,21.0,9960.0
2015-07-06,53.04,53.04,53.04,53.04,4.03,53.04,0.0,9941.0
2015-07-07,52.9,52.9,52.9,52.9,0.14,52.9,76.0,9941.0
2015-07-08,52.36,52.36,52.36,52.36,0.54,52.36,0.0,9866.0
2015-07-09,53.24,53.24,53.24,53.24,0.88,53.24,88.0,9867.0
2015-07-10,53.22,53.22,53.22,53.22,0.02,53.22,100.0,9804.0
2015-07-13,52.86,52.86,52.86,52.86,0.36,52.86,0.0,9704.0
2015-07-14,53.37,53.37,53.37,53.37,0.51,53.37,225.0,9704.0
2015-07-15,52.39,52.39,52.39,52.39,0.98,52.39,0.0,9479.0
2015-07-16,52.1,52.1,52.1,52.1,0.29,52.1,75.0,9479.0
2015-07-17,52.08,52.08,52.08,52.08,0.02,52.08,52.0,9554.0
2015-07-20,51.74,51.74,51.74,51.74,0.34,51.74,0.0,9502.0
2015-07-21,51.9,51.9,51.9,51.9,0.16,51.9,50.0,9502.0
2015-07-22,51.29,51.29,51.29,51.29,0.61,51.29,0.0,9477.0
2015-07-23,51.06,51.06,51.06,51.06,0.23,51.06,0.0,9477.0
2015-07-24,50.97,50.97,50.97,50.97,0.09,50.97,0.0,9477.0
2015-07-27,50.8,50.8,50.8,50.8,0.17,50.8,0.0,9477.0
2015-07-28,50.91,50.91,50.91,50.91,0.11,50.91,16.0,9477.0
2015-07-29,51.02,51.02,51.02,51.02,0.11,51.02,20.0,9493.0
2015-07-30,50.99,50.99,50.99,50.99,0.03,50.99,0.0,9493.0
2015-07-31,47.26,47.26,47.26,47.26,1.39,47.26,645.0,8703.0
2015-08-03,45.3,45.3,45.3,45.3,1.96,45.3,150.0,8167.0
2015-08-04,45.84,45.84,45.84,45.84,0.54,45.84,0.0,8017.0
2015-08-05,45.31,45.31,45.31,45.31,0.53,45.31,0.0,8017.0
2015-08-06,44.9,44.9,44.9,44.9,0.41,44.9,136.0,8017.0
2015-08-07,44.28,44.28,44.28,44.28,0.62,44.28,185.0,8016.0
2015-08-10,45.18,45.18,45.18,45.18,0.9,45.18,122.0,7831.0
2015-08-11,43.87,43.87,43.87,43.87,1.31,43.87,0.0,7831.0
2015-08-12,43.99,43.99,43.99,43.99,0.12,43.99,157.0,7831.0
2015-08-13,43.34,43.34,43.34,43.34,0.65,43.34,0.0,7831.0
2015-08-14,43.45,43.45,43.45,43.45,0.11,43.45,0.0,7831.0
2015-08-17,43.1,43.1,43.1,43.1,0.35,43.1,0.0,7831.0
2015-08-18,43.44,43.44,43.44,43.44,0.34,43.44,0.0,7831.0
2015-08-19,42.65,42.65,42.65,42.65,0.79,42.65,12.0,7831.0
2015-08-20,42.68,42.68,42.68,42.68,0.03,42.68,13.0,7829.0
2015-08-21,42.39,42.39,42.39,42.39,0.29,42.39,0.0,7829.0
2015-08-24,41.76,41.76,41.76,41.76,0.63,41.76,0.0,7829.0
2015-08-25,42.02,42.02,42.02,42.02,0.26,42.02,30.0,7829.0
2015-08-26,41.88,41.88,41.88,41.88,0.14,41.88,0.0,7829.0
2015-08-27,42.45,42.45,42.45,42.45,0.57,42.45,34.0,7829.0
2015-08-28,42.7,42.7,42.7,42.7,0.25,42.7,0.0,7829.0
2015-08-31,49.41,49.41,49.41,49.41,3.97,49.41,753.0,8439.0
2015-09-01,45.58,45.58,45.58,45.58,3.83,45.58,907.0,8306.0
2015-09-02,46.38,46.38,46.38,46.38,0.8,46.38,448.0,9034.0
2015-09-03,46.83,46.83,46.83,46.83,0.45,46.83,20.0,9367.0
2015-09-04,46.23,46.23,46.23,46.23,0.6,46.23,160.0,9387.0
2015-09-08,46.16,46.16,46.16,46.16,0.07,46.16,2.0,9372.0
2015-09-09,44.8,44.8,44.8,44.8,1.36,44.8,0.0,9372.0
2015-09-10,46.02,46.02,46.02,46.02,1.22,46.02,381.0,9372.0
2015-09-11,45.17,45.17,45.17,45.17,0.85,45.17,0.0,9372.0
2015-09-14,44.75,44.75,44.75,44.75,0.42,44.75,228.0,9372.0
2015-09-15,45.08,45.08,45.08,45.08,0.33,45.08,0.0,9372.0
2015-09-16,46.4,46.4,46.4,46.4,1.32,46.4,69.0,9372.0
2015-09-17,46.27,46.27,46.27,46.27,0.13,46.27,0.0,9372.0
2015-09-18,45.33,45.33,45.33,45.33,0.94,45.33,30.0,9372.0
2015-09-21,46.07,46.07,46.07,46.07,0.74,46.07,0.0,9342.0
2015-09-22,45.86,45.86,45.86,45.86,0.21,45.86,150.0,9342.0
2015-09-23,45.32,45.32,45.32,45.32,0.54,45.32,0.0,9342.0
2015-09-24,45.43,45.43,45.43,45.43,0.11,45.43,0.0,9342.0
2015-09-25,45.58,45.58,45.58,45.58,0.15,45.58,60.0,9342.0
2015-09-28,45.4,45.4,45.4,45.4,0.18,45.4,0.0,9342.0
2015-09-29,45.47,45.47,45.47,45.47,0.07,45.47,6.0,9342.0
2015-09-30,45.26,45.26,45.26,45.26,0.12,45.26,875.0,10006.0
2015-10-01,44.91,44.91,44.91,44.91,0.35,44.91,213.0,9131.0
2015-10-02,45.67,45.67,45.67,45.67,0.76,45.67,163.0,9083.0
2015-10-05,46.34,46.34,46.34,46.34,0.67,46.34,0.0,8920.0
2015-10-06,48.3,48.3,48.3,48.3,1.96,48.3,88.0,8920.0
2015-10-07,47.74,47.74,47.74,47.74,0.56,47.74,100.0,8854.0
2015-10-08,48.99,48.99,48.99,48.99,1.25,48.99,10.0,8754.0
2015-10-09,49.11,49.11,49.11,49.11,0.12,49.11,10.0,8764.0
2015-10-12,47.39,47.39,47.39,47.39,1.72,47.39,0.0,8754.0
2015-10-13,47.1,47.1,47.1,47.1,0.29,47.1,42.0,8754.0
2015-10-14,47.1,47.1,47.1,47.1,,47.1,10.0,8762.0
2015-10-15,46.95,46.95,46.95,46.95,0.15,46.95,22.0,8772.0
2015-10-16,47.38,47.38,47.38,47.38,0.43,47.38,10.0,8752.0
2015-10-19,46.73,46.73,46.73,46.73,0.65,46.73,0.0,8762.0
2015-10-20,46.72,46.72,46.72,46.72,0.01,46.72,0.0,8762.0
2015-10-21,46.32,46.32,46.32,46.32,0.4,46.32,0.0,8762.0
2015-10-22,46.38,46.38,46.38,46.38,0.06,46.38,0.0,8762.0
2015-10-23,46.16,46.16,46.16,46.16,0.22,46.16,63.0,8762.0
2015-10-26,46.02,46.02,46.02,46.02,0.14,46.02,0.0,8699.0
2015-10-27,45.88,45.88,45.88,45.88,0.14,45.88,0.0,8699.0
2015-10-28,46.25,46.25,46.25,46.25,0.37,46.25,54.0,8699.0
2015-10-29,46.27,46.27,46.27,46.27,0.02,46.27,9.0,8645.0
2015-10-30,46.81,46.81,46.81,46.81,0.54,46.81,1318.0,8643.0
2015-11-02,46.37,46.37,46.37,46.37,0.44,46.37,450.0,8238.0
2015-11-03,48.04,48.04,48.04,48.04,1.67,48.04,0.0,8082.0
2015-11-04,46.61,46.61,46.61,46.61,1.43,46.61,152.0,8082.0
2015-11-05,45.7,45.7,45.7,45.7,0.91,45.7,12.0,8082.0
2015-11-06,45.01,45.01,45.01,45.01,0.69,45.01,77.0,8082.0
2015-11-09,44.71,44.71,44.71,44.71,0.3,44.71,20.0,8082.0
2015-11-10,44.94,44.94,44.94,44.94,0.23,44.94,920.0,8082.0
2015-11-11,44.12,44.12,44.12,44.12,0.82,44.12,32.0,7802.0
2015-11-12,43.41,43.41,43.41,43.41,0.71,43.41,20.0,7802.0
2015-11-13,42.85,42.85,42.85,42.85,0.56,42.85,0.0,7782.0
2015-11-16,43.3,43.3,43.3,43.3,0.45,43.3,206.0,7782.0
2015-11-17,42.82,42.82,42.82,42.82,0.48,42.82,16.0,7782.0
2015-11-18,42.89,42.89,42.89,42.89,0.07,42.89,0.0,7782.0
2015-11-19,42.81,42.81,42.81,42.81,0.08,42.81,0.0,7782.0
2015-11-20,42.85,42.85,42.85,42.85,0.04,42.85,0.0,7782.0
2015-11-23,42.81,42.81,42.81,42.81,0.04,42.81,40.0,7782.0
2015-11-24,43.03,43.03,43.03,43.03,0.22,43.03,56.0,7782.0
2015-11-25,43.06,43.06,43.06,43.06,0.03,43.06,0.0,7782.0
2015-11-27,42.93,42.93,42.93,42.93,0.13,42.93,0.0,7782.0
2015-11-30,42.07,42.07,42.07,42.07,0.07,42.07,245.0,12444.0
2015-12-01,42.26,42.26,42.26,42.26,0.19,42.26,70.0,12317.0
2015-12-02,40.49,40.49,40.49,40.49,1.77,40.49,210.0,12347.0
2015-12-03,41.52,41.52,41.52,41.52,1.03,41.52,274.0,12137.0
2015-12-04,40.56,40.56,40.56,40.56,0.96,40.56,253.0,11873.0
2015-12-07,38.73,38.73,38.73,38.73,1.83,38.73,151.0,11620.0
2015-12-08,38.58,38.58,38.58,38.58,0.15,38.58,47.0,11491.0
2015-12-09,38.34,38.34,38.34,38.34,0.24,38.34,88.0,11474.0
2015-12-10,38.1,38.1,38.1,38.1,0.24,38.1,125.0,11562.0
2015-12-11,37.36,37.36,37.36,37.36,0.74,37.36,0.0,11447.0
2015-12-14,37.66,37.66,37.66,37.66,0.3,37.66,0.0,11447.0
2015-12-15,38.19,38.19,38.19,38.19,0.53,38.19,188.0,11447.0
2015-12-16,37.3,37.3,37.3,37.3,0.89,37.3,200.0,11259.0
2015-12-17,37.07,37.07,37.07,37.07,0.23,37.07,0.0,11059.0
2015-12-18,36.98,36.98,36.98,36.98,0.09,36.98,0.0,11059.0
2015-12-21,36.9,36.9,36.9,36.9,0.08,36.9,19.0,11059.0
2015-12-22,37.01,37.01,37.01,37.01,0.11,37.01,0.0,11040.0
2015-12-23,37.38,37.38,37.38,37.38,0.37,37.38,100.0,11040.0
2015-12-24,37.51,37.51,37.51,37.51,0.13,37.51,0.0,10940.0
2015-12-28,37.28,37.28,37.28,37.28,0.23,37.28,372.0,10940.0
2015-12-29,37.42,37.42,37.42,37.42,0.14,37.42,0.0,10568.0
2015-12-30,37.31,37.31,37.31,37.31,0.11,37.31,0.0,10568.0
2015-12-31,37.46,37.46,37.46,37.46,0.48,37.46,356.0,7109.0
2016-01-04,37.2,37.2,37.2,37.2,0.26,37.2,324.0,6868.0
2016-01-05,36.46,36.46,36.46,36.46,0.74,36.46,372.0,6746.0
2016-01-06,34.68,34.68,34.68,34.68,1.78,34.68,139.0,6746.0
2016-01-07,34.08,34.08,34.08,34.08,0.6,34.08,0.0,6716.0
2016-01-08,33.97,33.97,33.97,33.97,0.11,33.97,0.0,6716.0
2016-01-11,32.67,32.67,32.67,32.67,1.3,32.67,76.0,6716.0
2016-01-12,31.99,31.99,31.99,31.99,0.68,31.99,0.0,6716.0
2016-01-13,31.95,31.95,31.95,31.95,0.04,31.95,308.0,6716.0
2016-01-14,32.37,32.37,32.37,32.37,0.42,32.37,17.0,6566.0
2016-01-15,31.46,31.46,31.46,31.46,0.91,31.46,137.0,6566.0
2016-01-19,31.05,31.05,31.05,31.05,0.41,31.05,69.0,6566.0
2016-01-20,30.5,30.5,30.5,30.5,0.55,30.5,12.0,6566.0
2016-01-21,30.94,30.94,30.94,30.94,0.44,30.94,62.0,6566.0
2016-01-22,31.78,31.78,31.78,31.78,0.84,31.78,231.0,6566.0
2016-01-25,31.29,31.29,31.29,31.29,0.49,31.29,100.0,6541.0
2016-01-26,31.52,31.52,31.52,31.52,0.23,31.52,60.0,6541.0
2016-01-27,31.66,31.66,31.66,31.66,0.14,31.66,62.0,6506.0
2016-01-28,31.75,31.75,31.75,31.75,0.09,31.75,7.0,6506.0
2016-01-29,34.04,34.04,34.04,34.04,0.45,34.04,391.0,7999.0
2016-02-01,32.06,32.06,32.06,32.06,1.98,32.06,1080.0,7877.0
2016-02-02,30.4,30.4,30.4,30.4,1.66,30.4,180.0,7992.0
2016-02-03,32.52,32.52,32.52,32.52,2.12,32.52,112.0,7992.0
2016-02-04,32.07,32.07,32.07,32.07,0.45,32.07,0.0,7992.0
2016-02-05,31.44,31.44,31.44,31.44,0.63,31.44,20.0,7992.0
2016-02-08,30.57,30.57,30.57,30.57,0.87,30.57,337.0,8003.0
2016-02-09,29.31,29.31,29.31,29.31,1.26,29.31,192.0,8020.0
2016-02-10,29.1,29.1,29.1,29.1,0.21,29.1,35.0,8033.0
2016-02-11,28.45,28.45,28.45,28.45,0.65,28.45,28.0,8068.0
2016-02-12,30.19,30.19,30.19,30.19,1.74,30.19,91.0,8040.0
2016-02-16,29.86,29.86,29.86,29.86,0.33,29.86,44.0,8020.0
2016-02-17,30.69,30.69,30.69,30.69,0.83,30.69,9.0,8020.0
2016-02-18,30.69,30.69,30.69,30.69,,30.69,0.0,8028.0
2016-02-19,30.28,30.28,30.28,30.28,0.41,30.28,19.0,8028.0
2016-02-22,30.78,30.78,30.78,30.78,0.5,30.78,20.0,8020.0
2016-02-23,30.4,30.4,30.4,30.4,0.38,30.4,0.0,8020.0
2016-02-24,30.46,30.46,30.46,30.46,0.06,30.46,0.0,8020.0
2016-02-25,30.6,30.6,30.6,30.6,0.14,30.6,29.0,8020.0
2016-02-26,30.57,30.57,30.57,30.57,0.03,30.57,0.0,8020.0
2016-02-29,34.33,34.33,34.33,34.33,0.98,34.33,932.0,9142.0
2016-03-01,34.96,34.96,34.96,34.96,0.63,34.96,695.0,9058.0
2016-03-02,35.17,35.17,35.17,35.17,0.21,35.17,89.0,8784.0
2016-03-03,35.13,35.13,35.13,35.13,0.04,35.13,0.0,8784.0
2016-03-04,36.31,36.31,36.31,36.31,1.18,36.31,274.0,8784.0
2016-03-07,37.96,37.96,37.96,37.96,1.65,37.96,40.0,8674.0
2016-03-08,36.88,36.88,36.88,36.88,1.08,36.88,6.0,8699.0
2016-03-09,38.14,38.14,38.14,38.14,1.26,38.14,404.0,8693.0
2016-03-10,37.76,37.76,37.76,37.76,0.38,37.76,40.0,9077.0
2016-03-11,38.19,38.19,38.19,38.19,0.43,38.19,62.0,9107.0
2016-03-14,37.43,37.43,37.43,37.43,0.76,37.43,0.0,9169.0
2016-03-15,37.0,37.0,37.0,37.0,0.43,37.0,13.0,9169.0
2016-03-16,38.0,38.0,38.0,38.0,1.0,38.0,196.0,9156.0
2016-03-17,38.76,38.76,38.76,38.76,0.76,38.76,118.0,9352.0
2016-03-18,38.53,38.53,38.53,38.53,0.23,38.53,10.0,9470.0
2016-03-21,38.67,38.67,38.67,38.67,0.14,38.67,0.0,9460.0
2016-03-22,38.65,38.65,38.65,38.65,0.02,38.65,136.0,9460.0
2016-03-23,38.2,38.2,38.2,38.2,0.45,38.2,56.0,9476.0
2016-03-24,38.12,38.12,38.12,38.12,0.08,38.12,0.0,9464.0
2016-03-28,38.11,38.11,38.11,38.11,0.01,38.11,70.0,9464.0
2016-03-29,37.96,37.96,37.96,37.96,0.15,37.96,0.0,9534.0
2016-03-30,37.96,37.96,37.96,37.96,,37.96,0.0,9534.0
2016-03-31,37.96,37.96,37.96,37.96,,37.96,0.0,9534.0
2016-04-01,37.26,37.26,37.26,37.26,1.55,37.26,1360.0,10148.0
2016-04-04,36.2,36.2,36.2,36.2,1.06,36.2,60.0,10342.0
2016-04-05,36.33,36.33,36.33,36.33,0.13,36.33,62.0,10342.0
2016-04-06,37.93,37.93,37.93,37.93,1.6,37.93,193.0,10342.0
2016-04-07,37.53,37.53,37.53,37.53,0.4,37.53,134.0,10485.0
2016-04-08,39.42,39.42,39.42,39.42,1.89,39.42,37.0,10542.0
2016-04-11,39.92,39.92,39.92,39.92,0.5,39.92,250.0,10569.0
2016-04-12,41.1,41.1,41.1,41.1,1.18,41.1,90.0,10419.0
2016-04-13,40.82,40.82,40.82,40.82,0.28,40.82,0.0,10419.0
2016-04-14,40.65,40.65,40.65,40.65,0.17,40.65,88.0,10419.0
2016-04-15,40.11,40.11,40.11,40.11,0.54,40.11,30.0,10419.0
2016-04-18,39.85,39.85,39.85,39.85,0.26,39.85,10.0,10419.0
2016-04-19,40.4,40.4,40.4,40.4,0.55,40.4,71.0,10419.0
2016-04-20,41.05,41.05,41.05,41.05,0.65,41.05,0.0,10439.0
2016-04-21,40.71,40.71,40.71,40.71,0.34,40.71,177.0,10439.0
2016-04-22,40.87,40.87,40.87,40.87,0.16,40.87,15.0,10439.0
2016-04-25,40.61,40.61,40.61,40.61,0.26,40.61,85.0,10424.0
2016-04-26,40.88,40.88,40.88,40.88,0.27,40.88,60.0,10424.0
2016-04-27,41.06,41.06,41.06,41.06,0.18,41.06,0.0,10424.0
2016-04-28,41.13,41.13,41.13,41.13,0.07,41.13,10.0,10424.0
2016-04-29,41.12,41.12,41.12,41.12,0.01,41.12,0.0,10424.0
2016-05-02,44.98,44.98,44.98,44.98,1.16,44.98,1002.0,12154.0
2016-05-03,43.92,43.92,43.92,43.92,1.06,43.92,0.0,11374.0
2016-05-04,,,,,0.08,44.0,162.0,11374.0
2016-05-05,,,,,0.45,44.45,197.0,11536.0
2016-05-06,,,,,0.3,44.75,0.0,11568.0
2016-05-09,43.8,43.8,43.8,43.8,0.95,43.8,340.0,11568.0
2016-05-10,,,,,0.9,44.7,10.0,11796.0
2016-05-11,,,,,1.07,45.77,673.0,11786.0
2016-05-12,,,,,0.28,46.05,158.0,11129.0
2016-05-13,,,,,0.29,45.76,0.0,11111.0
2016-05-16,46.55,46.55,46.55,46.55,0.79,46.55,150.0,11111.0
2016-05-17,,,,,0.28,46.83,0.0,11111.0
2016-05-18,,,,,0.08,46.75,67.0,11111.0
2016-05-19,,,,,0.04,46.71,36.0,11111.0
2016-05-20,,,,,0.09,46.62,37.0,11111.0
2016-05-23,46.53,46.53,46.53,46.53,0.09,46.53,0.0,11074.0
2016-05-24,46.65,46.65,46.65,46.65,0.12,46.65,0.0,11074.0
2016-05-25,46.83,46.83,46.83,46.83,0.18,46.83,80.0,11074.0
2016-05-26,46.82,46.82,46.82,46.82,0.01,46.82,30.0,11074.0
2016-05-27,46.81,46.81,46.81,46.81,0.01,46.81,0.0,11044.0
2016-05-31,46.8,46.8,46.8,46.8,0.01,46.8,0.0,11044.0
2016-06-01,,,,,0.08,49.16,1313.0,12521.0
2016-06-02,,,,,0.16,49.32,25.0,12696.0
2016-06-03,,,,,0.5,48.82,0.0,12696.0
2016-06-06,49.74,49.74,49.74,49.74,0.92,49.74,0.0,12696.0
2016-06-07,,,,,0.57,50.31,151.0,12696.0
2016-06-08,,,,,0.69,51.0,113.0,12545.0
2016-06-09,,,,,0.47,50.53,270.0,12432.0
2016-06-10,,,,,1.02,49.51,32.0,12162.0
2016-06-13,49.39,49.39,49.39,49.39,0.12,49.39,25.0,12130.0
2016-06-14,,,,,0.26,49.13,0.0,12105.0
2016-06-15,,,,,0.28,48.85,77.0,12105.0
2016-06-16,,,,,0.89,47.96,25.0,12168.0
2016-06-17,,,,,0.82,48.78,30.0,12143.0
2016-06-20,49.35,49.35,49.35,49.35,0.57,49.35,502.0,12173.0
2016-06-21,,,,,0.06,49.29,197.0,11715.0
2016-06-22,,,,,0.23,49.06,20.0,11546.0
2016-06-23,,,,,0.27,49.33,0.0,11526.0
2016-06-24,48.77,48.77,48.77,48.77,0.56,48.77,16.0,11526.0
2016-06-27,48.53,48.53,48.53,48.53,0.24,48.53,0.0,11542.0
2016-06-28,48.74,48.74,48.74,48.74,0.21,48.74,0.0,11542.0
2016-06-29,48.92,48.92,48.92,48.92,0.18,48.92,0.0,11542.0
2016-06-30,48.85,48.85,48.85,48.85,0.07,48.85,0.0,11542.0
2016-07-01,49.22,49.22,49.22,49.22,0.65,49.22,117.0,9464.0
2016-07-05,46.96,46.96,46.96,46.96,2.26,46.96,113.0,9425.0
2016-07-06,,,,,0.76,47.72,0.0,9312.0
2016-07-07,,,,,1.95,45.77,194.0,9312.0
2016-07-08,,,,,0.21,45.98,51.0,9118.0
2016-07-11,45.51,45.51,45.51,45.51,0.47,45.51,0.0,9067.0
2016-07-12,,,,,1.44,46.95,363.0,9067.0
2016-07-13,,,,,1.36,45.59,70.0,8788.0
2016-07-14,,,,,0.57,46.16,0.0,8788.0
2016-07-15,,,,,0.14,46.3,46.0,8788.0
2016-07-18,45.94,45.94,45.94,45.94,0.36,45.94,0.0,8788.0
2016-07-19,,,,,0.23,45.71,78.0,8788.0
2016-07-20,,,,,0.12,45.83,424.0,8788.0
2016-07-21,,,,,0.35,45.48,304.0,8688.0
2016-07-22,,,,,0.17,45.31,533.0,8679.0
2016-07-25,45.05,45.05,45.05,45.05,0.26,45.05,6.0,9079.0
2016-07-26,45.0,45.0,45.0,45.0,0.05,45.0,0.0,9079.0
2016-07-27,44.85,44.85,44.85,44.85,0.15,44.85,7.0,9079.0
2016-07-28,44.78,44.78,44.78,44.78,0.07,44.78,47.0,9079.0
2016-07-29,44.8,44.8,44.8,44.8,0.02,44.8,0.0,9079.0
2016-08-01,40.3,40.3,40.3,40.3,1.52,40.3,546.0,8393.0
2016-08-02,,,,,0.53,39.77,490.0,8638.0
2016-08-03,,,,,1.2,40.97,14.0,8663.0
2016-08-04,,,,,0.96,41.93,85.0,8663.0
2016-08-05,,,,,0.11,41.82,71.0,8618.0
2016-08-08,42.77,42.77,42.77,42.77,0.95,42.77,230.0,8618.0
2016-08-09,,,,,0.19,42.58,172.0,8534.0
2016-08-10,,,,,0.73,41.85,135.0,8624.0
2016-08-11,,,,,1.16,43.01,300.0,8759.0
2016-08-12,,,,,0.59,43.6,88.0,8859.0
2016-08-15,44.3,44.3,44.3,44.3,0.7,44.3,119.0,8922.0
2016-08-16,,,,,0.43,44.73,182.0,9041.0
2016-08-17,,,,,0.13,44.86,90.0,9103.0
2016-08-18,,,,,0.6,45.46,97.0,9103.0
2016-08-19,,,,,0.09,45.55,11.0,9165.0
2016-08-22,44.97,44.97,44.97,44.97,0.58,44.97,50.0,9170.0
2016-08-23,,,,,0.21,45.18,75.0,9220.0
2016-08-24,,,,,0.34,44.84,0.0,9271.0
2016-08-25,,,,,0.12,44.96,82.0,9271.0
2016-08-26,45.01,45.01,45.01,45.01,0.05,45.01,38.0,9353.0
2016-08-29,44.93,44.93,44.93,44.93,0.08,44.93,60.0,9318.0
2016-08-30,44.87,44.87,44.87,44.87,0.06,44.87,0.0,9258.0
2016-08-31,44.8,44.8,44.8,44.8,0.07,44.8,0.0,9258.0
2016-09-01,43.38,43.38,43.38,43.38,1.55,43.38,1353.0,11237.0
2016-09-02,44.61,44.61,44.61,44.61,1.23,44.61,94.0,10186.0
2016-09-06,44.97,44.97,44.97,44.97,0.36,44.97,860.0,10186.0
2016-09-07,,,,,0.58,45.55,586.0,9567.0
2016-09-08,,,,,1.72,47.27,335.0,9138.0
2016-09-09,,,,,1.35,45.92,48.0,9177.0
2016-09-12,46.2,46.2,46.2,46.2,0.28,46.2,0.0,9129.0
2016-09-13,,,,,0.92,45.28,110.0,9129.0
2016-09-14,,,,,0.82,44.46,75.0,9129.0
2016-09-15,,,,,0.21,44.67,63.0,9104.0
2016-09-16,,,,,0.47,44.2,75.0,9167.0
2016-09-19,44.32,44.32,44.32,44.32,0.12,44.32,0.0,9197.0
2016-09-20,,,,,0.07,44.39,12.0,9197.0
2016-09-21,,,,,0.5,44.89,109.0,9197.0
2016-09-22,,,,,0.32,45.21,63.0,9306.0
2016-09-23,,,,,0.52,44.69,29.0,9306.0
2016-09-26,45.03,45.03,45.03,45.03,0.34,45.03,9.0,9321.0
2016-09-27,44.79,44.79,44.79,44.79,0.24,44.79,630.0,9312.0
2016-09-28,45.13,45.13,45.13,45.13,0.34,45.13,27.0,9627.0
2016-09-29,45.21,45.21,45.21,45.21,0.08,45.21,0.0,9654.0
2016-09-30,45.23,45.23,45.23,45.23,0.02,45.23,0.0,9654.0
2016-10-03,49.01,49.01,49.01,49.01,0.58,49.01,442.0,10615.0
2016-10-04,,,,,0.11,48.9,170.0,10622.0
2016-10-05,,,,,1.01,49.91,116.0,10507.0
2016-10-06,,,,,0.52,50.43,734.0,10507.0
2016-10-07,,,,,0.5,49.93,51.0,10006.0
2016-10-10,51.09,51.09,51.09,51.09,1.16,51.09,80.0,10005.0
2016-10-11,,,,,0.43,50.66,0.0,10005.0
2016-10-12,,,,,0.4,50.26,157.0,10005.0
2016-10-13,,,,,0.14,50.4,72.0,9917.0
2016-10-14,,,,,0.05,50.35,117.0,9885.0
2016-10-17,50.14,50.14,50.14,50.14,0.21,50.14,0.0,9842.0
2016-10-18,,,,,0.14,50.28,80.0,9842.0
2016-10-19,,,,,0.52,50.8,128.0,9842.0
2016-10-20,,,,,0.45,50.35,77.0,9955.0
2016-10-21,,,,,0.07,50.42,211.0,10032.0
2016-10-24,50.33,50.33,50.33,50.33,0.09,50.33,15.0,9902.0
2016-10-25,,,,,0.13,50.2,0.0,9905.0
2016-10-26,50.05,50.05,50.05,50.05,0.15,50.05,24.0,9905.0
2016-10-27,50.12,50.12,50.12,50.12,0.07,50.12,25.0,9905.0
2016-10-28,50.03,50.03,50.03,50.03,0.09,50.03,65.0,9930.0
2016-10-31,49.94,49.94,49.94,49.94,0.09,49.94,0.0,9930.0
2016-11-01,,,,,0.2,46.83,689.0,9451.0
2016-11-02,,,,,1.26,45.57,942.0,9482.0
2016-11-03,,,,,0.61,44.96,250.0,9549.0
2016-11-04,,,,,0.51,44.45,172.0,9499.0
2016-11-07,45.11,45.11,45.11,45.11,0.66,45.11,22.0,9571.0
2016-11-08,,,,,0.08,45.19,479.0,9593.0
2016-11-09,,,,,0.22,45.41,333.0,9422.0
2016-11-10,,,,,0.39,45.02,200.0,9510.0
2016-11-11,,,,,0.77,44.25,128.0,9410.0
2016-11-14,44.17,44.17,44.17,44.17,0.08,44.17,106.0,9488.0
2016-11-15,,,,,1.29,45.46,330.0,9382.0
2016-11-16,,,,,0.13,45.33,175.0,9687.0
2016-11-17,45.28,45.28,45.28,45.28,0.05,45.28,90.0,9862.0
2016-11-18,45.41,45.41,45.41,45.41,0.13,45.41,0.0,9812.0
2016-11-21,46.03,46.03,46.03,46.03,0.62,46.03,60.0,9812.0
2016-11-22,45.97,45.97,45.97,45.97,0.06,45.97,71.0,9812.0
2016-11-23,45.96,45.96,45.96,45.96,0.01,45.96,0.0,9853.0
2016-11-25,45.59,45.59,45.59,45.59,0.37,45.59,0.0,9853.0
2016-11-28,45.74,45.74,45.74,45.74,0.15,45.74,81.0,9853.0
2016-11-29,45.56,45.56,45.56,45.56,0.18,45.56,15.0,9934.0
2016-11-30,45.76,45.76,45.76,45.76,0.2,45.76,0.0,9934.0
2016-12-01,,,,,1.62,51.36,159.0,11033.0
2016-12-02,,,,,0.61,51.97,145.0,11052.0
2016-12-05,52.1,52.1,52.1,52.1,0.13,52.1,300.0,10907.0
2016-12-06,,,,,0.74,51.36,19.0,10844.0
2016-12-07,,,,,0.9,50.46,369.0,10834.0
2016-12-08,,,,,0.78,51.24,398.0,10753.0
2016-12-09,,,,,0.43,51.67,225.0,10645.0
2016-12-12,52.55,52.55,52.55,52.55,0.88,52.55,230.0,10645.0
2016-12-13,,,,,0.11,52.66,160.0,10475.0
2016-12-14,,,,,1.08,51.58,0.0,10475.0
2016-12-15,,,,,0.07,51.51,157.0,10475.0
2016-12-16,,,,,0.47,51.98,287.0,10508.0
2016-12-19,52.04,52.04,52.04,52.04,0.06,52.04,7.0,10580.0
2016-12-20,52.13,52.13,52.13,52.13,0.09,52.13,28.0,10587.0
2016-12-21,51.86,51.86,51.86,51.86,0.27,51.86,140.0,10587.0
2016-12-22,51.99,51.99,51.99,51.99,0.13,51.99,100.0,10524.0
2016-12-23,52.01,52.01,52.01,52.01,0.02,52.01,50.0,10424.0
2016-12-27,52.17,52.17,52.17,52.17,0.16,52.17,15.0,10474.0
2016-12-28,52.2,52.2,52.2,52.2,0.03,52.2,190.0,10489.0
2016-12-29,52.17,52.17,52.17,52.17,0.03,52.17,0.0,10489.0
2016-12-30,52.17,52.17,52.17,52.17,,52.17,0.0,10489.0
2017-01-03,52.67,52.67,52.67,52.67,1.38,52.67,176.0,8941.0
2017-01-04,,,,,0.88,53.55,68.0,8994.0
2017-01-05,,,,,0.44,53.99,500.0,9057.0
2017-01-06,,,,,0.18,54.17,699.0,8771.0
2017-01-09,52.55,52.55,52.55,52.55,1.62,52.55,117.0,9386.0
2017-01-10,51.69,51.69,51.69,51.69,0.86,51.69,187.0,9269.0
2017-01-11,52.66,52.66,52.66,52.66,0.97,52.66,651.0,9290.0
2017-01-12,53.17,53.17,53.17,53.17,0.51,53.17,270.0,9621.0
2017-01-13,52.76,52.76,52.76,52.76,0.41,52.76,0.0,9741.0
2017-01-17,52.82,52.82,52.82,52.82,0.06,52.82,121.0,9741.0
2017-01-18,,,,,0.68,52.14,231.0,9762.0
2017-01-19,,,,,0.1,52.24,0.0,9746.0
2017-01-20,,,,,0.44,52.68,106.0,9746.0
2017-01-23,52.52,52.52,52.52,52.52,0.16,52.52,93.0,9752.0
2017-01-24,,,,,0.13,52.65,126.0,9815.0
2017-01-25,,,,,0.11,52.54,102.0,9891.0
2017-01-26,52.75,52.75,52.75,52.75,0.21,52.75,6.0,9993.0
2017-01-27,52.65,52.65,52.65,52.65,0.1,52.65,0.0,9999.0
2017-01-30,52.6,52.6,52.6,52.6,0.05,52.6,6.0,9999.0
2017-01-31,52.61,52.61,52.61,52.61,0.01,52.61,0.0,10005.0
2017-02-01,,,,,1.07,54.04,2065.0,7934.0
2017-02-02,,,,,0.32,53.72,114.0,8590.0
2017-02-03,,,,,0.27,53.99,33.0,8490.0
2017-02-06,53.29,53.29,53.29,53.29,0.7,53.29,162.0,8495.0
2017-02-07,,,,,0.67,52.62,6.0,8495.0
2017-02-08,,,,,0.12,52.74,0.0,8495.0
2017-02-09,,,,,0.42,53.16,158.0,8495.0
2017-02-10,,,,,0.55,53.71,578.0,8622.0
2017-02-13,53.18,53.18,53.18,53.18,0.53,53.18,100.0,8471.0
2017-02-14,53.32,53.32,53.32,53.32,0.14,53.32,122.0,8471.0
2017-02-15,53.27,53.27,53.27,53.27,0.05,53.27,118.0,8471.0
2017-02-16,53.35,53.35,53.35,53.35,0.08,53.35,145.0,8430.0
2017-02-17,53.36,53.36,53.36,53.36,0.01,53.36,210.0,8430.0
2017-02-21,53.54,53.54,53.54,53.54,0.18,53.54,198.0,8430.0
2017-02-22,,,,,0.19,53.35,55.0,8360.0
2017-02-23,53.53,53.53,53.53,53.53,0.18,53.53,0.0,8360.0
2017-02-24,53.46,53.46,53.46,53.46,0.07,53.46,41.0,8360.0
2017-02-27,53.46,53.46,53.46,53.46,,53.46,44.0,8360.0
2017-02-28,53.46,53.46,53.46,53.46,,53.46,98.0,8360.0
2017-03-01,,,,,0.17,53.99,736.0,12388.0
2017-03-02,,,,,1.17,52.82,596.0,12447.0
2017-03-03,,,,,0.66,53.48,55.0,12201.0
2017-03-06,53.38,53.38,53.38,53.38,0.1,53.38,88.0,12177.0
2017-03-07,,,,,0.05,53.33,12.0,12089.0
2017-03-08,,,,,2.22,51.11,0.0,12077.0
2017-03-09,,,,,0.74,50.37,200.0,12077.0
2017-03-10,,,,,0.55,49.82,0.0,12077.0
2017-03-13,,,,,0.06,49.76,30.0,12077.0
2017-03-14,,,,,0.38,49.38,0.0,12107.0
2017-03-15,,,,,0.6,49.98,197.0,12107.0
2017-03-16,,,,,0.06,49.92,161.0,12070.0
2017-03-17,,,,,0.02,49.94,0.0,12231.0
2017-03-20,,,,,0.18,49.76,0.0,12231.0
2017-03-21,,,,,0.28,49.48,72.0,12231.0
2017-03-22,,,,,0.06,49.42,0.0,12159.0
2017-03-23,,,,,0.11,49.31,0.0,12159.0
2017-03-24,,,,,0.07,49.38,0.0,12159.0
2017-03-27,,,,,0.05,49.33,52.0,12159.0
2017-03-28,,,,,0.11,49.44,31.0,12107.0
2017-03-29,,,,,0.15,49.59,156.0,12076.0
2017-03-30,,,,,0.07,49.66,25.0,11920.0
2017-03-31,,,,,0.01,49.67,6.0,11910.0
2017-04-03,,,,,0.36,50.39,549.0,10081.0
2017-04-04,,,,,0.75,51.14,220.0,10322.0
2017-04-05,,,,,0.1,51.24,141.0,10422.0
2017-04-06,,,,,0.45,51.69,56.0,10422.0
2017-04-07,,,,,0.42,52.11,0.0,10422.0
2017-04-10,,,,,0.62,52.73,66.0,10407.0
2017-04-11,,,,,0.22,52.95,342.0,10407.0
2017-04-12,,,,,0.18,52.77,280.0,10277.0
2017-04-13,,,,,0.04,52.81,210.0,9997.0
2017-04-17,,,,,0.26,52.55,355.0,9847.0
2017-04-18,,,,,0.12,52.43,30.0,10131.0
2017-04-19,,,,,0.84,51.59,89.0,10161.0
2017-04-20,,,,,0.06,51.53,439.0,10104.0
2017-04-21,,,,,0.34,51.19,449.0,10016.0
2017-04-24,,,,,0.1,51.09,59.0,10016.0
2017-04-25,,,,,0.07,51.16,246.0,10016.0
2017-04-26,,,,,0.01,51.17,305.0,10032.0
2017-04-27,,,,,0.07,51.1,225.0,10033.0
2017-04-28,,,,,0.02,51.12,100.0,10020.0
2017-05-01,,,,,0.48,48.93,412.0,10914.0
2017-05-02,,,,,1.13,47.8,455.0,10885.0
2017-05-03,,,,,0.16,47.96,555.0,10920.0
2017-05-04,,,,,1.98,45.98,250.0,10934.0
2017-05-05,,,,,0.57,46.55,208.0,10984.0
2017-05-08,,,,,0.17,46.72,275.0,10992.0
2017-05-09,,,,,0.41,46.31,175.0,11097.0
2017-05-10,,,,,0.99,47.3,840.0,11022.0
2017-05-11,,,,,0.32,47.62,350.0,10862.0
2017-05-12,,,,,0.01,47.61,256.0,10861.0
2017-05-15,,,,,0.55,48.16,87.0,10830.0
2017-05-16,,,,,0.09,48.07,275.0,10830.0
2017-05-17,,,,,0.19,48.26,550.0,10868.0
2017-05-18,,,,,0.1,48.36,381.0,10852.0
2017-05-19,,,,,0.37,48.73,114.0,10891.0
2017-05-22,,,,,0.14,48.87,0.0,10837.0
2017-05-23,,,,,0.09,48.96,20.0,10837.0
2017-05-24,,,,,0.02,48.94,90.0,10817.0
2017-05-25,,,,,0.45,48.49,45.0,10727.0
2017-05-26,,,,,0.12,48.61,0.0,10682.0
2017-05-30,,,,,0.01,48.6,41.0,10682.0
2017-05-31,,,,,0.06,48.54,20.0,10654.0
2017-06-01,,,,,0.04,48.45,2248.0,10646.0
2017-06-02,,,,,0.68,47.77,240.0,12490.0
2017-06-05,,,,,0.25,47.52,20.0,12250.0
2017-06-06,,,,,0.67,48.19,44.0,12255.0
2017-06-07,,,,,1.98,46.21,0.0,12284.0
2017-06-08,,,,,0.06,46.15,135.0,12284.0
2017-06-09,,,,,0.13,46.28,0.0,12175.0
2017-06-12,,,,,0.17,46.45,0.0,12175.0
2017-06-13,,,,,0.23,46.68,104.0,12161.0
2017-06-14,,,,,1.02,45.66,54.0,12057.0
2017-06-15,,,,,0.14,45.52,37.0,12111.0
2017-06-16,,,,,0.14,45.66,323.0,12106.0
2017-06-19,,,,,0.25,45.41,56.0,11864.0
2017-06-20,,,,,0.37,45.04,215.0,11870.0
2017-06-21,,,,,0.36,44.68,25.0,11823.0
2017-06-22,,,,,0.07,44.75,106.0,11848.0
2017-06-23,,,,,0.07,44.82,0.0,11925.0
2017-06-26,,,,,,44.9,15.0,11925.0
2017-06-27,,,,,0.16,45.06,248.0,11910.0
2017-06-28,,,,,0.07,45.13,18.0,11958.0
2017-06-29,,,,,0.02,45.15,320.0,11952.0
2017-06-30,,,,,0.05,45.2,150.0,11632.0
2017-07-03,,,,,1.02,47.15,135.0,10445.0
2017-07-05,,,,,1.85,45.3,302.0,10460.0
2017-07-06,,,,,0.34,45.64,167.0,10220.0
2017-07-07,,,,,1.1,44.54,162.0,10220.0
2017-07-10,,,,,0.15,44.69,0.0,10220.0
2017-07-11,,,,,0.47,45.16,110.0,10220.0
2017-07-12,,,,,0.31,45.47,130.0,10330.0
2017-07-13,,,,,0.39,45.86,0.0,10380.0
2017-07-14,,,,,0.29,46.15,120.0,10380.0
2017-07-17,,,,,0.29,45.86,0.0,10260.0
2017-07-18,,,,,0.18,46.04,53.0,10260.0
2017-07-19,,,,,0.33,46.37,121.0,10229.0
2017-07-20,,,,,0.16,46.21,13.0,10229.0
2017-07-21,,,,,0.4,45.81,126.0,10229.0
2017-07-24,,,,,0.17,45.98,12.0,10229.0
2017-07-25,,,,,0.39,46.37,23.0,10229.0
2017-07-26,,,,,0.17,46.54,131.0,10206.0
2017-07-27,,,,,0.05,46.59,109.0,10206.0
2017-07-28,,,,,0.06,46.65,93.0,10206.0
2017-07-31,,,,,0.03,46.68,0.0,10190.0
2017-08-01,,,,,1.0,49.2,606.0,8833.0
2017-08-02,,,,,0.41,49.61,187.0,8601.0
2017-08-03,,,,,0.5,49.11,0.0,8495.0
2017-08-04,,,,,0.47,49.58,37.0,8495.0
2017-08-07,,,,,0.14,49.44,8.0,8527.0
2017-08-08,,,,,0.18,49.26,0.0,8519.0
2017-08-09,,,,,0.29,49.55,118.0,8519.0
2017-08-10,,,,,0.68,48.87,113.0,8492.0
2017-08-11,,,,,0.15,49.02,60.0,8507.0
2017-08-14,,,,,0.75,48.27,0.0,8567.0
2017-08-15,,,,,0.02,48.25,0.0,8638.0
2017-08-16,,,,,0.4,47.85,177.0,8638.0
2017-08-17,,,,,0.14,47.99,31.0,8563.0
2017-08-18,,,,,0.62,48.61,25.0,8563.0
2017-08-21,,,,,0.44,48.17,0.0,8538.0
2017-08-22,,,,,0.1,48.27,30.0,8587.0
2017-08-23,,,,,0.18,48.45,0.0,8557.0
2017-08-24,,,,,0.26,48.19,0.0,8557.0
2017-08-25,,,,,0.1,48.29,0.0,8557.0
2017-08-28,,,,,0.23,48.06,0.0,8557.0
2017-08-29,,,,,0.02,48.04,124.0,8692.0
2017-08-30,,,,,0.04,48.0,9.0,8816.0
2017-08-31,,,,,0.06,48.06,0.0,8816.0
2017-09-01,,,,,0.05,47.54,184.0,10599.0
2017-09-05,,,,,1.22,48.76,0.0,10765.0
2017-09-06,,,,,0.44,49.2,15.0,10590.0
2017-09-07,,,,,0.06,49.14,166.0,10557.0
2017-09-08,,,,,1.24,47.9,145.0,10557.0
2017-09-11,,,,,0.43,48.33,0.0,10702.0
2017-09-12,,,,,0.1,48.43,0.0,10702.0
2017-09-13,,,,,0.67,49.1,80.0,10702.0
2017-09-14,,,,,0.36,49.46,132.0,10702.0
2017-09-15,,,,,0.03,49.49,60.0,10702.0
2017-09-18,,,,,0.03,49.46,0.0,10672.0
2017-09-19,,,,,0.2,49.26,203.0,10717.0
2017-09-20,,,,,0.32,49.58,19.0,10785.0
2017-09-21,,,,,0.04,49.54,79.0,10785.0
2017-09-22,,,,,0.03,49.57,63.0,10792.0
2017-09-25,,,,,0.39,49.96,0.0,10792.0
2017-09-26,,,,,0.07,49.89,100.0,10792.0
2017-09-27,,,,,0.04,49.93,0.0,10792.0
2017-09-28,,,,,0.06,49.87,50.0,10792.0
2017-09-29,,,,,0.01,49.88,0.0,10792.0
2017-10-02,,,,,1.08,50.68,0.0,11654.0
2017-10-03,,,,,0.15,50.53,0.0,11831.0
2017-10-04,,,,,0.39,50.14,85.0,11831.0
2017-10-05,,,,,0.7,50.84,78.0,11884.0
2017-10-06,,,,,1.23,49.61,157.0,11806.0
2017-10-09,,,,,0.23,49.84,0.0,11663.0
2017-10-10,,,,,0.96,50.8,176.0,11663.0
2017-10-11,,,,,0.25,51.05,27.0,11577.0
2017-10-12,,,,,0.43,50.62,57.0,11559.0
2017-10-13,,,,,0.48,51.1,90.0,11529.0
2017-10-16,,,,,0.23,51.33,0.0,11529.0
2017-10-17,,,,,0.01,51.32,127.0,11469.0
2017-10-18,,,,,0.07,51.39,64.0,11481.0
2017-10-19,,,,,0.31,51.08,0.0,11482.0
2017-10-20,,,,,0.12,51.2,0.0,11482.0
2017-10-23,,,,,0.02,51.22,0.0,11482.0
2017-10-24,,,,,0.15,51.37,0.0,11573.0
2017-10-25,,,,,0.06,51.31,31.0,11573.0
2017-10-26,,,,,0.08,51.39,124.0,11604.0
2017-10-27,,,,,0.17,51.56,157.0,11682.0
2017-10-30,,,,,0.02,51.58,0.0,11770.0
2017-10-31,,,,,0.01,51.59,0.0,11770.0
2017-11-01,,,,,0.08,54.37,199.0,14205.0
2017-11-02,,,,,0.24,54.61,75.0,14312.0
2017-11-03,,,,,0.99,55.6,394.0,14387.0
2017-11-06,,,,,1.46,57.06,0.0,14581.0
2017-11-07,,,,,0.12,56.94,281.0,14585.0
2017-11-08,,,,,0.29,56.65,65.0,14560.0
2017-11-09,,,,,0.25,56.9,80.0,14495.0
2017-11-10,,,,,0.28,56.62,50.0,14445.0
2017-11-13,,,,,,56.62,0.0,14395.0
2017-11-14,,,,,0.61,56.01,134.0,14395.0
2017-11-15,,,,,0.19,55.82,16.0,14441.0
2017-11-16,,,,,0.09,55.73,14.0,14457.0
2017-11-17,,,,,0.59,56.32,46.0,14457.0
2017-11-20,,,,,0.12,56.2,0.0,14411.0
2017-11-21,,,,,0.14,56.34,204.0,14350.0
2017-11-22,,,,,0.34,56.68,229.0,14326.0
2017-11-24,,,,,0.22,56.9,159.0,14097.0
2017-11-27,,,,,0.16,56.74,0.0,13938.0
2017-11-28,,,,,0.02,56.72,190.0,13779.0
2017-11-29,,,,,0.06,56.66,20.0,13716.0
2017-11-30,,,,,,56.66,0.0,13713.0
2017-12-01,,,,,0.95,58.37,914.0,13651.0
2017-12-04,,,,,0.85,57.52,0.0,13956.0
2017-12-05,,,,,0.15,57.67,199.0,13880.0
2017-12-06,,,,,1.41,56.26,0.0,13799.0
2017-12-07,,,,,0.58,56.84,0.0,13799.0
2017-12-08,,,,,0.51,57.35,63.0,13799.0
2017-12-11,,,,,0.44,57.79,0.0,13799.0
2017-12-12,,,,,0.57,57.22,127.0,13799.0
2017-12-13,,,,,0.33,56.89,93.0,13798.0
2017-12-14,,,,,0.26,57.15,0.0,13705.0
2017-12-15,,,,,0.12,57.27,133.0,13705.0
2017-12-18,,,,,0.05,57.22,0.0,13686.0
2017-12-19,,,,,0.13,57.35,37.0,13586.0
2017-12-20,,,,,0.19,57.54,0.0,13623.0
2017-12-21,,,,,0.08,57.62,30.0,13623.0
2017-12-22,,,,,0.03,57.65,20.0,13593.0
2017-12-26,,,,,0.3,57.95,0.0,13573.0
2017-12-27,,,,,0.05,57.9,0.0,13508.0
2017-12-28,,,,,0.02,57.92,0.0,13508.0
2017-12-29,,,,,0.03,57.95,0.0,13508.0
2018-01-02,,,,,0.06,60.37,0.0,12866.0
2018-01-03,,,,,1.17,61.54,88.0,12871.0
2018-01-04,,,,,0.34,61.88,1162.0,12905.0
2018-01-05,,,,,0.46,61.42,253.0,12871.0
2018-01-08,,,,,0.24,61.66,0.0,13068.0
2018-01-09,,,,,0.91,62.57,289.0,13098.0
2018-01-10,,,,,0.41,62.98,0.0,13312.0
2018-01-11,,,,,0.17,63.15,9.0,13312.0
2018-01-12,,,,,0.32,63.47,0.0,13303.0
2018-01-16,,,,,0.32,63.15,0.0,13303.0
2018-01-17,,,,,0.13,63.28,212.0,13263.0
2018-01-18,,,,,0.01,63.27,125.0,13175.0
2018-01-19,,,,,0.25,63.02,0.0,13300.0
2018-01-22,,,,,0.09,63.11,0.0,13300.0
2018-01-23,,,,,0.3,63.41,172.0,13262.0
2018-01-24,,,,,0.33,63.74,212.0,13258.0
2018-01-25,,,,,0.03,63.71,280.0,13417.0
2018-01-26,,,,,0.12,63.83,0.0,13697.0
2018-01-29,,,,,0.08,63.75,0.0,13697.0
2018-01-30,,,,,0.1,63.65,72.0,13692.0
2018-01-31,,,,,0.01,63.66,0.0,13620.0
2018-02-01,,,,,1.04,65.72,490.0,13295.0
2018-02-02,,,,,0.37,65.35,0.0,13114.0
2018-02-05,,,,,1.15,64.2,0.0,13114.0
2018-02-06,,,,,0.62,63.58,0.0,12926.0
2018-02-07,,,,,1.25,62.33,85.0,12926.0
2018-02-08,,,,,0.47,61.86,100.0,12841.0
2018-02-09,,,,,1.33,60.53,106.0,12741.0
2018-02-12,,,,,0.06,60.59,0.0,12641.0
2018-02-13,,,,,0.05,60.54,10.0,12578.0
2018-02-14,,,,,0.77,61.31,78.0,12588.0
2018-02-15,,,,,0.32,61.63,0.0,12566.0
2018-02-16,,,,,0.16,61.79,0.0,12566.0
2018-02-20,,,,,0.09,61.88,0.0,12566.0
2018-02-21,,,,,0.04,61.84,0.0,12704.0
2018-02-22,,,,,0.29,62.13,25.0,12704.0
2018-02-23,,,,,0.16,62.29,87.0,12729.0
2018-02-26,,,,,0.06,62.35,0.0,12642.0
2018-02-27,,,,,0.09,62.26,0.0,12608.0
2018-02-28,,,,,0.08,62.18,0.0,12608.0
2018-03-01,,,,,0.65,60.93,344.0,10047.0
2018-03-02,,,,,0.25,61.18,97.0,10099.0
2018-03-05,,,,,1.19,62.37,0.0,10099.0
2018-03-06,,,,,0.04,62.41,160.0,10251.0
2018-03-07,,,,,1.17,61.24,125.0,10211.0
2018-03-08,,,,,0.76,60.48,35.0,10336.0
2018-03-09,,,,,1.35,61.83,40.0,10336.0
2018-03-12,,,,,0.42,61.41,71.0,10376.0
2018-03-13,,,,,0.38,61.03,141.0,10435.0
2018-03-14,,,,,0.15,61.18,93.0,10450.0
2018-03-15,,,,,0.12,61.3,0.0,10543.0
2018-03-16,,,,,0.55,61.85,77.0,10543.0
2018-03-19,,,,,0.12,61.73,0.0,10543.0
2018-03-20,,,,,0.53,62.26,30.0,10543.0
2018-03-21,,,,,0.55,62.81,160.0,10513.0
2018-03-22,,,,,0.25,62.56,279.0,10630.0
2018-03-23,,,,,0.37,62.93,30.0,10909.0
2018-03-26,,,,,0.06,62.87,115.0,10939.0
2018-03-27,,,,,0.04,62.83,79.0,11019.0
2018-03-28,,,,,0.08,62.75,0.0,11098.0
2018-03-29,,,,,0.02,62.77,150.0,11098.0
2018-04-02,,,,,1.92,63.0,221.0,12820.0
2018-04-03,,,,,0.47,63.47,90.0,12611.0
2018-04-04,,,,,0.12,63.35,23.0,12541.0
2018-04-05,,,,,0.16,63.51,6.0,12561.0
2018-04-06,,,,,1.19,62.32,0.0,12555.0
2018-04-09,,,,,1.03,63.35,170.0,12555.0
2018-04-10,,,,,1.47,64.82,105.0,12385.0
2018-04-11,,,,,0.87,65.69,137.0,12292.0
2018-04-12,,,,,0.14,65.83,233.0,12165.0
2018-04-13,,,,,0.2,66.03,183.0,12162.0
2018-04-16,,,,,0.6,65.43,131.0,11979.0
2018-04-17,,,,,0.14,65.57,220.0,11948.0
2018-04-18,,,,,0.84,66.41,206.0,11728.0
2018-04-19,,,,,0.05,66.36,245.0,11722.0
2018-04-20,,,,,0.02,66.38,96.0,11847.0
2018-04-23,,,,,0.07,66.45,81.0,11751.0
2018-04-24,,,,,0.23,66.22,159.0,11751.0
2018-04-25,,,,,0.07,66.29,86.0,11640.0
2018-04-26,,,,,0.02,66.31,0.0,11640.0
2018-04-27,,,,,0.01,66.3,20.0,11640.0
2018-04-30,,,,,0.03,66.33,0.0,11640.0
2018-05-01,,,,,1.33,67.22,265.0,13088.0
2018-05-02,,,,,0.64,67.86,630.0,13244.0
2018-05-03,,,,,0.45,68.31,190.0,12924.0
2018-05-04,,,,,1.12,69.43,71.0,12764.0
2018-05-07,,,,,0.83,70.26,54.0,12823.0
2018-05-08,,,,,1.28,68.98,68.0,12813.0
2018-05-09,,,,,1.51,70.49,135.0,12745.0
2018-05-10,,,,,0.16,70.65,63.0,12610.0
2018-05-11,,,,,0.41,70.24,249.0,12547.0
2018-05-14,,,,,0.17,70.41,0.0,12388.0
2018-05-15,,,,,0.2,70.61,5.0,12388.0
2018-05-16,,,,,0.09,70.7,125.0,12387.0
2018-05-17,,,,,,70.7,108.0,12387.0
2018-05-18,,,,,0.08,70.62,0.0,12387.0
2018-05-21,,,,,0.35,70.97,0.0,12387.0
2018-05-22,,,,,0.04,70.93,87.0,12387.0
2018-05-23,,,,,0.1,70.83,0.0,12312.0
2018-05-24,,,,,0.26,70.57,0.0,12312.0
2018-05-25,,,,,0.51,70.06,130.0,12312.0
2018-05-29,,,,,0.16,69.9,13.0,12342.0
2018-05-30,,,,,0.14,70.04,20.0,12342.0
2018-05-31,,,,,0.06,69.98,32.0,12342.0
2018-06-01,,,,,1.2,65.8,529.0,14123.0
2018-06-04,,,,,1.02,64.78,300.0,14578.0
2018-06-05,,,,,0.7,65.48,691.0,14338.0
2018-06-06,,,,,0.67,64.81,113.0,13647.0
2018-06-07,,,,,0.98,65.79,15.0,13610.0
2018-06-08,,,,,0.17,65.62,63.0,13595.0
2018-06-11,,,,,0.26,65.88,0.0,13532.0
2018-06-12,,,,,0.17,66.05,145.0,13532.0
2018-06-13,,,,,0.16,66.21,50.0,13387.0
2018-06-14,,,,,0.12,66.33,0.0,13387.0
2018-06-15,,,,,0.96,65.37,5.0,13387.0
2018-06-18,,,,,0.39,65.76,20.0,13382.0
2018-06-19,,,,,0.34,65.42,0.0,13382.0
2018-06-20,,,,,0.33,65.75,0.0,13382.0
2018-06-21,,,,,0.06,65.69,56.0,13382.0
2018-06-22,,,,,0.87,66.56,0.0,13326.0
2018-06-25,,,,,0.12,66.44,0.0,13326.0
2018-06-26,,,,,0.47,66.91,52.0,13326.0
2018-06-27,,,,,0.31,67.22,30.0,13333.0
2018-06-28,,,,,0.07,67.29,63.0,13303.0
2018-06-29,,,,,0.03,67.32,63.0,13240.0
2018-07-02,,,,,0.42,73.17,348.0,12998.0
2018-07-03,,,,,0.11,73.28,178.0,13171.0
2018-07-05,,,,,1.01,72.27,75.0,13303.0
2018-07-06,,,,,0.77,73.04,97.0,13228.0
2018-07-09,,,,,0.16,73.2,462.0,13178.0
2018-07-10,,,,,0.3,73.5,0.0,13402.0
2018-07-11,,,,,2.65,70.85,0.0,13402.0
2018-07-12,,,,,0.15,71.0,62.0,13402.0
2018-07-13,,,,,0.39,71.39,25.0,13464.0
2018-07-16,,,,,1.66,69.73,150.0,13452.0
2018-07-17,,,,,0.03,69.76,0.0,13602.0
2018-07-18,,,,,0.3,70.06,7.0,13602.0
2018-07-19,,,,,0.23,70.29,0.0,13602.0
2018-07-20,,,,,0.05,70.34,246.0,13602.0
2018-07-23,,,,,0.12,70.22,100.0,13757.0
2018-07-24,,,,,0.18,70.4,150.0,13757.0
2018-07-25,,,,,0.18,70.58,110.0,13757.0
2018-07-26,,,,,0.06,70.64,0.0,13767.0
2018-07-27,,,,,0.13,70.51,0.0,13767.0
2018-07-30,,,,,0.14,70.65,50.0,13767.0
2018-07-31,,,,,0.07,70.58,132.0,13717.0
2018-08-01,,,,,1.11,67.26,577.0,14262.0
2018-08-02,,,,,1.19,68.45,71.0,13967.0
2018-08-03,,,,,0.37,68.08,435.0,13956.0
2018-08-06,,,,,0.47,68.55,0.0,13571.0
2018-08-07,,,,,0.22,68.77,0.0,13521.0
2018-08-08,,,,,1.7,67.07,0.0,13571.0
2018-08-09,,,,,0.09,66.98,138.0,13571.0
2018-08-10,,,,,0.57,67.55,6.0,13433.0
2018-08-13,,,,,0.26,67.29,0.0,13433.0
2018-08-14,,,,,0.13,67.16,253.0,13433.0
2018-08-15,,,,,1.09,66.07,0.0,13370.0
2018-08-16,,,,,0.23,66.3,215.0,13370.0
2018-08-17,,,,,0.17,66.47,0.0,13395.0
2018-08-20,,,,,0.12,66.59,221.0,13395.0
2018-08-21,,,,,0.18,66.77,0.0,13332.0
2018-08-22,,,,,0.71,67.48,79.0,13332.0
2018-08-23,,,,,0.01,67.47,100.0,13293.0
2018-08-24,,,,,0.23,67.7,37.0,13293.0
2018-08-27,,,,,0.03,67.73,0.0,13330.0
2018-08-28,,,,,0.06,67.67,6.0,13330.0
2018-08-29,,,,,0.13,67.8,24.0,13324.0
2018-08-30,,,,,0.06,67.86,32.0,13300.0
2018-08-31,,,,,0.01,67.85,0.0,13268.0
2018-09-04,,,,,0.11,69.77,430.0,14160.0
2018-09-05,,,,,1.08,68.69,160.0,14060.0
2018-09-06,,,,,0.84,67.85,31.0,13960.0
2018-09-07,,,,,,67.85,50.0,13960.0
2018-09-10,,,,,0.14,67.71,127.0,13935.0
2018-09-11,,,,,1.23,68.94,100.0,13955.0
2018-09-12,,,,,0.77,69.71,0.0,13923.0
2018-09-13,,,,,1.12,68.59,0.0,13923.0
2018-09-14,,,,,0.22,68.81,100.0,13923.0
2018-09-17,,,,,0.04,68.77,0.0,13915.0
2018-09-18,,,,,0.43,69.2,0.0,13915.0
2018-09-19,,,,,0.51,69.71,0.0,13915.0
2018-09-20,,,,,0.16,69.55,0.0,13915.0
2018-09-21,,,,,0.15,69.7,225.0,13915.0
2018-09-24,,,,,0.34,70.04,0.0,14115.0
2018-09-25,,,,,0.04,70.08,0.0,14115.0
2018-09-26,,,,,0.11,69.97,18.0,14115.0
2018-09-27,,,,,0.06,70.03,11.0,14097.0
2018-09-28,,,,,0.05,70.08,0.0,14086.0
2018-10-01,,,,,2.06,75.25,400.0,16065.0
2018-10-02,,,,,0.07,75.18,7.0,15995.0
2018-10-03,,,,,1.08,76.26,204.0,15988.0
2018-10-04,,,,,1.78,74.48,0.0,15784.0
2018-10-05,,,,,0.01,74.49,0.0,15784.0
2018-10-08,,,,,0.06,74.43,0.0,15784.0
2018-10-09,,,,,0.49,74.92,98.0,15784.0
2018-10-10,,,,,1.24,73.68,0.0,15787.0
2018-10-11,,,,,1.44,72.24,87.0,15787.0
2018-10-12,,,,,0.22,72.46,0.0,15720.0
2018-10-15,,,,,0.25,72.71,0.0,15720.0
2018-10-16,,,,,0.07,72.78,0.0,15720.0
2018-10-17,,,,,1.0,71.78,295.0,15720.0
2018-10-18,,,,,0.44,71.34,0.0,15425.0
2018-10-19,,,,,0.21,71.55,157.0,15425.0
2018-10-22,,,,,0.03,71.58,9.0,15490.0
2018-10-23,,,,,0.9,70.68,257.0,15481.0
2018-10-24,,,,,0.11,70.79,200.0,15738.0
2018-10-25,,,,,0.11,70.9,200.0,15938.0
2018-10-26,,,,,0.04,70.94,185.0,16138.0
2018-10-29,,,,,0.07,70.87,15.0,16036.0
2018-10-30,,,,,0.07,70.8,47.0,16021.0
2018-10-31,,,,,0.04,70.76,0.0,16068.0
2018-11-01,,,,,1.62,63.74,1353.0,19321.0
2018-11-02,,,,,0.52,63.22,387.0,18990.0
2018-11-05,,,,,0.05,63.17,18.0,18785.0
2018-11-06,,,,,0.75,62.42,346.0,18785.0
2018-11-07,,,,,0.43,61.99,467.0,18844.0
2018-11-08,,,,,0.75,61.24,145.0,18631.0
2018-11-09,,,,,0.35,60.89,98.0,18716.0
2018-11-12,,,,,0.18,60.71,0.0,18798.0
2018-11-13,,,,,2.63,58.08,286.0,18798.0
2018-11-14,,,,,0.34,58.42,287.0,18760.0
2018-11-15,,,,,0.12,58.54,29.0,18741.0
2018-11-16,,,,,,58.54,150.0,18741.0
2018-11-19,,,,,0.21,58.75,234.0,18755.0
2018-11-20,,,,,1.43,57.32,310.0,18672.0
2018-11-21,,,,,0.4,57.72,342.0,18812.0
2018-11-23,,,,,1.21,56.51,30.0,18765.0
2018-11-26,,,,,0.29,56.8,30.0,18765.0
2018-11-27,,,,,0.01,56.79,0.0,18765.0
2018-11-28,,,,,0.18,56.61,0.0,18765.0
2018-11-29,,,,,0.11,56.72,0.0,18765.0
2018-11-30,,,,,0.03,56.69,0.0,18765.0
2018-12-03,,,,,2.03,53.02,368.0,15515.0
2018-12-04,,,,,0.29,53.31,406.0,15532.0
2018-12-05,,,,,0.32,52.99,0.0,15271.0
2018-12-06,,,,,1.2,51.79,429.0,15271.0
2018-12-07,,,,,0.9,52.69,49.0,14842.0
2018-12-10,,,,,1.21,51.48,68.0,14891.0
2018-12-11,,,,,0.45,51.93,190.0,14823.0
2018-12-12,,,,,0.32,51.61,100.0,15013.0
2018-12-13,,,,,0.88,52.49,50.0,15013.0
2018-12-14,,,,,0.76,51.73,0.0,15017.0
2018-12-17,,,,,0.64,51.09,0.0,15017.0
2018-12-18,,,,,1.62,49.47,345.0,15017.0
2018-12-19,,,,,0.59,50.06,1223.0,14798.0
2018-12-20,,,,,0.8,49.26,200.0,15698.0
2018-12-21,,,,,0.08,49.18,0.0,15764.0
2018-12-24,,,,,0.77,48.41,0.0,15764.0
2018-12-26,,,,,0.74,49.15,0.0,15764.0
2018-12-27,,,,,0.24,48.91,15.0,15764.0
2018-12-28,,,,,0.07,48.98,60.0,15764.0
2019-01-02,,,,,1.14,46.65,657.0,16544.0
2019-01-03,,,,,0.52,47.17,392.0,16293.0
2019-01-04,,,,,0.79,47.96,138.0,15901.0
2019-01-07,,,,,0.47,48.43,171.0,15763.0
2019-01-08,,,,,1.03,49.46,30.0,15649.0
2019-01-09,,,,,1.97,51.43,289.0,15649.0
2019-01-10,,,,,0.16,51.59,76.0,15382.0
2019-01-11,,,,,0.67,50.92,456.0,15387.0
2019-01-14,,,,,0.68,50.24,30.0,15193.0
2019-01-15,,,,,0.91,51.15,136.0,15193.0
2019-01-16,,,,,0.11,51.26,0.0,15113.0
2019-01-17,,,,,0.11,51.15,30.0,15113.0
2019-01-18,,,,,0.72,51.87,35.0,15113.0
2019-01-22,,,,,0.4,51.47,90.0,15078.0
2019-01-23,,,,,0.13,51.34,124.0,15111.0
2019-01-24,,,,,0.15,51.49,63.0,15111.0
2019-01-25,,,,,0.13,51.62,0.0,15098.0
2019-01-28,,,,,0.32,51.3,75.0,15098.0
2019-01-29,,,,,0.18,51.48,150.0,15173.0
2019-01-30,,,,,0.09,51.57,23.0,15173.0
2019-01-31,,,,,0.02,51.55,0.0,15181.0
2019-02-01,,,,,1.48,55.35,276.0,15763.0
2019-02-04,,,,,0.65,54.7,363.0,15677.0
2019-02-05,,,,,0.8,53.9,539.0,15314.0
2019-02-06,,,,,0.29,54.19,200.0,14934.0
2019-02-07,,,,,1.07,53.12,644.0,14734.0
2019-02-08,,,,,0.06,53.18,63.0,14341.0
2019-02-11,,,,,0.21,52.97,330.0,14341.0
2019-02-12,,,,,0.43,53.4,175.0,14336.0
2019-02-13,,,,,0.48,53.88,535.0,14336.0
2019-02-14,,,,,0.26,54.14,0.0,14531.0
2019-02-15,,,,,0.56,54.7,0.0,14531.0
2019-02-19,,,,,0.2,54.9,113.0,14531.0
2019-02-20,,,,,0.27,55.17,105.0,14594.0
2019-02-21,,,,,0.06,55.11,0.0,14519.0
2019-02-22,,,,,0.08,55.19,63.0,14519.0
2019-02-25,,,,,0.38,54.81,0.0,14582.0
2019-02-26,,,,,,54.81,0.0,14582.0
2019-02-27,,,,,0.16,54.97,0.0,14582.0
2019-02-28,,,,,0.01,54.98,0.0,14582.0
2019-03-01,,,,,1.42,55.93,623.0,15551.0
2019-03-04,,,,,0.75,56.68,437.0,15428.0
2019-03-05,,,,,0.03,56.65,125.0,15089.0
2019-03-06,,,,,0.28,56.37,423.0,14964.0
2019-03-07,,,,,0.34,56.71,384.0,14541.0
2019-03-08,,,,,0.45,56.26,250.0,14346.0
2019-03-11,,,,,0.5,56.76,141.0,14281.0
2019-03-12,,,,,0.06,56.82,327.0,14251.0
2019-03-13,,,,,0.86,57.68,30.0,14251.0
2019-03-14,,,,,0.19,57.87,44.0,14238.0
2019-03-15,,,,,0.05,57.82,30.0,14265.0
2019-03-18,,,,,0.27,58.09,0.0,14265.0
2019-03-19,,,,,0.04,58.05,65.0,14265.0
2019-03-20,,,,,0.36,58.41,405.0,14330.0
2019-03-21,,,,,0.09,58.32,0.0,14330.0
2019-03-22,,,,,0.27,58.05,0.0,14330.0
2019-03-25,,,,,0.05,58.0,172.0,14330.0
2019-03-26,,,,,0.21,58.21,45.0,14356.0
2019-03-27,,,,,0.07,58.14,40.0,14356.0
2019-03-28,,,,,0.01,58.13,15.0,14362.0
2019-03-29,,,,,0.04,58.17,98.0,14377.0
2019-04-01,,,,,1.44,61.62,865.0,16819.0
2019-04-02,,,,,0.92,62.54,40.0,17035.0
2019-04-03,,,,,0.1,62.44,291.0,17075.0
2019-04-04,,,,,0.3,62.14,835.0,16884.0
2019-04-05,,,,,0.79,62.93,0.0,17584.0
2019-04-08,,,,,0.96,63.89,375.0,17584.0
2019-04-09,,,,,0.28,63.61,150.0,17309.0
2019-04-10,,,,,0.44,64.05,30.0,17309.0
2019-04-11,,,,,0.63,63.42,0.0,17279.0
2019-04-12,,,,,0.19,63.61,173.0,17279.0
2019-04-15,,,,,0.25,63.36,35.0,17144.0
2019-04-16,,,,,0.31,63.67,150.0,17179.0
2019-04-17,,,,,0.14,63.53,120.0,17079.0
2019-04-18,,,,,0.08,63.61,165.0,16999.0
2019-04-22,,,,,0.51,64.12,245.0,16864.0
2019-04-23,,,,,0.21,64.33,0.0,16664.0
2019-04-24,,,,,0.1,64.23,286.0,16664.0
2019-04-25,,,,,0.12,64.11,0.0,16568.0
2019-04-26,,,,,0.28,63.83,0.0,16568.0
2019-04-29,,,,,0.02,63.85,50.0,16568.0
2019-04-30,,,,,0.02,63.87,0.0,16568.0
2019-05-01,,,,,0.3,63.63,330.0,20568.0
2019-05-02,,,,,1.71,61.92,143.0,20523.0
2019-05-03,,,,,0.12,62.04,397.0,20448.0
2019-05-06,,,,,0.28,62.32,330.0,20698.0
2019-05-07,,,,,0.7,61.62,495.0,20368.0
2019-05-08,,,,,0.55,62.17,269.0,20071.0
2019-05-09,,,,,0.3,61.87,50.0,20090.0
2019-05-10,,,,,0.02,61.85,167.0,20090.0
2019-05-13,,,,,0.38,61.47,257.0,19964.0
2019-05-14,,,,,0.44,61.91,218.0,19864.0
2019-05-15,,,,,0.14,62.05,131.0,19832.0
2019-05-16,,,,,0.41,62.46,175.0,19843.0
2019-05-17,,,,,0.05,62.41,0.0,19713.0
2019-05-20,,,,,0.12,62.53,0.0,19713.0
2019-05-21,,,,,0.03,62.5,62.0,19713.0
2019-05-22,,,,,0.55,61.95,50.0,19775.0
2019-05-23,,,,,0.95,61.0,22.0,19725.0
2019-05-24,,,,,0.16,61.16,0.0,19747.0
2019-05-28,,,,,0.09,61.25,113.0,19747.0
2019-05-29,,,,,0.04,61.21,191.0,19637.0
2019-05-30,,,,,0.2,61.01,20.0,19828.0
2019-05-31,,,,,0.14,60.87,0.0,19848.0
2019-06-03,,,,,0.25,53.29,554.0,22532.0
2019-06-04,,,,,0.22,53.51,250.0,22996.0
2019-06-05,,,,,1.62,51.89,412.0,22996.0
2019-06-06,,,,,0.77,52.66,81.0,22584.0
2019-06-07,,,,,1.13,53.79,127.0,22503.0
2019-06-10,,,,,0.53,53.26,187.0,22398.0
2019-06-11,,,,,0.02,53.28,136.0,22273.0
2019-06-12,,,,,1.39,51.89,4.0,22183.0
2019-06-13,,,,,0.69,52.58,88.0,22183.0
2019-06-14,,,,,0.13,52.71,600.0,22113.0
2019-06-17,,,,,0.3,52.41,0.0,22071.0
2019-06-18,,,,,0.88,53.29,181.0,22071.0
2019-06-19,,,,,0.06,53.23,46.0,22154.0
2019-06-20,,,,,1.08,54.31,0.0,22200.0
2019-06-21,,,,,0.1,54.41,35.0,22200.0
2019-06-24,,,,,0.12,54.53,0.0,22200.0
2019-06-25,,,,,0.01,54.52,0.0,22200.0
2019-06-26,,,,,0.23,54.75,25.0,22200.0
2019-06-27,,,,,,54.75,122.0,22200.0
2019-06-28,,,,,0.04,54.71,0.0,22200.0
2019-07-01,,,,,0.62,59.11,855.0,16463.0
2019-07-02,,,,,2.7,56.41,240.0,17075.0
2019-07-03,,,,,0.99,57.4,1171.0,17141.0
2019-07-05,,,,,0.14,57.54,60.0,17453.0
2019-07-08,,,,,0.13,57.67,436.0,17393.0
2019-07-09,,,,,0.14,57.81,184.0,17102.0
2019-07-10,,,,,1.88,59.69,620.0,16922.0
2019-07-11,,,,,0.16,59.53,238.0,16323.0
2019-07-12,,,,,0.01,59.54,197.0,16323.0
2019-07-15,,,,,0.37,59.17,56.0,16186.0
2019-07-16,,,,,1.06,58.11,150.0,16186.0
2019-07-17,,,,,0.42,57.69,0.0,16186.0
2019-07-18,,,,,0.67,57.02,14.0,16186.0
2019-07-19,,,,,0.13,57.15,0.0,16200.0
2019-07-22,,,,,0.18,57.33,63.0,16200.0
2019-07-23,,,,,0.17,57.5,0.0,16137.0
2019-07-24,,,,,0.24,57.26,130.0,16137.0
2019-07-25,,,,,0.03,57.29,0.0,16107.0
2019-07-26,,,,,0.03,57.32,0.0,16107.0
2019-07-29,,,,,0.1,57.42,72.0,16107.0
2019-07-30,,,,,0.1,57.52,0.0,16099.0
2019-07-31,,,,,0.03,57.55,25.0,16099.0
2019-08-01,,,,,4.63,53.97,394.0,16096.0
2019-08-02,,,,,1.62,55.59,17.0,16426.0
2019-08-05,,,,,0.93,54.66,275.0,16425.0
2019-08-06,,,,,0.89,53.77,174.0,16700.0
2019-08-07,,,,,2.08,51.69,175.0,16780.0
2019-08-08,,,,,1.11,52.8,536.0,16640.0
2019-08-09,,,,,1.41,54.21,349.0,16884.0
2019-08-12,,,,,0.31,54.52,220.0,17072.0
2019-08-13,,,,,1.41,55.93,75.0,17176.0
2019-08-14,,,,,1.1,54.83,0.0,17251.0
2019-08-15,,,,,0.44,54.39,577.0,17251.0
