Date,Open,High,Low,Close,Adj Close,Volume,Diff
2009-01-02,51.349998,54.529999,51.07,54.360001,54.360001,7296400,3.0800020000000075
2009-01-05,55.73,55.740002,53.029999,54.060001,54.060001,9509800,-0.30000000000000426
2009-01-06,54.549999,58.220001,53.75,57.360001,57.360001,11080100,3.3000000000000043
2009-01-07,56.290001,56.950001,55.349998,56.200001,56.200001,7942700,-1.1600000000000037
2009-01-08,54.990002,57.32,54.580002,57.16,57.16,6577900,0.9599989999999964
2009-01-09,56.919998,57.0,54.700001,55.509998,55.509998,6684100,-1.6500020000000006
2009-01-12,54.119999,54.299999,50.869999,51.919998,51.919998,9556300,-3.5899999999999963
2009-01-13,50.959999,53.290001,50.75,51.450001,51.450001,7883200,-0.4699969999999993
2009-01-14,50.099998,50.099998,48.139999,48.490002,48.490002,10442600,-2.9599989999999963
2009-01-15,48.560001,52.23,47.630001,51.439999,51.439999,11617300,2.9499969999999958
2009-01-16,51.799999,52.330002,49.529999,51.59,51.59,8258200,0.15000100000000316
2009-01-20,50.75,51.700001,48.27,48.439999,48.439999,6767200,-3.150001000000003
2009-01-21,49.310001,50.689999,48.25,50.540001,50.540001,5829500,2.1000020000000035
2009-01-22,49.419998,50.880001,48.259998,49.939999,49.939999,7133300,-0.6000020000000035
2009-01-23,48.900002,51.419998,48.450001,50.630001,50.630001,5793300,0.6900019999999998
2009-01-26,50.18,50.889999,48.52,49.630001,49.630001,7155700,-1.0
2009-01-27,49.299999,50.419998,47.720001,48.439999,48.439999,8738200,-1.1900019999999998
2009-01-28,49.720001,51.490002,48.970001,50.360001,50.360001,8056600,1.920002000000004
2009-01-29,49.959999,51.849998,49.139999,50.0,50.0,17966800,-0.36000100000000396
2009-01-30,57.360001,59.740002,57.240002,58.82,58.82,39783100,8.82
2009-02-02,58.57,62.0,58.130001,61.150002,61.150002,19324300,2.3300020000000004
2009-02-03,60.869999,64.199997,60.0,63.59,63.59,14694600,2.4399980000000028
2009-02-04,63.380001,63.439999,60.830002,61.060001,61.060001,13726300,-2.529999000000004
2009-02-05,61.150002,63.810001,60.630001,63.18,63.18,10169600,2.119999
2009-02-06,63.18,67.0,63.18,66.550003,66.550003,12044900,3.370003000000004
2009-02-09,66.559998,67.360001,65.379997,66.709999,66.709999,9437600,0.15999599999999248
2009-02-10,66.150002,67.230003,63.07,63.310001,63.310001,10700600,-3.3999979999999965
2009-02-11,63.099998,64.900002,62.25,64.349998,64.349998,8347300,1.0399969999999996
2009-02-12,63.25,64.25,61.709999,63.959999,63.959999,8095500,-0.3899990000000031
2009-02-13,63.970001,64.68,62.869999,63.259998,63.259998,4130900,-0.7000010000000003
2009-02-17,61.669998,62.650002,61.18,61.669998,61.669998,7126100,-1.5899999999999963
2009-02-18,62.27,62.779999,60.52,62.349998,62.349998,7366000,0.6799999999999997
2009-02-19,62.84,64.18,61.669998,61.950001,61.950001,6768900,-0.3999969999999991
2009-02-20,61.07,64.150002,60.84,63.860001,63.860001,9354500,1.910000000000004
2009-02-23,64.160004,64.910004,61.52,61.709999,61.709999,7336000,-2.150002000000008
2009-02-24,61.970001,66.099998,61.889999,65.599998,65.599998,10271400,3.889999000000003
2009-02-25,64.900002,65.75,62.82,63.709999,63.709999,9122100,-1.8899990000000033
2009-02-26,64.120003,64.730003,62.34,62.34,62.34,7275300,-1.3699989999999929
2009-02-27,61.259998,65.08000200000001,60.939999,64.790001,64.790001,11488300,2.4500010000000003
2009-03-02,63.939999,65.519997,61.509998,61.990002,61.990002,10511900,-2.799999
2009-03-03,62.75,63.290001,61.299999,61.700001,61.700001,9691600,-0.2900010000000037
2009-03-04,62.799999,65.790001,62.400002,64.809998,64.809998,11960900,3.1099969999999932
2009-03-05,64.120003,65.800003,63.599998,64.769997,64.769997,11770300,-0.04000099999998952
2009-03-06,65.199997,65.5,59.82,61.689999,61.689999,15093800,-3.079998000000004
2009-03-09,62.200001,64.029999,60.150002,60.490002,60.490002,13561400,-1.1999969999999962
2009-03-10,62.490002,65.900002,61.779999,65.709999,65.709999,15435700,5.219996999999992
2009-03-11,66.239998,69.370003,65.269997,68.540001,68.540001,13881700,2.8300020000000075
2009-03-12,68.349998,69.870003,67.25,69.58000200000001,69.58000200000001,11348900,1.0400010000000035
2009-03-13,69.639999,69.739998,67.529999,68.629997,68.629997,8903400,-0.9500050000000044
2009-03-16,68.559998,69.290001,66.68,66.980003,66.980003,9437300,-1.6499940000000066
2009-03-17,67.370003,71.709999,67.0,71.349998,71.349998,11902800,4.369995000000003
2009-03-18,70.970001,73.910004,70.129997,71.25,71.25,10401700,-0.09999799999999937
2009-03-19,71.400002,71.910004,69.239998,70.099998,70.099998,8819100,-1.1500020000000006
2009-03-20,70.389999,70.889999,69.08000200000001,69.959999,69.959999,8468100,-0.1399990000000031
2009-03-23,71.360001,75.610001,70.699997,75.58000200000002,75.58000200000002,8612400,5.620003000000012
2009-03-24,74.849998,75.0,72.309998,72.809998,72.809998,7457900,-2.7700040000000143
2009-03-25,73.089996,73.949997,69.839996,72.400002,72.400002,7895600,-0.4099959999999925
2009-03-26,73.470001,74.980003,72.639999,73.690002,73.690002,6657700,1.2900000000000065
2009-03-27,71.610001,72.290001,70.099998,70.519997,70.519997,8568800,-3.1700050000000037
2009-03-30,70.400002,71.66999799999998,69.75,71.440002,71.440002,8373100,0.9200050000000032
2009-03-31,72.610001,74.5,72.120003,73.440002,73.440002,8918200,2.0
2009-04-01,73.019997,75.089996,71.709999,73.5,73.5,7041400,0.05999799999999311
2009-04-02,73.629997,77.239998,73.440002,76.339996,76.339996,11066900,2.8399959999999997
2009-04-03,76.41999799999998,78.32,75.5,78.16999799999998,78.16999799999998,5809900,1.8300019999999928
2009-04-06,77.260002,78.360001,76.0,77.989998,77.989998,5751300,-0.1799999999999926
2009-04-07,76.970001,77.08000200000002,74.879997,75.510002,75.510002,5748800,-2.479996
2009-04-08,75.93,77.110001,74.57,76.980003,76.980003,5653000,1.4700009999999963
2009-04-09,77.510002,80.0,77.260002,79.769997,79.769997,7082300,2.7899940000000067
2009-04-13,79.839996,79.970001,77.849998,78.940002,78.940002,6212200,-0.8299949999999967
2009-04-14,78.0,79.459999,76.940002,77.220001,77.220001,6160400,-1.7200010000000103
2009-04-15,75.5,75.809998,73.510002,74.709999,74.709999,9412800,-2.510002
2009-04-16,75.33000200000002,77.480003,75.160004,77.25,77.25,7467800,2.540001000000004
2009-04-17,76.779999,78.720001,75.879997,78.050003,78.050003,7426000,0.8000030000000038
2009-04-20,78.440002,79.790001,76.83000200000002,77.57,77.57,8686900,-0.4800030000000106
2009-04-21,77.33000200000002,79.099998,77.290001,78.739998,78.739998,7162200,1.1699980000000068
2009-04-22,78.16999799999998,82.18,77.809998,79.199997,79.199997,8775500,0.4599989999999962
2009-04-23,81.33000200000002,82.059998,79.08000200000002,80.610001,80.610001,16187700,1.4100040000000007
2009-04-24,82.029999,86.68,80.730003,84.459999,84.459999,23484300,3.849998
2009-04-27,83.879997,84.980003,82.209999,83.120003,83.120003,9705900,-1.3399959999999993
2009-04-28,82.68,85.349998,82.400002,82.400002,82.400002,7924000,-0.7200009999999963
2009-04-29,82.989998,82.989998,79.260002,79.790001,79.790001,9735100,-2.610000999999997
2009-04-30,80.93,82.66999799999998,79.889999,80.519997,80.519997,8537600,0.7299959999999999
2009-05-01,80.379997,80.379997,77.849998,78.959999,78.959999,6121700,-1.559998000000007
2009-05-04,80.260002,81.349998,78.849998,79.769997,79.769997,7019300,0.8099980000000073
2009-05-05,81.010002,82.0,80.190002,81.900002,81.900002,5870300,2.1300049999999966
2009-05-06,82.879997,83.599998,79.660004,81.989998,81.989998,8604000,0.0899959999999993
2009-05-07,82.730003,82.75,77.879997,79.279999,79.279999,9632100,-2.7099989999999963
2009-05-08,79.690002,80.230003,76.309998,77.949997,77.949997,8193000,-1.3300020000000077
2009-05-11,76.800003,79.849998,76.010002,78.610001,78.610001,6872300,0.6600040000000007
2009-05-12,78.699997,78.970001,76.529999,77.93,77.93,5548700,-0.6800009999999901
2009-05-13,76.25,76.650002,74.010002,74.190002,74.190002,8770500,-3.7399980000000004
2009-05-14,73.790001,76.059998,73.309998,75.110001,75.110001,9343600,0.91999899999999
2009-05-15,74.540001,76.209999,73.41999799999998,73.599998,73.599998,8011700,-1.5100029999999975
2009-05-18,73.959999,75.959999,73.099998,75.949997,75.949997,6829100,2.349998999999997
2009-05-19,75.43,78.959999,75.120003,77.870003,77.870003,8028900,1.9200060000000008
2009-05-20,78.5,81.110001,77.41999799999998,77.970001,77.970001,7351000,0.09999799999999937
2009-05-21,76.75,77.970001,75.400002,75.959999,75.959999,5640500,-2.010002
2009-05-22,76.099998,77.040001,75.019997,75.639999,75.639999,3484700,-0.3199999999999932
2009-05-26,75.029999,78.480003,74.550003,78.389999,78.389999,6699600,2.75
2009-05-27,78.510002,79.5,76.75,77.099998,77.099998,5567100,-1.2900010000000035
2009-05-28,77.699997,79.099998,75.879997,77.650002,77.650002,4943100,0.5500040000000013
2009-05-29,77.720001,78.010002,76.400002,77.989998,77.989998,5072200,0.3399959999999993
2009-06-01,78.209999,84.800003,77.489998,83.050003,83.050003,10796500,5.060005000000004
2009-06-02,82.41999799999998,85.449997,82.099998,84.93,84.93,9397000,1.8799970000000032
2009-06-03,83.309998,85.709999,83.129997,85.68,85.68,7603400,0.75
2009-06-04,85.41999799999998,86.400002,84.57,85.519997,85.519997,5465400,-0.16000300000000325
2009-06-05,86.290001,87.949997,85.300003,87.559998,87.559998,8263500,2.040000999999989
2009-06-08,86.75,87.18,85.110001,86.360001,86.360001,5602100,-1.1999969999999962
2009-06-09,86.93,87.66999799999998,86.16999799999998,87.08000200000002,87.08000200000002,4475100,0.7200010000000105
2009-06-10,87.58000200000002,88.559998,84.83000200000002,86.589996,86.589996,6073600,-0.4900060000000082
2009-06-11,86.300003,87.489998,85.050003,85.690002,85.690002,5009700,-0.8999939999999924
2009-06-12,85.029999,85.199997,82.010002,84.08000200000002,84.08000200000002,6223000,-1.6099999999999994
2009-06-15,82.83000200000002,83.300003,81.0,83.18,83.18,5401800,-0.9000020000000006
2009-06-16,83.699997,83.949997,81.279999,82.150002,82.150002,5465800,-1.0299980000000062
2009-06-17,82.5,84.300003,80.639999,82.650002,82.650002,7785100,0.5
2009-06-18,82.809998,82.949997,81.0,81.599998,81.599998,5453100,-1.0500040000000013
2009-06-19,82.150002,83.459999,81.5,82.959999,82.959999,5438200,1.3600009999999971
2009-06-22,82.410004,82.43,78.559998,79.150002,79.150002,9744400,-3.809996999999996
2009-06-23,78.970001,79.099998,76.25,77.68,77.68,7415500,-1.4700019999999938
2009-06-24,78.0,80.529999,77.800003,79.269997,79.269997,6081400,1.5899969999999968
2009-06-25,79.099998,82.230003,79.029999,82.199997,82.199997,7360400,2.9299999999999926
2009-06-26,81.900002,84.139999,81.129997,83.879997,83.879997,8775300,1.6800000000000068
2009-06-29,83.870003,84.199997,82.410004,83.029999,83.029999,6270300,-0.8499979999999994
2009-06-30,83.620003,84.91999799999998,82.470001,83.660004,83.660004,7984800,0.630004999999997
2009-07-01,84.41999799999998,84.5,81.370003,81.599998,81.599998,6981200,-2.0600060000000013
2009-07-02,81.110001,81.370003,78.510002,79.32,79.32,7218600,-2.2799980000000057
2009-07-06,78.449997,78.889999,76.540001,78.099998,78.099998,7368800,-1.2200019999999938
2009-07-07,78.529999,78.690002,75.410004,75.629997,75.629997,6491500,-2.4700009999999963
2009-07-08,76.459999,77.93,75.699997,77.360001,77.360001,8540700,1.730003999999994
2009-07-09,78.25,78.540001,76.82,78.099998,78.099998,6359500,0.7399970000000025
2009-07-10,77.519997,78.82,76.16999799999998,77.629997,77.629997,5976100,-0.4700009999999963
2009-07-13,78.07,81.650002,78.010002,81.470001,81.470001,8050200,3.840003999999993
2009-07-14,81.480003,82.41999799999998,80.41999799999998,81.949997,81.949997,4543600,0.4799959999999999
2009-07-15,83.0,84.639999,82.779999,84.550003,84.550003,6339000,2.600006000000008
2009-07-16,84.41999799999998,86.239998,83.720001,86.110001,86.110001,5361900,1.5599979999999931
2009-07-17,85.800003,86.5,85.199997,85.849998,85.849998,5051600,-0.26000299999999754
2009-07-20,86.269997,88.879997,86.260002,88.230003,88.230003,6056600,2.380004999999997
2009-07-21,88.519997,89.010002,87.400002,89.010002,89.010002,7728600,0.7799990000000037
2009-07-22,88.650002,89.230003,87.779999,88.790001,88.790001,5329600,-0.22000099999999634
2009-07-23,89.839996,94.400002,89.589996,93.870003,93.870003,19162100,5.080001999999993
2009-07-24,87.599998,88.900002,85.5,86.489998,86.489998,19204600,-7.380004999999998
2009-07-27,86.239998,86.489998,83.559998,84.239998,84.239998,11279300,-2.25
2009-07-28,83.839996,85.639999,82.599998,84.980003,84.980003,8774900,0.7400049999999965
2009-07-29,84.470001,85.5,83.519997,84.339996,84.339996,6502900,-0.6400069999999971
2009-07-30,85.639999,87.25,85.16999799999998,86.089996,86.089996,7253200,1.75
2009-07-31,85.760002,86.75,84.620003,85.760002,85.760002,5886900,-0.32999399999999923
2009-08-03,86.559998,88.199997,86.559998,87.440002,87.440002,6663000,1.6800000000000068
2009-08-04,87.480003,87.480003,84.93,85.800003,85.800003,6177900,-1.6399990000000033
2009-08-05,85.639999,85.75,83.019997,84.290001,84.290001,7279400,-1.510002
2009-08-06,84.309998,84.839996,83.050003,84.470001,84.470001,4693000,0.1799999999999926
2009-08-07,84.099998,85.959999,84.099998,85.32,85.32,5628000,0.8499989999999968
2009-08-10,85.010002,85.470001,83.269997,84.440002,84.440002,4440600,-0.8799979999999863
2009-08-11,83.639999,84.400002,82.449997,83.559998,83.559998,5025000,-0.8800040000000138
2009-08-12,83.41999799999998,86.599998,83.379997,85.959999,85.959999,5619400,2.400001000000003
2009-08-13,85.720001,86.370003,84.07,84.599998,84.599998,5712400,-1.3600009999999971
2009-08-14,84.110001,84.16999799999998,82.779999,83.58000200000002,83.58000200000002,4924700,-1.0199959999999921
2009-08-17,81.160004,81.779999,80.25,81.059998,81.059998,6888600,-2.5200040000000143
2009-08-18,81.410004,82.690002,80.790001,82.120003,82.120003,5884400,1.060005000000004
2009-08-19,80.910004,83.0,80.489998,83.0,83.0,5170600,0.879997000000003
2009-08-20,82.980003,84.349998,82.660004,84.089996,84.089996,5375000,1.0899959999999993
2009-08-21,84.779999,85.059998,83.540001,85.0,85.0,6130700,0.9100040000000008
2009-08-24,85.16999799999998,85.589996,84.239998,84.5,84.5,4723200,-0.5
2009-08-25,84.660004,86.339996,83.949997,84.190002,84.190002,4791000,-0.3099979999999931
2009-08-26,84.099998,84.760002,83.379997,84.0,84.0,3613800,-0.1900020000000069
2009-08-27,84.010002,84.849998,83.139999,84.309998,84.309998,3997700,0.3099979999999931
2009-08-28,84.779999,84.989998,82.57,82.760002,82.760002,4620700,-1.549995999999993
2009-08-31,81.93,81.949997,80.349998,81.190002,81.190002,5263800,-1.5699999999999932
2009-09-01,80.739998,82.41999799999998,79.0,79.160004,79.160004,6245800,-2.0299980000000057
2009-09-02,79.040001,80.150002,77.800003,78.139999,78.139999,6512700,-1.0200049999999976
2009-09-03,78.389999,78.959999,77.510002,78.459999,78.459999,4140200,0.3199999999999932
2009-09-04,78.269997,79.779999,77.629997,78.870003,78.870003,4671500,0.4100040000000007
2009-09-08,79.860001,81.040001,78.870003,80.900002,80.900002,7037600,2.029999000000004
2009-09-09,80.599998,82.629997,80.5,82.239998,82.239998,6776200,1.3399959999999993
2009-09-10,82.33000200000002,84.07,82.300003,83.849998,83.849998,7023100,1.6099999999999994
2009-09-11,84.440002,84.900002,83.760002,84.540001,84.540001,6006900,0.6900030000000044
2009-09-14,83.809998,84.57,83.459999,83.860001,83.860001,3572000,-0.6800000000000068
2009-09-15,84.16999799999998,84.410004,82.790001,83.550003,83.550003,4446800,-0.3099979999999931
2009-09-16,85.910004,90.980003,85.900002,90.699997,90.699997,13114300,7.1499939999999915
2009-09-17,90.75,91.190002,89.0,90.440002,90.440002,7872700,-0.2599949999999893
2009-09-18,90.739998,91.0,89.470001,90.279999,90.279999,6769500,-0.16000300000000325
2009-09-21,89.690002,90.760002,88.480003,90.559998,90.559998,4209300,0.27999899999998945
2009-09-22,91.459999,94.190002,91.099998,93.75,93.75,8264900,3.1900020000000064
2009-09-23,92.82,94.5,92.220001,92.379997,92.379997,5685300,-1.370002999999997
2009-09-24,92.0,92.709999,90.769997,92.110001,92.110001,5075100,-0.2699960000000061
2009-09-25,91.440002,92.25,89.75,90.519997,90.519997,4256800,-1.590003999999993
2009-09-28,91.040001,92.809998,90.599998,92.209999,92.209999,3508000,1.690001999999993
2009-09-29,91.959999,92.330002,90.099998,91.720001,91.720001,4393900,-0.4899979999999999
2009-09-30,92.260002,94.169998,91.43,93.360001,93.360001,8539200,1.6400000000000006
2009-10-01,92.5,92.900002,90.370003,91.040001,91.040001,6645100,-2.319999999999993
2009-10-02,90.050003,91.139999,89.58000200000002,89.849998,89.849998,5039400,-1.1900030000000044
2009-10-05,90.25,90.93,88.269997,88.66999799999998,88.66999799999998,7028500,-1.1800000000000068
2009-10-06,89.33000200000002,91.080002,88.400002,90.910004,90.910004,6963700,2.240006000000008
2009-10-07,91.5,94.480003,91.150002,93.970001,93.970001,7445100,3.059996999999996
2009-10-08,94.800003,96.720001,94.230003,95.220001,95.220001,9674300,1.25
2009-10-09,95.0,95.949997,94.260002,95.709999,95.709999,4694000,0.4899979999999999
2009-10-12,96.169998,96.25,93.07,93.599998,93.599998,5591400,-2.110000999999997
2009-10-13,93.830002,95.25,93.68,94.830002,94.830002,4720000,1.230004000000008
2009-10-14,96.220001,97.82,96.019997,97.459999,97.459999,5556800,2.6299969999999893
2009-10-15,95.129997,97.059998,95.080002,96.010002,96.010002,6242100,-1.4499969999999962
2009-10-16,95.300003,96.120003,93.610001,95.32,95.32,7038400,-0.6900020000000069
2009-10-19,95.349998,96.279999,94.25,94.68,94.68,6017400,-0.6399999999999864
2009-10-20,95.910004,96.099998,94.269997,94.980003,94.980003,7777600,0.3000029999999896
2009-10-21,95.269997,96.629997,92.910004,93.419998,93.419998,7761200,-1.560005000000004
2009-10-22,93.660004,94.099998,91.699997,93.449997,93.449997,16518500,0.02999900000000366
2009-10-23,111.050003,119.650002,110.620003,118.489998,118.489998,58305800,25.040001000000004
2009-10-26,119.209999,125.68,118.489998,124.639999,124.639999,32271200,6.150001000000002
2009-10-27,122.93,124.260002,119.419998,122.07,122.07,20304200,-2.56999900000001
2009-10-28,121.57,125.120003,120.760002,121.639999,121.639999,16887700,-0.4300009999999901
2009-10-29,123.900002,124.300003,120.120003,122.580002,122.580002,12821800,0.9400030000000044
2009-10-30,121.970001,122.900002,118.209999,118.809998,118.809998,13312200,-3.7700040000000143
2009-11-02,118.660004,119.5,116.709999,118.839996,118.839996,11280000,0.029998000000006183
2009-11-03,117.669998,118.879997,116.629997,118.370003,118.370003,9478500,-0.4699930000000023
2009-11-04,119.0,119.25,116.760002,117.099998,117.099998,7617500,-1.2700049999999976
2009-11-05,117.459999,120.949997,116.25,120.610001,120.610001,9086800,3.510002999999997
2009-11-06,123.0,126.980003,122.669998,126.199997,126.199997,13226000,5.589995999999998
2009-11-09,127.110001,128.320007,125.589996,126.669998,126.669998,8624200,0.4700009999999963
2009-11-10,126.800003,130.610001,126.0,130.149994,130.149994,10529300,3.479996
2009-11-11,131.080002,131.309998,128.330002,129.910004,129.910004,7434200,-0.2399899999999775
2009-11-12,129.979996,132.149994,129.979996,130.529999,130.529999,7210100,0.6199949999999887
2009-11-13,131.160004,132.990005,129.75,132.970001,132.970001,7376800,2.4400019999999927
2009-11-16,132.119995,134.559998,130.979996,131.589996,131.589996,9018300,-1.3800050000000113
2009-11-17,131.399994,131.850006,129.320007,131.25,131.25,7748000,-0.3399959999999851
2009-11-18,130.899994,131.410004,129.529999,131.28999299999998,131.28999299999998,5213500,0.039992999999981294
2009-11-19,130.53999299999998,130.53999299999998,128.479996,128.990005,128.990005,5998200,-2.299987999999985
2009-11-20,127.760002,129.990005,127.410004,129.660004,129.660004,6652600,0.6699990000000184
2009-11-23,131.050003,133.0,131.0,133.0,133.0,6878100,3.339995999999985
2009-11-24,133.570007,134.330002,132.220001,132.940002,132.940002,7319700,-0.05999800000000732
2009-11-25,133.309998,134.199997,132.399994,134.029999,134.029999,5071200,1.089997000000011
2009-11-27,130.300003,133.0,129.880005,131.740005,131.740005,4422600,-2.2899940000000067
2009-11-30,132.190002,136.080002,132.160004,135.910004,135.910004,10119500,4.1699990000000176
2009-12-01,136.940002,139.350006,135.75,138.5,138.5,9657600,2.5899959999999846
2009-12-02,139.149994,142.669998,138.96000700000002,142.25,142.25,11798000,3.75
2009-12-03,143.619995,145.910004,140.770004,141.169998,141.169998,16523500,-1.0800020000000077
2009-12-04,143.419998,143.449997,135.110001,137.580002,137.580002,14827400,-3.589995999999985
2009-12-07,138.0,139.0,133.839996,134.21000700000002,134.21000700000002,7837000,-3.3699949999999887
2009-12-08,134.300003,136.080002,132.869995,134.110001,134.110001,8002800,-0.1000060000000076
2009-12-09,134.600006,134.71000700000002,129.820007,131.309998,131.309998,12632900,-2.8000030000000042
2009-12-10,132.410004,136.190002,132.399994,135.380005,135.380005,11343600,4.070007000000004
2009-12-11,136.070007,136.28999299999998,133.199997,134.149994,134.149994,8046700,-1.2300110000000188
2009-12-14,132.5,132.610001,129.350006,131.380005,131.380005,10022900,-2.7699889999999807
2009-12-15,130.759995,132.46000700000002,129.589996,130.229996,130.229996,7428800,-1.1500090000000114
2009-12-16,130.929993,131.449997,127.650002,128.360001,128.360001,10261300,-1.8699949999999887
2009-12-17,129.360001,130.080002,126.900002,126.910004,126.910004,8476500,-1.4499970000000104
2009-12-18,127.910004,128.78999299999998,125.650002,128.479996,128.479996,9605400,1.5699919999999992
2009-12-21,130.479996,133.199997,130.190002,132.78999299999998,132.78999299999998,9473600,4.309996999999981
2009-12-22,133.759995,135.990005,132.649994,133.75,133.75,8257500,0.9600070000000188
2009-12-23,134.800003,139.050003,134.350006,138.940002,138.940002,9546100,5.190001999999994
2009-12-24,139.199997,139.699997,137.53999299999998,138.470001,138.470001,5128800,-0.4700009999999963
2009-12-28,139.75,141.979996,138.529999,139.309998,139.309998,8763900,0.839997000000011
2009-12-29,141.28999299999995,142.580002,138.550003,139.410004,139.410004,8400600,0.1000060000000076
2009-12-30,138.399994,138.399994,135.279999,136.490005,136.490005,6913200,-2.9199990000000184
2009-12-31,137.089996,137.279999,134.520004,134.520004,134.520004,4523000,-1.9700009999999963
2010-01-04,136.25,136.610001,133.139999,133.899994,133.899994,7599900,-0.6200100000000077
2010-01-05,133.429993,135.479996,131.809998,134.690002,134.690002,8851900,0.7900080000000003
2010-01-06,134.600006,134.729996,131.649994,132.25,132.25,7178800,-2.4400019999999927
2010-01-07,132.009995,132.320007,128.800003,130.0,130.0,11030200,-2.25
2010-01-08,130.559998,133.679993,129.029999,133.520004,133.520004,9830500,3.520004
2010-01-11,132.619995,132.800003,129.21000700000002,130.309998,130.309998,8779400,-3.2100059999999933
2010-01-12,128.990005,129.820007,126.550003,127.349998,127.349998,9096300,-2.9600000000000084
2010-01-13,127.900002,129.71000700000002,125.75,129.110001,129.110001,10723200,1.7600030000000118
2010-01-14,129.139999,130.380005,126.400002,127.349998,127.349998,9774900,-1.7600030000000118
2010-01-15,129.179993,129.649994,127.059998,127.139999,127.139999,15376500,-0.20999899999999627
2010-01-19,126.309998,128.0,124.330002,127.610001,127.610001,8892600,0.4700019999999938
2010-01-20,127.129997,129.199997,125.080002,125.779999,125.779999,9074700,-1.8300019999999928
2010-01-21,127.260002,128.149994,125.0,126.620003,126.620003,9970600,0.8400039999999933
2010-01-22,125.599998,127.669998,120.760002,121.43,121.43,11568900,-5.19000299999999
2010-01-25,122.099998,122.279999,118.120003,120.309998,120.309998,12023900,-1.1200020000000137
2010-01-26,120.559998,122.980003,119.059998,119.480003,119.480003,9559000,-0.8299949999999967
2010-01-27,121.029999,123.330002,118.800003,122.75,122.75,14765300,3.269997000000004
2010-01-28,124.43,127.199997,122.800003,126.029999,126.029999,27293100,3.279999000000004
2010-01-29,129.770004,131.850006,124.139999,125.410004,125.410004,29471300,-0.619995000000003
2010-02-01,123.18,124.860001,113.82,118.870003,118.870003,37774400,-6.540001000000004
2010-02-02,118.790001,118.980003,114.400002,118.120003,118.120003,23079700,-0.75
2010-02-03,117.120003,119.610001,116.559998,119.099998,119.099998,12405900,0.9799950000000024
2010-02-04,118.639999,120.330002,115.739998,115.940002,115.940002,12784000,-3.1599959999999925
2010-02-05,115.879997,117.650002,114.099998,117.389999,117.389999,11024800,1.4499969999999962
2010-02-08,119.379997,121.0,116.559998,116.830002,116.830002,9890200,-0.5599969999999956
2010-02-09,118.199997,119.089996,117.0,118.029999,118.029999,9223000,1.1999969999999962
2010-02-10,118.0,118.610001,116.0,117.360001,117.360001,6233200,-0.6699980000000068
2010-02-11,117.209999,120.419998,116.5,120.089996,120.089996,8343500,2.7299950000000024
2010-02-12,118.989998,119.940002,117.5,119.660004,119.660004,8073500,-0.4299919999999986
2010-02-16,120.059998,120.5,117.18,117.529999,117.529999,8932700,-2.1300049999999966
2010-02-17,117.07,117.129997,115.550003,116.309998,116.309998,8944800,-1.2200010000000103
2010-02-18,115.839996,118.510002,114.82,118.080002,118.080002,9800100,1.7700040000000143
2010-02-19,117.910004,119.089996,117.0,117.519997,117.519997,7115600,-0.5600050000000039
2010-02-22,117.370003,118.970001,116.18,118.010002,118.010002,6807300,0.4900049999999965
2010-02-23,118.010002,119.25,116.510002,117.239998,117.239998,7068200,-0.7700040000000001
2010-02-24,117.959999,119.800003,117.150002,119.720001,119.720001,7389900,2.4800029999999964
2010-02-25,118.169998,118.339996,115.849998,118.199997,118.199997,9533400,-1.520004
2010-02-26,117.879997,119.43,117.0,118.400002,118.400002,5721600,0.20000500000000446
2010-03-01,118.699997,124.660004,117.529999,124.540001,124.540001,13296500,6.139999000000002
2010-03-02,125.010002,127.349998,124.800003,125.529999,125.529999,12097500,0.989998
2010-03-03,125.400002,126.940002,124.43,125.889999,125.889999,6440400,0.35999999999999943
2010-03-04,125.980003,128.850006,125.57,128.529999,128.529999,7509700,2.640000000000001
2010-03-05,129.130005,129.449997,127.07,128.910004,128.910004,6769300,0.3800050000000113
2010-03-08,128.300003,130.850006,127.709999,130.110001,130.110001,5605900,1.1999969999999962
2010-03-09,129.589996,130.809998,127.970001,128.820007,128.820007,6070800,-1.2899940000000072
2010-03-10,129.110001,131.169998,128.479996,130.509995,130.509995,5625700,1.6899879999999996
2010-03-11,130.449997,133.619995,130.360001,133.580002,133.580002,7240800,3.0700070000000044
2010-03-12,134.199997,134.199997,131.179993,131.820007,131.820007,6150800,-1.7599950000000035
2010-03-15,131.699997,132.0,128.630005,131.130005,131.130005,6329200,-0.6900019999999927
2010-03-16,131.240005,132.28999299999998,130.5,131.78999299999998,131.78999299999998,4132500,0.6599879999999699
2010-03-17,132.410004,132.690002,131.220001,131.339996,131.339996,4358800,-0.4499969999999962
2010-03-18,131.020004,132.850006,130.440002,132.759995,132.759995,5021300,1.4199990000000184
2010-03-19,133.71000700000002,133.71000700000002,129.660004,130.350006,130.350006,8905000,-2.409988999999996
2010-03-22,130.199997,130.96000700000002,128.639999,130.470001,130.470001,5383400,0.11999499999998875
2010-03-23,130.889999,130.940002,128.070007,129.259995,129.259995,4213100,-1.2100059999999928
2010-03-24,128.639999,129.399994,127.199997,128.03999299999998,128.03999299999998,4696400,-1.2200020000000222
2010-03-25,129.139999,136.910004,128.03999299999998,134.729996,134.729996,16209600,6.6900030000000195
2010-03-26,134.899994,136.990005,133.759995,135.059998,135.059998,6565700,0.33000200000000746
2010-03-29,135.369995,136.630005,134.330002,135.119995,135.119995,4626900,0.05999699999998144
2010-03-30,135.740005,138.190002,135.360001,136.580002,136.580002,6192700,1.4600070000000187
2010-03-31,136.0,136.800003,134.479996,135.770004,135.770004,4600600,-0.8099980000000073
2010-04-01,135.800003,136.509995,131.179993,131.809998,131.809998,8785800,-3.9600059999999933
2010-04-05,132.850006,133.740005,130.779999,131.490005,131.490005,5816500,-0.31999300000001085
2010-04-06,131.229996,136.0,131.179993,135.559998,135.559998,7950300,4.069993000000012
2010-04-07,135.96000700000002,136.080002,133.860001,134.869995,134.869995,5945400,-0.6900030000000186
2010-04-08,134.71000700000002,141.25,134.71000700000002,140.96000700000005,140.96000700000005,12689100,6.09001200000003
2010-04-09,140.720001,141.330002,139.070007,140.059998,140.059998,6011100,-0.9000090000000114
2010-04-12,140.0,142.910004,139.679993,141.199997,141.199997,5445300,1.1399989999999889
2010-04-13,141.229996,141.979996,139.119995,140.160004,140.160004,4785500,-1.0399929999999813
2010-04-14,140.339996,144.5,139.199997,144.279999,144.279999,7900300,4.119994999999989
2010-04-15,144.550003,147.089996,144.0,145.820007,145.820007,7829600,1.5400080000000005
2010-04-16,144.880005,147.169998,141.449997,142.169998,142.169998,8396800,-3.6500090000000114
2010-04-19,142.350006,143.669998,139.130005,142.429993,142.429993,6022000,0.25999500000000353
2010-04-20,143.830002,144.639999,142.100006,144.199997,144.199997,4311700,1.770004
2010-04-21,145.169998,149.0,143.520004,146.429993,146.429993,7374400,2.229996
2010-04-22,147.009995,151.089996,145.880005,150.089996,150.089996,15165800,3.6600029999999886
2010-04-23,145.380005,149.089996,142.419998,143.630005,143.630005,18975200,-6.459990999999974
2010-04-26,143.199997,147.729996,142.899994,147.110001,147.110001,9318300,3.479996
2010-04-27,145.550003,146.440002,141.110001,142.020004,142.020004,8639000,-5.089997000000012
2010-04-28,142.589996,142.75,138.690002,139.350006,139.350006,9235300,-2.6699979999999925
2010-04-29,140.089996,142.449997,139.78999299999998,141.729996,141.729996,6314200,2.3799899999999923
2010-04-30,141.399994,141.399994,136.910004,137.100006,137.100006,6113500,-4.629989999999992
2010-05-03,137.199997,139.440002,136.110001,137.490005,137.490005,5654600,0.3899989999999889
2010-05-04,135.619995,135.809998,128.380005,129.830002,129.830002,12667800,-7.660002999999988
2010-05-05,128.0,131.610001,127.550003,130.929993,130.929993,9458100,1.0999909999999886
2010-05-06,130.0,132.330002,120.599998,128.71000700000002,128.71000700000002,10189000,-2.2199859999999774
2010-05-07,127.970001,131.179993,123.760002,124.980003,124.980003,11927600,-3.7300040000000223
2010-05-10,129.729996,132.21000700000002,129.259995,131.28999299999998,131.28999299999998,6806100,6.309989999999986
2010-05-11,129.949997,133.080002,128.470001,130.46000700000002,130.46000700000002,6044100,-0.8299859999999626
2010-05-12,131.410004,134.130005,129.679993,133.869995,133.869995,5904500,3.40998799999997
2010-05-13,133.929993,136.990005,131.0,131.470001,131.470001,5940200,-2.3999939999999924
2010-05-14,130.360001,131.0,126.760002,128.529999,128.529999,5277800,-2.9400019999999927
2010-05-17,128.240005,129.949997,125.800003,128.910004,128.910004,5642200,0.3800050000000113
2010-05-18,130.139999,131.25,125.510002,126.279999,126.279999,5256900,-2.6300050000000117
2010-05-19,125.510002,127.93,123.800003,124.589996,124.589996,6463300,-1.6900030000000044
2010-05-20,122.639999,125.0,118.779999,119.709999,119.709999,8594400,-4.879997000000003
2010-05-21,117.900002,124.970001,117.519997,122.720001,122.720001,7966900,3.010002
2010-05-24,122.57,124.5,120.650002,122.120003,122.120003,4535900,-0.5999979999999994
2010-05-25,118.540001,125.190002,118.5,124.860001,124.860001,6913400,2.739998
2010-05-26,125.050003,125.790001,122.300003,123.209999,123.209999,6964600,-1.6500020000000006
2010-05-27,124.980003,126.849998,120.599998,126.699997,126.699997,4747700,3.4899980000000004
2010-05-28,126.07,127.599998,124.010002,125.459999,125.459999,3954800,-1.239998
2010-06-01,124.970001,126.57,123.019997,123.239998,123.239998,3659500,-2.2200009999999963
2010-06-02,124.019997,126.43,121.650002,126.309998,126.309998,4764700,3.0699999999999936
2010-06-03,126.25,129.149994,124.849998,128.759995,128.759995,5276900,2.4499970000000104
2010-06-04,126.330002,128.199997,122.18,122.769997,122.769997,5497700,-5.989998
2010-06-07,125.839996,126.610001,121.669998,122.010002,122.010002,6566400,-0.7599950000000035
2010-06-08,122.0,122.0,115.800003,118.839996,118.839996,11484400,-3.1700060000000008
2010-06-09,120.309998,121.470001,117.360001,117.910004,117.910004,7369200,-0.9299919999999986
2010-06-10,120.0,123.5,119.199997,123.209999,123.209999,6061800,5.299994999999996
2010-06-11,121.389999,123.529999,120.290001,123.029999,123.029999,4204600,-0.1799999999999926
2010-06-14,124.239998,125.699997,123.5,123.830002,123.830002,3923000,0.8000030000000038
2010-06-15,123.199997,126.919998,122.5,126.839996,126.839996,4541000,3.009993999999992
2010-06-16,125.389999,127.980003,125.360001,126.900002,126.900002,3964300,0.060006000000001336
2010-06-17,126.739998,127.800003,124.690002,125.889999,125.889999,3479000,-1.0100029999999975
2010-06-18,126.480003,127.480003,125.07,125.830002,125.830002,3836000,-0.05999699999999564
2010-06-21,126.790001,127.480003,121.410004,122.550003,122.550003,5327700,-3.279999000000004
2010-06-22,122.650002,125.230003,121.550003,122.309998,122.309998,6207200,-0.2400050000000107
2010-06-23,122.110001,123.220001,120.040001,121.449997,121.449997,5455100,-0.8600009999999969
2010-06-24,120.610001,120.849998,116.800003,118.330002,118.330002,7771100,-3.1199949999999887
2010-06-25,118.139999,121.760002,117.629997,121.0,121.0,5769700,2.6699979999999925
2010-06-28,118.849998,120.040001,117.099998,117.800003,117.800003,5612200,-3.1999969999999958
2010-06-29,116.260002,116.480003,106.010002,108.610001,108.610001,12866300,-9.190002000000009
2010-06-30,108.580002,112.68,108.110001,109.260002,109.260002,9740700,0.6500010000000032
2010-07-01,108.900002,111.690002,106.699997,110.959999,110.959999,8529800,1.6999969999999962
2010-07-02,110.919998,111.290001,108.559998,109.139999,109.139999,4477100,-1.8199999999999927
2010-07-06,110.650002,112.529999,109.0,110.059998,110.059998,5219300,0.91999899999999
2010-07-07,109.839996,113.629997,109.809998,113.43,113.43,4941000,3.3700020000000137
2010-07-08,115.019997,117.480003,114.07,116.220001,116.220001,6775000,2.790000999999989
2010-07-09,116.550003,117.400002,114.650002,117.260002,117.260002,4065100,1.0400010000000035
2010-07-12,117.809998,119.699997,117.32,119.510002,119.510002,4783600,2.25
2010-07-13,120.690002,124.879997,120.300003,123.650002,123.650002,7091100,4.1400000000000015
2010-07-14,123.029999,123.75,121.470001,123.300003,123.300003,5257000,-0.34999899999999684
2010-07-15,120.129997,122.480003,119.260002,122.059998,122.059998,6047700,-1.240005000000011
2010-07-16,121.279999,121.919998,118.010002,118.489998,118.489998,6227900,-3.5699999999999936
2010-07-19,118.379997,120.739998,117.0,119.940002,119.940002,5030900,1.450004000000007
2010-07-20,120.610001,120.709999,117.510002,120.099998,120.099998,6785000,0.15999599999999248
2010-07-21,120.620003,121.25,117.260002,117.43,117.43,5011700,-2.6699979999999925
2010-07-22,118.709999,120.870003,118.019997,120.07,120.07,15003400,2.6399999999999864
2010-07-23,105.93,119.279999,105.800003,118.870003,118.870003,42421100,-1.1999969999999962
2010-07-26,118.260002,118.599998,114.879997,118.400002,118.400002,11137800,-0.4700009999999963
2010-07-27,118.43,118.5,115.07,117.129997,117.129997,7796100,-1.2700049999999976
2010-07-28,117.0,118.199997,116.400002,117.129997,117.129997,5472300,0.0
2010-07-29,117.989998,118.870003,115.519997,116.860001,116.860001,6175800,-0.2699960000000061
2010-07-30,115.529999,118.739998,114.510002,117.889999,117.889999,7077500,1.0299980000000062
2010-08-02,119.150002,120.379997,117.57,120.07,120.07,5443700,2.18000099999999
2010-08-03,120.0,122.870003,119.68,122.419998,122.419998,5953800,2.349998
2010-08-04,123.059998,128.470001,123.0,127.580002,127.580002,9270800,5.160004000000015
2010-08-05,126.769997,128.0,125.82,127.830002,127.830002,4282300,0.25
2010-08-06,126.720001,128.399994,125.900002,128.320007,128.320007,5065200,0.4900049999999965
2010-08-09,128.46000700000002,129.929993,127.849998,128.830002,128.830002,5085800,0.5099950000000035
2010-08-10,127.949997,130.0,127.379997,130.0,130.0,5706900,1.1699979999999923
2010-08-11,128.100006,128.119995,125.199997,125.889999,125.889999,5541700,-4.110000999999997
2010-08-12,123.760002,127.0,123.550003,126.559998,126.559998,4367900,0.66999899999999
2010-08-13,126.059998,127.480003,124.260002,124.690002,124.690002,3976600,-1.8699959999999864
2010-08-16,123.610001,127.370003,123.040001,126.07,126.07,4024700,1.3799979999999863
2010-08-17,127.339996,129.979996,126.790001,128.860001,128.860001,5044700,2.790001000000018
2010-08-18,129.25,130.809998,128.259995,129.649994,129.649994,7901500,0.7899929999999813
2010-08-19,129.220001,130.020004,126.82,127.57,127.57,5582500,-2.0799939999999992
2010-08-20,127.199997,128.03999299999998,126.019997,127.760002,127.760002,4170100,0.1900020000000069
2010-08-23,127.860001,129.220001,126.5,126.599998,126.599998,3861300,-1.1600040000000007
2010-08-24,125.410004,125.440002,123.18,124.529999,124.529999,5369700,-2.069998999999996
2010-08-25,123.849998,127.370003,123.830002,126.849998,126.849998,5344500,2.319998999999996
2010-08-26,127.150002,127.589996,124.82,124.860001,124.860001,4694500,-1.9899970000000025
2010-08-27,125.459999,126.639999,122.25,126.639999,126.639999,5080000,1.7799980000000062
2010-08-30,126.029999,126.949997,123.690002,123.790001,123.790001,3426000,-2.849998
2010-08-31,122.849998,125.900002,122.5,124.830002,124.830002,4225600,1.0400010000000035
2010-09-01,126.360001,132.600006,126.169998,132.490005,132.490005,7138300,7.660002999999988
2010-09-02,132.169998,135.21000700000002,132.050003,135.21000700000002,135.21000700000002,5407400,2.7200020000000222
2010-09-03,136.889999,139.5,136.630005,138.78999299999998,138.78999299999998,6581200,3.5799859999999626
2010-09-07,137.559998,138.600006,136.889999,137.220001,137.220001,3883000,-1.5699919999999852
2010-09-08,137.929993,139.699997,136.449997,139.139999,139.139999,5828500,1.9199979999999923
2010-09-09,140.389999,141.369995,139.259995,140.380005,140.380005,4958000,1.2400060000000224
2010-09-10,140.75,142.600006,140.03999299999998,142.440002,142.440002,5043600,2.059996999999981
2010-09-13,144.070007,145.740005,143.759995,145.070007,145.070007,5077400,2.6300050000000117
2010-09-14,144.5,146.699997,143.830002,145.75,145.75,4319400,0.6799929999999961
2010-09-15,144.880005,145.619995,143.559998,145.449997,145.449997,4903600,-0.3000030000000038
2010-09-16,145.399994,148.229996,145.160004,148.130005,148.130005,5827000,2.680008000000015
2010-09-17,148.899994,148.979996,146.5,148.320007,148.320007,7259600,0.19000199999999268
2010-09-20,148.699997,151.949997,147.350006,151.300003,151.300003,6449400,2.979996
2010-09-21,150.759995,153.309998,149.600006,150.729996,150.729996,7542000,-0.5700070000000039
2010-09-22,149.839996,152.699997,149.100006,151.830002,151.830002,6612400,1.1000060000000076
2010-09-23,151.199997,155.919998,150.970001,152.850006,152.850006,7065600,1.020004
2010-09-24,155.429993,160.889999,155.419998,160.729996,160.729996,10590600,7.879989999999991
2010-09-27,160.220001,161.199997,157.880005,159.369995,159.369995,6446300,-1.3600010000000111
2010-09-28,159.839996,160.880005,154.889999,159.699997,159.699997,8494200,0.33000200000000746
2010-09-29,159.029999,161.779999,157.75,158.990005,158.990005,7287500,-0.7099919999999997
2010-09-30,160.009995,160.929993,155.600006,157.059998,157.059998,7606000,-1.9300069999999887
2010-10-01,157.080002,157.440002,152.199997,153.71000700000005,153.71000700000005,8683400,-3.3499909999999886
2010-10-04,153.949997,155.96000700000005,152.78999299999995,155.389999,155.389999,5346500,1.6799919999999702
2010-10-05,157.080002,161.21000700000005,157.009995,160.869995,160.869995,5620000,5.479996
2010-10-06,160.600006,160.679993,154.600006,155.399994,155.399994,6060800,-5.470000999999996
2010-10-07,156.509995,157.399994,153.389999,156.270004,156.270004,4622000,0.8700100000000077
2010-10-08,155.179993,156.279999,152.779999,155.550003,155.550003,6918400,-0.7200009999999963
2010-10-11,154.889999,156.630005,152.339996,153.029999,153.029999,4486400,-2.520004
2010-10-12,152.509995,156.949997,151.399994,156.479996,156.479996,5280800,3.4499969999999958
2010-10-13,156.690002,156.78999299999995,153.850006,155.169998,155.169998,5632800,-1.309998000000007
2010-10-14,155.160004,156.949997,154.229996,155.529999,155.529999,4024100,0.3600010000000111
2010-10-15,158.419998,164.880005,156.75,164.639999,164.639999,10135500,9.109999999999985
2010-10-18,165.0,165.190002,161.820007,163.559998,163.559998,6331300,-1.0800009999999816
2010-10-19,160.679993,162.800003,157.0,158.669998,158.669998,7525000,-4.890000000000015
2010-10-20,158.779999,159.869995,156.570007,158.669998,158.669998,5790400,0.0
2010-10-21,162.669998,166.130005,161.28999299999995,164.970001,164.970001,13482500,6.300003000000004
2010-10-22,162.449997,170.169998,162.270004,169.130005,169.130005,16318400,4.160004000000015
2010-10-25,171.570007,171.990005,168.320007,169.0,169.0,6530900,-0.13000500000001125
2010-10-26,167.570007,171.0,167.5,169.949997,169.949997,4689600,0.9499969999999962
2010-10-27,168.910004,169.75,166.53999299999995,167.509995,167.509995,5721800,-2.4400019999999927
2010-10-28,168.309998,168.490005,165.050003,166.839996,166.839996,4684400,-0.6699990000000184
2010-10-29,165.800003,168.5,164.809998,165.229996,165.229996,4998500,-1.6099999999999852
2010-11-01,164.449997,164.580002,161.520004,162.580002,162.580002,5239900,-2.6499939999999924
2010-11-02,163.75,165.940002,163.360001,164.610001,164.610001,4260000,2.029999000000004
2010-11-03,165.399994,168.610001,162.28999299999995,168.470001,168.470001,6112100,3.859999999999985
2010-11-04,169.860001,172.529999,168.399994,168.929993,168.929993,7395900,0.4599919999999997
2010-11-05,169.350006,171.649994,168.589996,170.770004,170.770004,5212200,1.8400110000000043
2010-11-08,170.839996,173.199997,168.779999,171.990005,171.990005,5706000,1.2200009999999963
2010-11-09,172.669998,173.139999,169.059998,170.270004,170.270004,3978600,-1.7200009999999963
2010-11-10,170.589996,173.369995,169.410004,173.330002,173.330002,5440300,3.0599980000000078
2010-11-11,171.0,172.050003,169.419998,170.369995,170.369995,5691700,-2.9600070000000187
2010-11-12,170.119995,171.259995,165.050003,165.679993,165.679993,7160600,-4.690001999999994
2010-11-15,165.160004,165.350006,158.559998,158.899994,158.899994,9648600,-6.779999000000004
2010-11-16,158.740005,160.910004,156.770004,157.779999,157.779999,6571400,-1.1199949999999887
2010-11-17,157.839996,160.850006,157.550003,158.350006,158.350006,4524900,0.5700070000000039
2010-11-18,160.740005,165.0,160.740005,164.169998,164.169998,6225300,5.819991999999986
2010-11-19,163.949997,164.990005,162.839996,164.820007,164.820007,4464800,0.6500090000000114
2010-11-22,165.100006,170.600006,165.0,170.389999,170.389999,6142500,5.569991999999986
2010-11-23,168.610001,168.809998,164.619995,168.199997,168.199997,6465300,-2.1900019999999927
2010-11-24,171.529999,177.889999,171.529999,177.25,177.25,10042500,9.050003000000004
2010-11-26,177.360001,178.380005,176.160004,177.199997,177.199997,4271600,-0.050003000000003794
2010-11-29,179.990005,181.839996,177.570007,179.490005,179.490005,9695000,2.2900080000000003
2010-11-30,176.949997,177.699997,174.899994,175.399994,175.399994,6762200,-4.090011000000004
2010-12-01,179.160004,179.320007,176.0,176.550003,176.550003,5770100,1.1500090000000114
2010-12-02,176.860001,177.449997,173.919998,176.529999,176.529999,5537600,-0.020004000000000133
2010-12-03,175.5,176.399994,174.050003,175.679993,175.679993,4907500,-0.8500060000000076
2010-12-06,175.520004,178.429993,174.600006,178.050003,178.050003,5654200,2.370010000000008
2010-12-07,180.5,181.470001,176.570007,176.770004,176.770004,5077100,-1.2799990000000037
2010-12-08,177.490005,178.160004,175.199997,176.28999299999995,176.28999299999995,3726900,-0.4800110000000189
2010-12-09,177.770004,178.110001,173.800003,174.850006,174.850006,4555500,-1.4399869999999737
2010-12-10,174.880005,175.949997,173.360001,175.619995,175.619995,3565500,0.7699889999999812
2010-12-13,176.330002,177.940002,173.729996,174.25,174.25,4202500,-1.3699949999999887
2010-12-14,174.279999,175.759995,173.089996,173.940002,173.940002,3685300,-0.3099980000000073
2010-12-15,173.720001,179.0,173.589996,175.570007,175.570007,5810500,1.6300050000000113
2010-12-16,175.580002,178.300003,175.03999299999995,178.03999299999995,178.03999299999995,4121500,2.4699859999999774
2010-12-17,178.410004,178.75,177.020004,177.580002,177.580002,4507300,-0.4599909999999738
2010-12-20,179.270004,183.979996,178.03999299999995,183.289993,183.289993,8735300,5.709990999999974
2010-12-21,183.880005,185.649994,182.600006,184.75,184.75,5111000,1.4600070000000187
2010-12-22,185.0,185.449997,184.110001,184.759995,184.759995,2578100,0.009995000000003529
2010-12-23,184.339996,184.979996,181.889999,182.589996,182.589996,3358200,-2.1699990000000184
2010-12-27,181.899994,183.139999,180.449997,182.139999,182.139999,2249400,-0.4499969999999962
2010-12-28,182.100006,182.770004,181.050003,181.089996,181.089996,1975000,-1.0500030000000038
2010-12-29,181.800003,184.350006,180.410004,183.369995,183.369995,3120100,2.279999000000004
2010-12-30,183.919998,184.550003,182.75,182.75,182.75,1961200,-0.6199949999999887
2010-12-31,181.960007,182.300003,179.509995,180.0,180.0,3451900,-2.75
2011-01-03,181.369995,186.0,181.210007,184.220001,184.220001,5331400,4.2200009999999955
2011-01-04,186.149994,187.699997,183.779999,185.009995,185.009995,5031800,0.7899940000000072
2011-01-05,184.100006,187.449997,184.070007,187.419998,187.419998,3418800,2.4100029999999895
2011-01-06,186.5,187.410004,185.25,185.860001,185.860001,3179700,-1.5599969999999814
2011-01-07,187.880005,188.449997,183.740005,185.490005,185.490005,5221700,-0.36999600000001465
2011-01-10,185.039993,185.289993,182.509995,184.679993,184.679993,3375900,-0.8100120000000004
2011-01-11,185.419998,186.0,183.210007,184.339996,184.339996,2814200,-0.33999700000001093
2011-01-12,185.360001,185.380005,183.300003,184.080002,184.080002,2679100,-0.25999399999997763
2011-01-13,183.600006,186.449997,183.509995,185.529999,185.529999,3367000,1.4499969999999962
2011-01-14,185.5,188.940002,184.919998,188.75,188.75,3662800,3.2200009999999963
2011-01-18,188.660004,191.600006,188.25,191.25,191.25,3896200,2.5
2011-01-19,190.899994,191.0,186.210007,186.869995,186.869995,3882400,-4.380005000000011
2011-01-20,185.289993,186.850006,181.0,181.960007,181.960007,5709900,-4.90998799999997
2011-01-21,183.0,183.25,176.839996,177.419998,177.419998,6806200,-4.540009000000026
2011-01-24,177.949997,178.490005,174.149994,176.850006,176.850006,5600300,-0.569991999999985
2011-01-25,175.5,176.75,174.279999,176.699997,176.699997,4651000,-0.15000900000001138
2011-01-26,177.509995,177.889999,174.630005,175.389999,175.389999,3762200,-1.309998000000007
2011-01-27,177.479996,185.0,177.309998,184.449997,184.449997,14594400,9.059998000000009
2011-01-28,171.449997,173.71000700000005,166.899994,171.139999,171.139999,19908200,-13.309998000000007
2011-01-31,170.160004,171.440002,167.410004,169.639999,169.639999,6718100,-1.5
2011-02-01,170.520004,173.100006,169.509995,172.110001,172.110001,5085900,2.4700020000000222
2011-02-02,171.419998,175.199997,170.869995,173.529999,173.529999,4547500,1.4199979999999923
2011-02-03,173.5,174.669998,171.949997,173.71000700000005,173.71000700000005,3678900,0.18000800000001504
2011-02-04,174.0,177.190002,173.75,175.929993,175.929993,4347800,2.2199859999999774
2011-02-07,176.149994,177.550003,174.770004,176.429993,176.429993,5254700,0.5
2011-02-08,176.660004,183.110001,176.589996,183.059998,183.059998,7794900,6.630005000000012
2011-02-09,183.149994,186.470001,182.259995,185.300003,185.300003,8312700,2.2400049999999965
2011-02-10,184.389999,187.240005,183.600006,186.210007,186.210007,5331400,0.9100040000000148
2011-02-11,185.559998,189.5,185.369995,189.25,189.25,4487900,3.0399929999999813
2011-02-14,189.25,191.399994,188.350006,190.419998,190.419998,4061300,1.1699979999999923
2011-02-15,188.729996,190.490005,188.25,189.029999,189.029999,3890900,-1.3899989999999889
2011-02-16,189.770004,190.0,186.350006,186.619995,186.619995,4628200,-2.4100040000000154
2011-02-17,185.770004,189.089996,185.309998,187.759995,187.759995,3425500,1.1400000000000148
2011-02-18,187.539993,188.5,185.130005,186.5,186.5,4178600,-1.2599950000000035
2011-02-22,183.679993,184.720001,179.320007,180.419998,180.419998,5637100,-6.080002000000008
2011-02-23,180.25,181.149994,174.389999,176.679993,176.679993,5482000,-3.740004999999997
2011-02-24,176.860001,179.75,174.559998,177.75,177.75,4656500,1.070007000000004
2011-02-25,178.949997,180.75,177.100006,177.240005,177.240005,4191400,-0.5099950000000035
2011-02-28,173.910004,175.889999,172.149994,173.28999299999995,173.28999299999995,6783200,-3.9500120000000147
2011-03-01,173.529999,173.96000700000005,168.669998,169.440002,169.440002,5847100,-3.8499909999999886
2011-03-02,169.089996,173.300003,168.350006,172.020004,172.020004,5185700,2.5800020000000075
2011-03-03,173.71000700000005,174.46000700000005,172.050003,172.78999299999995,172.78999299999995,4138200,0.7699889999999812
2011-03-04,172.619995,172.75,169.509995,171.669998,171.669998,4924300,-1.1199949999999887
2011-03-07,171.919998,172.089996,166.240005,169.080002,169.080002,5932900,-2.5899959999999846
2011-03-08,169.389999,169.71000700000005,166.720001,166.889999,166.889999,4219000,-2.1900030000000186
2011-03-09,166.669998,169.75,163.899994,169.050003,169.050003,7108900,2.160004000000015
2011-03-10,167.070007,168.470001,164.820007,166.139999,166.139999,5998400,-2.910004000000015
2011-03-11,165.5,169.199997,164.119995,168.070007,168.070007,4609900,1.9300080000000148
2011-03-14,166.600006,168.080002,164.570007,166.729996,166.729996,4022000,-1.3400110000000043
2011-03-15,161.389999,166.880005,160.759995,165.080002,165.080002,4934500,-1.6499939999999924
2011-03-16,164.699997,168.139999,162.869995,164.699997,164.699997,5208100,-0.3800050000000113
2011-03-17,165.910004,166.300003,160.779999,160.970001,160.970001,6471400,-3.729996
2011-03-18,161.190002,163.53999299999995,160.589996,161.820007,161.820007,7442700,0.8500060000000076
2011-03-21,163.369995,165.78999299999995,161.720001,164.520004,164.520004,4055100,2.6999969999999958
2011-03-22,164.070007,164.440002,162.25,162.600006,162.600006,3611400,-1.9199979999999923
2011-03-23,162.300003,166.259995,160.820007,165.320007,165.320007,4721300,2.7200009999999963
2011-03-24,168.21000700000005,172.0,167.360001,171.100006,171.100006,6283200,5.779999000000004
2011-03-25,171.639999,173.490005,170.300003,170.979996,170.979996,4293800,-0.12001000000000772
2011-03-28,171.800003,172.5,169.25,169.350006,169.350006,3400800,-1.6299899999999925
2011-03-29,170.729996,174.839996,170.070007,174.619995,174.619995,4884600,5.269988999999981
2011-03-30,177.779999,181.160004,177.660004,179.419998,179.419998,6859300,4.800003000000004
2011-03-31,179.309998,181.570007,178.5,180.130005,180.130005,4826500,0.7100070000000187
2011-04-01,181.580002,183.25,178.589996,180.130005,180.130005,5684100,0.0
2011-04-04,180.889999,183.610001,180.690002,182.940002,182.940002,4186400,2.809996999999981
2011-04-05,182.100006,186.360001,181.800003,185.289993,185.289993,5569200,2.3499909999999886
2011-04-06,186.149994,188.270004,181.119995,182.759995,182.759995,5430700,-2.5299979999999778
2011-04-07,182.779999,185.169998,181.759995,184.910004,184.910004,4564000,2.1500090000000114
2011-04-08,185.259995,186.220001,182.779999,184.710007,184.710007,3726400,-0.1999969999999962
2011-04-11,184.860001,186.490005,181.850006,184.039993,184.039993,3297100,-0.6700140000000374
2011-04-12,183.059998,184.589996,179.419998,180.479996,180.479996,5334500,-3.559996999999981
2011-04-13,180.830002,182.880005,179.800003,182.289993,182.289993,4216300,1.8099969999999812
2011-04-14,181.389999,182.080002,179.360001,181.820007,181.820007,3588200,-0.4699859999999774
2011-04-15,181.0,181.779999,179.020004,180.009995,180.009995,4272400,-1.8100120000000004
2011-04-18,178.380005,178.910004,175.369995,178.339996,178.339996,4616500,-1.6699990000000184
2011-04-19,178.350006,179.470001,176.600006,178.820007,178.820007,2646000,0.4800110000000189
2011-04-20,181.619995,185.0,181.589996,183.869995,183.869995,4067500,5.049987999999985
2011-04-21,184.559998,185.970001,183.050003,185.889999,185.889999,3348100,2.020004
2011-04-25,185.649994,186.350006,183.770004,185.419998,185.419998,3438100,-0.4700009999999963
2011-04-26,186.270004,186.419998,180.740005,182.300003,182.300003,11200000,-3.1199949999999887
2011-04-27,183.199997,197.800003,182.75,196.630005,196.630005,23623000,14.330002000000007
2011-04-28,195.960007,196.789993,192.270004,195.070007,195.070007,7300000,-1.559998000000007
2011-04-29,194.380005,196.589996,193.779999,195.809998,195.809998,6640900,0.7399910000000034
2011-05-02,196.570007,203.419998,196.179993,201.190002,201.190002,9398100,5.380003999999985
2011-05-03,201.0,202.589996,196.690002,198.449997,198.449997,6100000,-2.7400049999999965
2011-05-04,198.25,201.860001,195.369995,199.970001,199.970001,6550000,1.520004
2011-05-05,198.660004,201.0,196.119995,197.110001,197.110001,4600000,-2.859999999999985
2011-05-06,199.100006,199.559998,196.559998,197.600006,197.600006,4013900,0.4900049999999965
2011-05-09,198.339996,202.360001,196.779999,200.800003,200.800003,5825400,3.1999969999999958
2011-05-10,201.940002,205.289993,201.559998,203.940002,203.940002,5885900,3.139998999999989
2011-05-11,203.119995,205.5,202.25,204.380005,204.380005,4809000,0.4400030000000186
2011-05-12,204.220001,206.190002,200.619995,206.070007,206.070007,4800000,1.690001999999993
2011-05-13,205.699997,206.389999,202.360001,202.559998,202.559998,4123700,-3.5100089999999966
2011-05-16,200.539993,200.899994,191.369995,192.509995,192.509995,9386400,-10.050003000000004
2011-05-17,191.820007,195.979996,191.759995,194.809998,194.809998,7073300,2.300003000000004
2011-05-18,194.130005,198.279999,193.25,197.089996,197.089996,4955800,2.2799979999999778
2011-05-19,198.330002,199.949997,197.550003,198.800003,198.800003,3701200,1.7100070000000187
2011-05-20,197.949997,199.800003,197.240005,198.649994,198.649994,3381000,-0.15000900000001138
2011-05-23,195.559998,197.289993,192.020004,196.220001,196.220001,4200000,-2.429992999999996
2011-05-24,197.0,197.0,193.0,193.270004,193.270004,2972700,-2.9499969999999958
2011-05-25,193.570007,194.350006,191.139999,192.259995,192.259995,4661300,-1.0100089999999966
2011-05-26,191.240005,196.449997,190.880005,195.0,195.0,4075200,2.7400049999999965
2011-05-27,194.759995,196.119995,193.5,194.130005,194.130005,2352600,-0.8699949999999887
2011-05-31,195.940002,198.440002,195.029999,196.690002,196.690002,3409000,2.559996999999981
2011-06-01,196.059998,197.259995,192.050003,192.399994,192.399994,3445200,-4.290008
2011-06-02,192.279999,194.440002,190.559998,193.649994,193.649994,3044900,1.25
2011-06-03,191.229996,193.210007,187.619995,188.320007,188.320007,4974500,-5.3299869999999885
2011-06-06,188.009995,189.850006,185.179993,185.690002,185.690002,3716000,-2.6300050000000117
2011-06-07,185.720001,190.630005,185.520004,187.550003,187.550003,4866500,1.8600010000000111
2011-06-08,187.449997,189.809998,186.320007,188.050003,188.050003,3716600,0.5
2011-06-09,189.740005,191.759995,185.710007,189.679993,189.679993,4187300,1.6299899999999925
2011-06-10,189.25,190.770004,186.279999,186.529999,186.529999,3760400,-3.1499939999999924
2011-06-13,186.809998,189.309998,184.860001,186.289993,186.289993,3868900,-0.2400060000000224
2011-06-14,188.990005,190.720001,187.070007,189.960007,189.960007,3960300,3.670014000000037
2011-06-15,188.039993,192.449997,185.300003,185.979996,185.979996,6317700,-3.9800110000000184
2011-06-16,185.740005,187.0,181.589996,183.649994,183.649994,6032100,-2.3300020000000075
2011-06-17,186.509995,187.389999,184.639999,186.369995,186.369995,6322200,2.7200009999999963
2011-06-20,185.960007,188.850006,185.570007,187.720001,187.720001,2831700,1.3500060000000076
2011-06-21,188.300003,195.0,187.119995,194.229996,194.229996,4182600,6.509995000000004
2011-06-22,193.960007,195.199997,191.320007,191.630005,191.630005,3129700,-2.5999909999999886
2011-06-23,189.5,194.460007,188.300003,194.160004,194.160004,4609600,2.529999000000004
2011-06-24,193.880005,194.919998,191.350006,192.550003,192.550003,3614500,-1.6100010000000111
2011-06-27,194.5,202.580002,194.029999,201.25,201.25,6100700,8.699996999999996
2011-06-28,201.919998,202.880005,200.600006,202.350006,202.350006,3825300,1.1000060000000076
2011-06-29,202.669998,206.25,201.029999,204.179993,204.179993,4608900,1.8299869999999885
2011-06-30,200.779999,205.199997,200.5,204.490005,204.490005,4448100,0.3100120000000004
2011-07-01,205.550003,210.270004,203.610001,209.490005,209.490005,4008700,5.0
2011-07-05,208.759995,214.449997,208.729996,213.190002,213.190002,3585200,3.6999969999999958
2011-07-06,212.119995,214.399994,211.00999500000003,214.190002,214.190002,2607600,1.0
2011-07-07,215.089996,217.800003,215.089996,216.740005,216.740005,3144900,2.550002999999976
2011-07-08,214.300003,218.320007,213.25,218.27999900000003,218.27999900000003,3707900,1.539994000000064
2011-07-11,216.740005,217.5,211.0,212.550003,212.550003,4033700,-5.729996000000058
2011-07-12,214.639999,215.649994,211.119995,211.229996,211.229996,3985700,-1.3200069999999755
2011-07-13,214.699997,216.830002,212.139999,213.5,213.5,4229900,2.270004
2011-07-14,213.580002,215.910004,209.380005,210.380005,210.380005,3902500,-3.119995000000017
2011-07-15,213.080002,214.52999900000003,209.289993,212.869995,212.869995,4072600,2.4899900000000343
2011-07-18,212.52999900000003,213.389999,208.289993,211.52999900000003,211.52999900000003,2898100,-1.339995999999985
2011-07-19,213.770004,218.399994,213.770004,218.059998,218.059998,4437200,6.529998999999975
2011-07-20,220.050003,220.199997,214.410004,215.550003,215.550003,3372900,-2.5099950000000315
2011-07-21,216.740005,217.089996,211.070007,213.210007,213.210007,4545300,-2.3399959999999846
2011-07-22,213.860001,217.949997,211.110001,216.520004,216.520004,3591700,3.3099970000000094
2011-07-25,215.490005,216.080002,213.0,213.490005,213.490005,3342800,-3.0299990000000316
2011-07-26,214.990005,215.600006,210.350006,214.179993,214.179993,9863600,0.6899880000000564
2011-07-27,224.389999,227.199997,219.619995,222.520004,222.520004,12955600,8.340010999999976
2011-07-28,223.270004,225.949997,220.229996,223.899994,223.899994,5354900,1.3799899999999925
2011-07-29,221.289993,225.75,219.50999500000003,222.520004,222.520004,5167700,-1.3799899999999925
2011-08-01,225.0,227.449997,217.660004,221.320007,221.320007,5789300,-1.1999970000000246
2011-08-02,220.320007,222.429993,211.300003,211.699997,211.699997,6586700,-9.620009999999949
2011-08-03,212.970001,214.830002,205.539993,209.960007,209.960007,8197100,-1.7399900000000343
2011-08-04,206.729996,208.0,201.449997,201.479996,201.479996,6579500,-8.48001099999999
2011-08-05,204.669998,207.320007,194.839996,202.699997,202.699997,10024000,1.2200009999999963
2011-08-08,196.399994,200.389999,190.050003,193.699997,193.699997,10427500,-9.0
2011-08-09,196.699997,205.089996,190.460007,205.089996,205.089996,10491200,11.389998999999989
2011-08-10,200.759995,202.399994,193.600006,194.130005,194.130005,8757600,-10.959990999999974
2011-08-11,197.009995,200.850006,191.360001,198.360001,198.360001,7401900,4.229996
2011-08-12,200.279999,204.559998,197.210007,202.300003,202.300003,5620400,3.9400019999999927
2011-08-15,202.059998,205.279999,198.320007,202.949997,202.949997,4785900,0.6499939999999924
2011-08-16,201.139999,201.389999,194.75,197.679993,197.679993,5205900,-5.270004
2011-08-17,198.529999,199.600006,193.740005,195.929993,195.929993,3991100,-1.75
2011-08-18,191.210007,191.339996,179.720001,182.520004,182.520004,8275200,-13.409988999999996
2011-08-19,180.289993,190.0,177.550003,178.929993,178.929993,7244200,-3.590011000000004
2011-08-22,182.830002,184.199997,177.100006,177.53999299999995,177.53999299999995,5313700,-1.3900000000000148
2011-08-23,178.919998,194.839996,178.520004,193.550003,193.550003,7351600,16.010010000000026
2011-08-24,193.889999,196.309998,190.169998,193.729996,193.729996,6248700,0.17999299999999607
2011-08-25,194.410004,196.990005,191.070007,192.029999,192.029999,3760800,-1.6999969999999962
2011-08-26,191.240005,199.720001,189.600006,199.270004,199.270004,5310700,7.2400049999999965
2011-08-29,202.820007,206.669998,202.550003,206.529999,206.529999,4511000,7.2599950000000035
2011-08-30,205.779999,212.490005,204.320007,210.919998,210.919998,5915700,4.389998999999989
2011-08-31,212.270004,216.169998,211.350006,215.229996,215.229996,7405000,4.309998000000006
2011-09-01,215.27999900000003,217.639999,211.619995,212.539993,212.539993,5275300,-2.6900029999999906
2011-09-02,208.940002,210.690002,207.0,210.0,210.0,4232000,-2.5399930000000097
2011-09-06,204.770004,216.600006,204.470001,216.179993,216.179993,6216200,6.1799930000000245
2011-09-07,218.800003,220.190002,214.220001,219.899994,219.899994,5295800,3.7200009999999684
2011-09-08,218.300003,220.639999,216.339996,217.25999500000003,217.25999500000003,4397900,-2.6399989999999605
2011-09-09,215.050003,216.960007,209.75,211.389999,211.389999,4574300,-5.869996000000015
2011-09-12,208.75,216.660004,208.649994,216.559998,216.559998,5342100,5.16999899999999
2011-09-13,217.789993,219.949997,215.00999500000003,219.52999900000003,219.52999900000003,4835900,2.9700010000000248
2011-09-14,220.220001,224.990005,216.720001,222.570007,222.570007,5881700,3.0400079999999434
2011-09-15,223.990005,227.199997,221.25,226.77999900000003,226.77999900000003,5608800,4.209992000000057
2011-09-16,227.570007,240.440002,226.740005,239.300003,239.300003,11753000,12.520003999999945
2011-09-19,237.110001,244.0,232.880005,241.690002,241.690002,8223300,2.3899990000000173
2011-09-20,240.800003,241.050003,231.02999900000003,233.25,233.25,7385500,-8.440001999999991
2011-09-21,234.50999500000003,240.520004,231.809998,231.869995,231.869995,5881500,-1.3800049999999828
2011-09-22,224.720001,228.789993,219.0,223.229996,223.229996,8254600,-8.639999000000017
2011-09-23,220.50999500000003,224.490005,219.059998,223.610001,223.610001,6468100,0.3800049999999828
2011-09-26,227.479996,230.240005,221.399994,229.850006,229.850006,5794100,6.240005000000025
2011-09-27,234.220001,234.75,222.399994,224.210007,224.210007,7837500,-5.639999000000018
2011-09-28,226.350006,235.809998,225.600006,229.710007,229.710007,14436900,5.5
2011-09-29,234.169998,234.300003,216.289993,222.440002,222.440002,9378500,-7.270004999999998
2011-09-30,218.190002,223.0,215.210007,216.229996,216.229996,6550300,-6.210005999999992
2011-10-03,217.00999500000003,221.600006,211.389999,211.979996,211.979996,6624400,-4.25
2011-10-04,209.619995,215.0,200.429993,212.5,212.5,8711600,0.5200040000000001
2011-10-05,212.52999900000003,220.169998,208.479996,219.5,219.5,6508200,7.0
2011-10-06,220.27999900000003,223.619995,217.550003,221.50999500000003,221.50999500000003,6849300,2.009995000000032
2011-10-07,222.479996,227.899994,218.410004,224.740005,224.740005,6784300,3.230009999999936
2011-10-10,226.229996,232.800003,224.100006,231.320007,231.320007,5143100,6.580002000000008
2011-10-11,230.600006,236.75,229.0,235.479996,235.479996,5003700,4.1599890000000235
2011-10-12,236.639999,241.839996,234.330002,236.809998,236.809998,6510800,1.3300020000000077
2011-10-13,237.0,239.679993,235.229996,236.149994,236.149994,4833500,-0.6600040000000149
2011-10-14,240.869995,246.710007,240.179993,246.710007,246.710007,5923700,10.560012999999998
2011-10-17,244.289993,246.710007,240.669998,242.330002,242.330002,4779000,-4.380004999999983
2011-10-18,242.309998,244.610001,236.619995,243.880005,243.880005,4609700,1.5500029999999754
2011-10-19,240.669998,243.330002,229.25,231.52999900000003,231.52999900000003,6715100,-12.35000599999995
2011-10-20,232.130005,234.740005,229.800003,233.610001,233.610001,4524900,2.0800019999999506
2011-10-21,236.910004,237.0,230.600006,234.77999900000003,234.77999900000003,4572500,1.1699980000000494
2011-10-24,236.020004,240.470001,234.0,237.610001,237.610001,4975800,2.8300019999999506
2011-10-25,238.589996,239.00999500000003,225.889999,227.149994,227.149994,14012600,-10.46000699999999
2011-10-26,203.690002,207.580002,196.509995,198.399994,198.399994,24134200,-28.75
2011-10-27,204.259995,208.600006,201.100006,206.779999,206.779999,10774300,8.380005000000011
2011-10-28,206.529999,218.399994,205.75,217.320007,217.320007,9880400,10.540007999999972
2011-10-31,215.789993,218.889999,213.039993,213.50999500000003,213.50999500000003,7343300,-3.810011999999944
2011-11-01,208.110001,216.210007,207.429993,212.100006,212.100006,8511800,-1.4099890000000244
2011-11-02,215.550003,216.789993,212.720001,215.619995,215.619995,6122000,3.5199890000000096
2011-11-03,216.300003,218.5,213.020004,218.289993,218.289993,5315000,2.6699979999999925
2011-11-04,217.649994,218.229996,214.330002,216.479996,216.479996,4065800,-1.8099970000000096
2011-11-07,216.839996,220.199997,214.0,217.0,217.0,3860000,0.5200040000000001
2011-11-08,219.199997,219.350006,215.210007,217.990005,217.990005,3914500,0.9900049999999679
2011-11-09,214.949997,215.699997,210.600006,211.220001,211.220001,4680600,-6.770003999999999
2011-11-10,213.5,214.059998,208.100006,210.789993,210.789993,5044600,-0.4300079999999582
2011-11-11,212.520004,217.880005,210.309998,217.389999,217.389999,5163100,6.6000060000000085
2011-11-14,215.649994,222.350006,214.25,218.929993,218.929993,6522200,1.5399940000000072
2011-11-15,218.0,220.330002,214.25999500000003,217.830002,217.830002,5739000,-1.099991000000017
2011-11-16,216.270004,216.970001,211.229996,211.990005,211.990005,5509400,-5.839997000000039
2011-11-17,212.50999500000003,212.899994,202.100006,204.520004,204.520004,7983100,-7.470000999999968
2011-11-18,205.330002,205.339996,197.110001,197.139999,197.139999,8437500,-7.380005000000012
2011-11-21,193.289993,193.360001,185.050003,189.25,189.25,11321200,-7.889998999999988
2011-11-22,186.949997,194.039993,183.580002,192.339996,192.339996,9915600,3.089995999999985
2011-11-23,193.059998,194.600006,187.889999,188.990005,188.990005,8011300,-3.3499909999999886
2011-11-25,190.410004,190.830002,181.509995,182.399994,182.399994,4972000,-6.590011000000003
2011-11-28,191.649994,194.619995,190.539993,194.149994,194.149994,7207300,11.75
2011-11-29,194.779999,195.5,187.300003,188.389999,188.389999,6575100,-5.759995000000004
2011-11-30,194.759995,195.300003,188.75,192.289993,192.289993,7717000,3.899993999999992
2011-12-01,191.850006,198.070007,191.589996,197.130005,197.130005,7327700,4.84001200000003
2011-12-02,197.070007,199.660004,195.179993,196.029999,196.029999,7526200,-1.1000060000000076
2011-12-05,198.860001,199.0,193.669998,196.240005,196.240005,5922100,0.2100059999999928
2011-12-06,195.979996,198.320007,190.110001,191.990005,191.990005,5202000,-4.25
2011-12-07,191.029999,196.710007,189.119995,195.320007,195.320007,6427300,3.3300020000000075
2011-12-08,193.570007,195.889999,190.080002,190.479996,190.479996,4361100,-4.840011000000004
2011-12-09,191.210007,193.949997,188.399994,193.029999,193.029999,5158800,2.550003000000004
2011-12-12,190.029999,191.149994,187.630005,189.520004,189.520004,4343200,-3.5099950000000035
2011-12-13,188.559998,189.679993,178.5,180.509995,180.509995,9297300,-9.010008999999997
2011-12-14,179.0,180.75,170.25,180.210007,180.210007,11614200,-0.2999879999999848
2011-12-15,182.050003,184.800003,179.529999,181.259995,181.259995,7259900,1.0499879999999848
2011-12-16,182.419998,184.410004,180.309998,181.259995,181.259995,6664100,0.0
2011-12-19,182.0,183.169998,179.0,179.330002,179.330002,4533600,-1.9299929999999959
2011-12-20,182.690002,183.169998,180.539993,182.520004,182.520004,4600100,3.1900019999999927
2011-12-21,181.919998,183.5,172.490005,174.350006,174.350006,8066700,-8.16999799999999
2011-12-22,175.089996,179.669998,174.21000700000005,179.029999,179.029999,4694900,4.679992999999996
2011-12-23,179.220001,179.679993,175.600006,177.279999,177.279999,3496500,-1.75
2011-12-27,177.729996,178.589996,176.160004,176.270004,176.270004,2950900,-1.0099950000000035
2011-12-28,176.389999,176.649994,172.279999,173.889999,173.889999,3659500,-2.3800050000000117
2011-12-29,169.619995,174.550003,166.970001,173.860001,173.860001,8209300,-0.02999799999997776
2011-12-30,173.360001,175.169998,172.490005,173.100006,173.100006,4279800,-0.7599950000000035
