date,VIX,Gold,T-Bonds,Junk Bonds,Oil
2014-10-20,97500.0,119.8,29.18,121.08,33.78
2014-10-21,83000.0,120.02,29.14,121.59,34.17
2014-10-22,95250.0,119.34,29.01,120.75,33.53
2014-10-23,84750.0,118.52,28.96,120.84,34.37
2014-10-24,82750.0,118.35,28.96,121.32,34.17
2014-10-27,81000.0,118.06,29.06,120.93,33.81
2014-10-28,71000.0,118.1,29.1,120.93,34.03
2014-10-29,73000.0,116.41,28.88,121.14,34.55
2014-10-30,73500.0,115.19,28.82,121.08,34.07
2014-10-31,70000.0,112.66,28.59,121.08,34.07
2014-11-03,72250.0,112.15,28.34,120.75,33.35
2014-11-04,71250.0,112.22,28.42,120.36,32.72
2014-11-05,69750.0,109.79,28.25,120.24,33.01
2014-11-06,66250.0,109.88,28.05,120.48,32.8
2014-11-07,64750.0,112.97,28.2,120.54,32.91
2014-11-10,60500.0,110.46,28.13,120.57,32.57
2014-11-11,59750.0,112.04,28.19,120.81,32.2
2014-11-12,61500.0,111.5,28.14,120.6,31.74
2014-11-13,62500.0,111.67,28.17,119.97,30.64
2014-11-14,63000.0,114.47,28.23,119.58,31.34
2014-11-17,63000.0,114.05,28.14,119.37,31.15
2014-11-18,61500.0,115.05,28.2,119.13,30.86
2014-11-19,63250.0,113.68,28.08,119.01,30.73
2014-11-20,62250.0,114.86,28.16,118.95,31.18
2014-11-21,60500.0,115.39,28.07,119.61,31.69
2014-11-24,58500.0,115.11,28.1,119.64,31.33
2014-11-25,57500.0,115.38,28.23,119.82,30.72
2014-11-26,55500.0,115.16,28.31,119.94,30.5
2014-11-28,57750.0,112.11,28.2,118.74,27.97
2014-12-01,62000.0,116.58,28.27,117.27,28.61
2014-12-02,56250.0,115.14,28.02,117.63,27.88
2014-12-03,54500.0,116.33,27.92,117.63,27.51
2014-12-04,53750.0,115.88,27.99,117.51,27.35
2014-12-05,52000.0,114.43,27.74,117.39,27.08
2014-12-08,55250.0,115.78,27.84,116.67,26.05
2014-12-09,56000.0,118.19,28.02,116.34,26.27
2014-12-10,67000.0,117.96,28.18,114.96,25.41
2014-12-11,75250.0,117.69,28.07,114.24,24.98
2014-12-12,83000.0,117.41,28.17,112.89,24.2
2014-12-15,78750.0,114.39,28.14,113.22,23.68
2014-12-16,86000.0,114.95,28.38,112.38,23.48
2014-12-17,69000.0,114.27,28.07,114.51,23.76
2014-12-18,64500.0,115.15,28.0,115.32,23.27
2014-12-19,63250.0,114.77,27.96,116.67,24.31
2014-12-22,57750.0,112.55,27.97,116.52,23.47
2014-12-23,57750.0,112.74,27.78,116.88,24.11
2014-12-24,57250.0,112.77,27.85,117.21,23.58
2014-12-26,58250.0,114.83,27.82,116.85,23.27
2014-12-29,57500.0,113.67,27.61,116.43,22.65
2014-12-30,60250.0,115.2,27.78,116.34,22.47
2014-12-31,69000.0,113.58,27.67,115.83,22.7
2015-01-02,66500.0,114.08,27.55,116.04,22.02
2015-01-05,76250.0,115.8,27.49,115.23,20.7
2015-01-06,80250.0,117.12,27.57,114.69,19.92
2015-01-07,74750.0,116.43,27.5,115.32,19.97
2015-01-08,66000.0,115.94,27.46,116.1,20.01
2015-01-09,70250.0,117.26,27.56,116.73,19.66
2015-01-12,76750.0,118.56,27.64,116.61,18.68
2015-01-13,81500.0,118.16,27.6,116.49,18.52
2015-01-14,84500.0,117.97,27.74,116.22,19.07
2015-01-15,89500.0,120.94,27.73,115.56,18.46
2015-01-16,85750.0,122.52,27.64,115.89,19.17
2015-01-20,84250.0,124.2,27.46,115.89,18.49
2015-01-21,76750.0,124.23,27.51,116.34,18.75
2015-01-22,67500.0,125.23,27.21,116.49,18.73
2015-01-23,70500.0,124.23,27.19,116.52,18.69
2015-01-26,64750.0,122.99,27.17,117.21,18.46
2015-01-27,69250.0,124.4,27.3,117.06,18.88
2015-01-28,80000.0,123.42,27.22,116.61,18.56
2015-01-29,74750.0,120.76,27.11,117.06,18.84
2015-01-30,88500.0,123.45,27.23,116.82,20.03
2015-02-02,79750.0,122.42,27.31,116.52,21.01
2015-02-03,72750.0,121.05,27.45,117.09,22.07
2015-02-04,76250.0,121.58,27.32,116.76,21.01
2015-02-05,71500.0,121.79,27.47,117.45,21.72
2015-02-06,76500.0,118.64,27.1,117.69,22.17
2015-02-09,77500.0,119.17,27.06,117.57,22.28
2015-02-10,72000.0,118.47,26.98,117.9,21.84
2015-02-11,72750.0,117.07,26.82,117.93,21.21
2015-02-12,65500.0,117.34,27.12,117.99,22.27
2015-02-13,64250.0,117.98,27.08,118.29,23.05
2015-02-17,64500.0,116.01,27.02,118.23,23.39
2015-02-18,63250.0,116.34,27.07,118.53,22.59
2015-02-19,60500.0,115.94,26.96,118.41,22.64
2015-02-20,57000.0,115.28,26.97,118.65,22.6
2015-02-23,57500.0,115.43,26.98,118.77,22.16
2015-02-24,53250.0,115.26,27.05,118.98,22.06
2015-02-25,54250.0,115.7,27.16,119.04,23.18
2015-02-26,52000.0,116.07,26.91,119.19,22.8
2015-02-27,52000.0,116.16,26.94,119.34,23.34
2015-03-02,49750.0,115.68,26.8,118.74,22.53
2015-03-03,50750.0,115.47,26.79,118.38,22.94
2015-03-04,50250.0,115.11,26.65,118.2,22.69
2015-03-05,49500.0,115.0,26.59,118.32,22.74
2015-03-06,52500.0,111.86,26.22,117.66,22.4
2015-03-09,50750.0,111.97,26.26,117.57,22.01
2015-03-10,53500.0,111.42,26.05,117.3,21.23
2015-03-11,55500.0,110.75,25.93,117.48,21.64
2015-03-12,50250.0,110.72,26.09,117.75,21.33
2015-03-13,51750.0,110.88,25.81,117.21,20.39
2015-03-16,50250.0,110.81,25.98,117.0,20.11
2015-03-17,49250.0,110.21,25.99,116.43,19.88
2015-03-18,45750.0,112.37,26.54,117.45,21.07
2015-03-19,44750.0,112.29,26.25,116.55,20.16
2015-03-20,43250.0,113.57,26.57,117.39,20.47
2015-03-23,42250.0,114.29,26.9,117.57,20.77
2015-03-24,41250.0,114.57,26.84,117.66,20.51
2015-03-25,44750.0,114.73,26.87,117.42,20.89
2015-03-26,44000.0,115.48,26.77,117.45,21.95
2015-03-27,43000.0,115.06,26.79,117.42,20.87
2015-03-30,40500.0,113.75,26.58,117.69,20.93
2015-03-31,42500.0,113.66,26.56,117.66,20.5
2015-04-01,42500.0,115.6,26.64,117.39,21.12
2015-04-02,40750.0,115.28,26.78,117.45,20.54
2015-04-06,39250.0,116.69,26.85,117.72,21.46
2015-04-07,38750.0,116.11,26.66,118.08,21.89
2015-04-08,37500.0,115.47,26.67,118.14,20.87
2015-04-09,35000.0,114.67,26.4,118.08,21.08
2015-04-10,31875.0,115.97,26.35,118.2,21.5
2015-04-13,33500.0,115.14,26.3,118.26,21.54
2015-04-14,32750.0,114.44,26.5,118.41,21.8
2015-04-15,31250.0,115.43,26.62,118.71,22.87
2015-04-16,30000.0,115.03,26.79,118.59,23.26
2015-04-17,31875.0,115.6,26.86,118.23,23.22
2015-04-20,29750.0,114.72,26.68,118.59,23.11
2015-04-21,29750.0,115.38,26.62,118.65,22.6
2015-04-22,29500.0,113.83,26.59,118.62,22.89
2015-04-23,29000.0,114.66,26.72,118.59,23.6
2015-04-24,28250.0,113.05,26.84,118.74,23.77
2015-04-27,30000.0,115.33,26.91,118.83,23.54
2015-04-28,28000.0,116.33,27.02,118.74,23.52
2015-04-29,29500.0,115.51,27.09,118.47,23.86
2015-04-30,30500.0,113.47,27.08,118.32,24.3
2015-05-01,28250.0,113.08,26.91,118.02,24.28
2015-05-04,28250.0,114.1,26.78,118.11,24.22
2015-05-05,29500.0,114.42,26.72,118.02,24.57
2015-05-06,30750.0,114.36,26.82,117.66,24.58
2015-05-07,30000.0,113.42,26.76,117.57,23.78
2015-05-08,27250.0,113.97,26.81,118.32,23.84
2015-05-11,28500.0,113.53,26.63,117.81,23.6
2015-05-12,28250.0,114.5,26.67,117.78,24.1
2015-05-13,27500.0,116.55,26.81,117.6,24.1
2015-05-14,26250.0,117.18,26.96,118.23,24.03
2015-05-15,26000.0,117.53,27.14,118.35,24.07
2015-05-18,24235.0,117.52,26.85,118.11,23.89
2015-05-19,23275.0,115.89,26.61,117.87,23.12
2015-05-20,23250.0,116.08,26.54,117.87,23.31
2015-05-21,22000.0,115.69,26.57,117.99,23.94
2015-05-22,21965.0,115.6,26.37,118.14,23.59
2015-05-26,23450.0,113.91,26.1,117.96,22.98
2015-05-27,21750.0,113.89,26.11,118.26,22.42
2015-05-28,22250.0,114.02,26.12,118.14,22.58
2015-05-29,22275.0,114.1,26.21,118.26,23.55
2015-06-01,22000.0,114.0,25.97,117.66,23.4
2015-06-02,22550.0,114.46,26.15,117.54,23.6
2015-06-03,22000.0,113.64,26.11,116.94,22.98
2015-06-04,23482.5,112.84,26.09,116.67,22.43
2015-06-05,22650.0,112.24,25.76,116.4,22.74
2015-06-08,23250.0,112.57,25.96,116.28,22.58
2015-06-09,22847.5,112.82,25.95,116.1,23.2
2015-06-10,21037.5,113.78,26.12,116.1,23.57
2015-06-11,20242.5,113.26,26.15,116.37,23.36
2015-06-12,20660.0,113.23,26.09,116.07,22.96
2015-06-15,22222.5,113.73,26.1,115.47,22.77
2015-06-16,21417.5,113.32,26.08,115.95,22.72
2015-06-17,21250.0,113.85,26.26,115.89,22.68
2015-06-18,20000.0,115.32,26.32,116.19,22.79
2015-06-19,20375.0,115.12,26.34,116.1,22.38
2015-06-22,18752.5,113.64,26.28,116.55,22.52
2015-06-23,17500.0,112.89,26.04,116.52,22.96
2015-06-24,18100.0,112.59,26.03,116.31,22.6
2015-06-25,18425.0,112.44,26.06,116.13,22.48
2015-06-26,18200.0,112.56,25.92,115.74,22.48
2015-06-29,24350.0,113.07,26.12,114.9,22.05
2015-06-30,24000.0,112.37,26.01,115.29,22.57
2015-07-01,20725.0,111.98,25.84,114.9,22.11
2015-07-02,23250.0,111.76,25.85,115.11,22.02
2015-07-06,24450.0,112.06,25.86,114.81,20.23
2015-07-07,21975.0,110.76,25.85,114.69,20.42
2015-07-08,26275.0,111.09,26.04,113.97,20.38
2015-07-09,26775.0,111.36,25.93,114.27,20.78
2015-07-10,22525.0,111.49,25.92,114.78,20.81
2015-07-13,18150.0,110.99,25.79,114.9,20.55
2015-07-14,17825.0,110.74,25.82,114.87,20.65
2015-07-15,17700.0,110.16,25.81,114.9,20.2
2015-07-16,15450.0,109.76,25.7,115.02,20.14
2015-07-17,15125.0,108.65,25.71,114.6,20.14
2015-07-20,15000.0,105.7,25.64,114.36,19.93
2015-07-21,14725.0,105.37,25.8,114.0,20.12
2015-07-22,14575.0,104.8,25.75,113.4,19.76
2015-07-23,14925.0,104.33,25.87,113.46,19.49
2015-07-24,15900.0,105.35,25.86,113.04,19.3
2015-07-27,17575.0,104.86,26.0,112.56,18.69
2015-07-28,15025.0,105.02,25.98,112.95,18.73
2015-07-29,14550.0,105.17,25.87,113.64,18.9
2015-07-30,14300.0,104.27,25.81,113.97,18.82
2015-07-31,14250.0,104.93,25.96,113.91,18.28
2015-08-03,13850.0,104.1,25.91,113.01,17.53
2015-08-04,13850.0,104.31,25.77,113.04,17.7
2015-08-05,13700.0,103.93,25.63,112.98,17.56
2015-08-06,14725.0,104.39,25.69,112.53,17.49
2015-08-07,14375.0,104.65,25.79,112.08,17.15
2015-08-10,13325.0,105.72,25.85,112.26,17.71
2015-08-11,14475.0,106.26,25.87,111.78,17.4
2015-08-12,14525.0,107.75,26.13,111.54,17.53
2015-08-13,14150.0,106.86,26.09,111.45,17.3
2015-08-14,14150.0,106.85,26.07,111.54,16.95
2015-08-17,13750.0,107.13,26.02,111.39,16.95
2015-08-18,14100.0,107.11,25.92,111.36,16.91
2015-08-19,14650.0,108.55,26.08,111.09,16.34
2015-08-20,17125.0,110.44,26.15,110.49,16.07
2015-08-21,22925.0,111.13,26.39,110.16,15.82
2015-08-24,31400.0,110.53,26.7,108.9,14.82
2015-08-25,36525.0,109.16,26.48,109.2,14.97
2015-08-26,29850.0,107.67,26.17,110.28,15.2
2015-08-27,31050.0,107.73,26.06,110.91,16.52
2015-08-28,34500.0,108.7,25.96,110.97,17.46
2015-08-31,36950.0,108.82,25.91,111.03,18.61
2015-09-01,48475.0,109.2,26.14,109.98,17.16
2015-09-02,37675.0,108.62,26.01,110.58,17.56
2015-09-03,37325.0,107.84,26.01,110.55,17.71
2015-09-04,42450.0,107.49,25.98,110.43,17.25
2015-09-08,35075.0,107.52,26.06,111.15,17.24
2015-09-09,36675.0,106.13,26.05,111.03,16.67
2015-09-10,34750.0,106.38,26.05,111.24,16.99
2015-09-11,33150.0,106.16,26.18,111.12,16.78
2015-09-14,33225.0,106.22,26.2,111.12,16.23
2015-09-15,26650.0,105.9,26.05,111.03,16.41
2015-09-16,23450.0,107.31,26.1,110.67,17.06
2015-09-17,23200.0,108.41,26.33,110.79,16.85
2015-09-18,28925.0,109.21,26.31,110.25,16.35
2015-09-21,25169.75,108.53,26.11,110.28,16.7
2015-09-22,27775.0,107.79,26.06,109.56,16.78
2015-09-23,26425.0,108.22,26.05,109.35,16.38
2015-09-24,27950.0,110.49,26.12,108.72,16.53
2015-09-25,29375.0,109.81,26.0,108.33,16.59
2015-09-28,33400.0,108.42,26.07,106.77,16.22
2015-09-29,33625.0,107.98,26.12,106.68,16.49
2015-09-30,30450.0,106.86,26.04,106.98,16.64
2015-10-01,29875.0,106.73,26.17,106.11,16.41
2015-10-02,26800.0,108.99,26.23,105.99,16.49
2015-10-05,23700.0,108.77,26.22,107.16,16.91
2015-10-06,24175.0,109.86,26.32,107.49,17.79
2015-10-07,23050.0,109.7,26.32,108.51,17.61
2015-10-08,20900.0,109.14,26.4,108.9,18.08
2015-10-09,20950.0,110.87,26.52,108.93,17.82
2015-10-12,18575.0,111.31,26.54,108.81,17.09
2015-10-13,20150.0,111.86,26.54,108.6,16.73
2015-10-14,20950.0,113.81,26.82,108.6,16.79
2015-10-15,18150.0,113.29,26.78,108.66,16.92
2015-10-16,17725.0,112.49,26.71,109.14,17.02
2015-10-19,15375.0,112.02,26.6,109.53,16.45
2015-10-20,16250.0,112.73,26.54,109.53,16.42
2015-10-21,18450.0,111.73,26.56,109.38,16.16
2015-10-22,15300.0,111.69,26.39,109.35,16.3
2015-10-23,15450.0,111.5,26.21,109.8,16.21
2015-10-26,16300.0,111.43,26.22,109.68,16.01
2015-10-27,15675.0,111.68,26.27,109.38,15.82
2015-10-28,14800.0,110.78,26.08,109.62,16.55
2015-10-29,15200.0,109.72,26.03,109.38,16.43
2015-10-30,15575.0,109.3,26.15,109.41,16.7
2015-11-02,14125.0,108.59,26.14,109.2,16.47
2015-11-03,14700.0,106.98,26.1,109.26,17.06
2015-11-04,15550.0,105.97,25.85,109.11,16.46
2015-11-05,14900.0,105.64,25.81,108.84,16.24
2015-11-06,14300.0,104.1,25.46,108.36,16.09
2015-11-09,15700.0,104.4,25.42,107.88,15.94
2015-11-10,14850.0,104.18,25.45,107.55,15.96
2015-11-11,15425.0,103.83,25.53,107.31,15.54
2015-11-12,18175.0,103.85,25.58,106.5,15.02
2015-11-13,20575.0,103.56,25.59,106.26,14.79
2015-11-16,16550.0,103.71,25.5,106.65,14.89
2015-11-17,18175.0,102.34,25.49,106.5,14.53
2015-11-18,16000.0,102.43,25.47,106.71,14.69
2015-11-19,17025.0,103.56,25.69,106.08,14.66
2015-11-20,15900.0,103.09,25.59,105.81,14.76
2015-11-23,15050.0,102.26,25.52,105.72,14.93
2015-11-24,15250.0,102.94,25.61,105.78,15.29
2015-11-25,14800.0,102.46,25.61,105.78,15.35
2015-11-27,15125.0,101.25,25.54,106.11,14.97
2015-11-30,14900.0,101.92,25.52,106.08,14.81
2015-12-01,13800.0,102.28,25.66,105.99,14.72
2015-12-02,14725.0,100.69,25.56,105.66,14.17
2015-12-03,16675.0,101.76,25.72,105.45,14.56
2015-12-04,13850.0,104.02,25.7,105.24,14.32
2015-12-07,14425.0,102.67,25.65,104.52,13.5
2015-12-08,15225.0,102.84,25.75,103.32,13.34
2015-12-09,16425.0,102.64,25.94,103.56,13.3
2015-12-10,16825.0,102.55,25.87,103.14,13.09
2015-12-11,21825.0,103.11,25.89,101.07,12.54
2015-12-14,18550.0,101.79,25.89,100.26,12.49
2015-12-15,17100.0,101.52,25.73,101.43,12.65
2015-12-16,14825.0,102.75,25.71,102.3,12.27
2015-12-17,16050.0,100.5,25.61,101.16,12.08
2015-12-18,18625.0,102.04,25.78,100.77,12.04
2015-12-21,16825.0,103.15,25.87,100.68,11.9
2015-12-22,15275.0,102.61,25.88,101.55,11.89
2015-12-23,14625.0,102.31,25.85,102.06,12.42
2015-12-24,15075.0,103.05,25.92,102.18,12.38
2015-12-28,14650.0,102.27,25.96,101.58,12.02
2015-12-29,14400.0,102.2,25.86,101.7,12.4
2015-12-30,15100.0,101.42,25.83,101.73,11.98
2015-12-31,15650.0,101.46,25.82,101.73,12.24
2016-01-04,17625.0,102.89,25.81,101.22,12.26
2016-01-05,16525.0,103.18,25.71,101.43,11.92
2016-01-06,17500.0,104.67,25.77,101.34,11.29
2016-01-07,21325.0,106.15,25.93,100.8,11.07
2016-01-08,23500.0,105.68,25.89,100.44,10.95
2016-01-11,21950.0,104.74,25.76,100.29,10.26
2016-01-12,19875.0,104.21,25.7,100.53,10.13
2016-01-13,23850.0,104.72,25.76,99.18,9.85
2016-01-14,21975.0,103.02,25.73,99.42,10.03
2016-01-15,26450.0,104.08,25.78,98.19,9.47
2016-01-19,26450.0,103.98,25.72,97.71,9.36
2016-01-20,27725.0,105.37,25.75,96.87,9.15
2016-01-21,27550.0,105.49,25.78,97.32,9.49
2016-01-22,22900.0,105.0,25.7,98.88,10.39
2016-01-25,25175.0,106.08,25.73,98.04,9.77
2016-01-26,22775.0,107.29,25.81,98.88,10.23
2016-01-27,24625.0,107.69,25.84,98.64,10.61
2016-01-28,23000.0,106.54,25.95,99.09,11.19
2016-01-29,21125.0,106.95,25.89,99.63,11.34
2016-02-01,20600.0,108.05,25.98,98.46,10.74
2016-02-02,23300.0,108.09,26.01,97.65,10.32
2016-02-03,22750.0,109.25,26.49,98.01,11.16
2016-02-04,23200.0,110.57,26.68,97.77,10.9
2016-02-05,25075.0,112.32,26.57,96.9,10.8
2016-02-08,27425.0,113.83,26.68,95.73,10.44
2016-02-09,27950.0,113.58,26.87,95.28,9.78
2016-02-10,28350.0,114.46,27.01,95.13,9.79
2016-02-11,31850.0,119.06,27.04,94.47,9.9
2016-02-12,29175.0,118.36,26.93,96.0,10.37
2016-02-16,26550.0,114.77,26.72,96.15,10.2
2016-02-17,24425.0,115.48,26.71,96.87,10.85
2016-02-18,24325.0,118.29,26.75,96.96,10.7
2016-02-19,23075.0,117.58,26.88,97.14,10.53
2016-02-22,20450.0,115.49,26.79,98.1,10.97
2016-02-23,22525.0,117.22,26.78,97.98,10.59
2016-02-24,22225.0,117.61,26.82,98.13,10.91
2016-02-25,20775.0,117.92,26.82,98.56,11.02
2016-02-26,21275.0,117.11,26.6,99.21,11.05
2016-02-29,21925.0,118.64,26.75,100.29,11.37
2016-03-01,18400.0,117.77,26.71,101.55,11.43
2016-03-02,17575.0,118.68,26.7,100.83,11.54
2016-03-03,16525.0,120.73,26.87,101.1,11.54
2016-03-04,16900.0,120.54,26.92,101.43,12.08
2016-03-07,16950.0,121.14,26.95,101.52,12.64
2016-03-08,18125.0,120.58,27.08,100.83,12.24
2016-03-09,17675.0,119.58,26.93,101.07,12.69
2016-03-10,17125.0,121.5,27.04,101.79,12.45
2016-03-11,15625.0,119.41,27.04,102.99,12.54
2016-03-14,15150.0,117.87,26.99,102.75,12.29
2016-03-15,15450.0,117.96,26.92,102.09,12.03
2016-03-16,14500.0,120.59,27.28,102.81,12.49
2016-03-17,13700.0,120.13,27.61,103.5,12.82
2016-03-18,13625.0,119.8,27.63,103.62,12.84
2016-03-21,12450.0,118.96,27.52,103.59,12.92
2016-03-22,12025.0,119.31,27.5,103.44,12.99
2016-03-23,13100.0,116.61,27.38,102.9,12.56
2016-03-24,13025.0,116.33,27.32,102.45,12.52
2016-03-28,12700.0,116.6,27.37,101.94,12.48
2016-03-29,11500.0,118.76,27.69,102.24,12.23
2016-03-30,10875.0,117.1,27.76,102.6,12.21
2016-03-31,10975.0,117.64,27.87,102.75,12.26
2016-04-01,10475.0,116.93,27.89,102.42,11.79
2016-04-04,10900.0,116.15,27.9,102.03,11.5
2016-04-05,12000.0,117.66,27.91,101.61,11.58
2016-04-06,10650.0,116.94,27.96,102.36,12.15
2016-04-07,12400.0,118.61,27.98,101.76,12.09
2016-04-08,11775.0,118.43,28.09,102.42,12.75
2016-04-11,12150.0,120.03,28.17,102.6,13.08
2016-04-12,11375.0,120.05,28.08,103.26,13.57
2016-04-13,10400.0,118.77,27.95,103.98,13.42
2016-04-14,10325.0,117.11,27.87,103.89,13.39
2016-04-15,9975.0,117.92,28.01,103.68,13.14
2016-04-18,8750.0,117.74,28.04,104.4,13.13
2016-04-19,8875.0,119.58,28.13,104.97,13.42
2016-04-20,8950.0,118.97,27.99,105.18,13.85
2016-04-21,9300.0,119.42,27.9,104.82,13.67
2016-04-22,8850.0,117.89,27.69,105.12,13.8
2016-04-25,9025.0,118.23,27.63,104.76,13.6
2016-04-26,8675.0,118.7,27.7,105.18,13.96
2016-04-27,8075.0,119.04,27.73,105.75,14.38
2016-04-28,9050.0,121.29,28.05,105.72,14.48
2016-04-29,9575.0,123.65,28.3,105.9,14.5
2016-05-02,8500.0,123.24,28.38,105.45,14.04
2016-05-03,9175.0,122.96,28.34,104.64,13.78
2016-05-04,9425.0,122.21,28.28,104.1,13.69
2016-05-05,9375.0,122.07,28.17,104.13,13.79
2016-05-06,8625.0,123.18,28.15,104.1,13.86
2016-05-09,8200.0,120.65,28.03,104.04,13.33
2016-05-10,7425.0,120.98,27.98,104.85,13.96
2016-05-11,7875.0,122.12,28.07,104.82,14.51
2016-05-12,7650.0,121.16,27.99,104.82,14.67
2016-05-13,8175.0,121.71,27.9,104.4,14.63
2016-05-16,7475.0,121.8,27.85,105.03,15.01
2016-05-17,8075.0,122.22,27.86,104.94,15.15
2016-05-18,8025.0,120.1,27.56,104.85,14.84
2016-05-19,8075.0,119.87,27.55,104.61,14.92
2016-05-20,7550.0,119.71,27.56,104.97,14.96
2016-05-23,7575.0,119.37,27.6,105.03,14.83
2016-05-24,6900.0,117.3,27.49,105.66,14.97
2016-05-25,6650.0,116.98,27.63,105.9,15.25
2016-05-26,6475.0,116.58,27.71,105.69,15.13
2016-05-27,6100.0,115.62,27.6,105.81,15.14
2016-05-31,6050.0,116.06,27.54,105.69,15.04
2016-06-01,5975.0,115.94,27.64,105.18,15.13
2016-06-02,5700.0,115.67,27.75,105.21,15.08
2016-06-03,5600.0,118.88,28.23,105.39,15.07
2016-06-06,5450.0,118.92,28.24,105.9,15.29
2016-06-07,5475.0,118.82,28.34,106.41,15.6
2016-06-08,5550.0,120.58,28.45,106.89,15.92
2016-06-09,5750.0,121.25,28.36,106.41,15.74
2016-06-10,6750.0,121.74,28.29,105.84,15.27
2016-06-13,8698.0,122.64,28.24,105.24,15.12
2016-06-14,8250.0,122.77,28.17,104.88,15.07
2016-06-15,8125.0,123.68,28.29,104.76,14.7
2016-06-16,7725.0,122.38,28.39,104.73,14.24
2016-06-17,7750.0,123.95,28.46,104.85,14.92
2016-06-20,6675.0,123.21,28.51,105.6,15.26
2016-06-21,6750.0,120.84,28.43,106.2,15.27
2016-06-22,7200.0,120.9,28.57,106.11,15.86
2016-06-23,5875.0,120.11,28.58,106.89,15.39
2016-06-24,8275.0,126.01,28.27,105.3,14.65
2016-06-27,8100.0,126.68,28.32,103.47,14.4
2016-06-28,6400.0,125.32,28.48,104.88,14.73
2016-06-29,5700.0,125.84,28.55,106.17,15.13
2016-06-30,5450.0,126.47,28.57,107.07,14.88
2016-07-01,5125.0,128.41,28.74,106.59,15.14
2016-07-05,5175.0,129.47,28.65,106.08,14.39
2016-07-06,4875.0,130.23,28.71,106.59,14.56
2016-07-07,4725.0,129.74,28.68,106.77,13.9
2016-07-08,4150.0,130.52,28.82,108.21,13.93
2016-07-11,4125.0,129.29,28.68,108.42,13.74
2016-07-12,3975.0,127.15,28.51,108.69,14.46
2016-07-13,3800.0,128.32,28.59,108.42,13.89
2016-07-14,3775.0,127.33,28.61,108.51,14.09
2016-07-15,3800.0,126.84,28.39,108.33,14.23
2016-07-18,3600.0,127.04,28.36,108.78,14.05
2016-07-19,3550.0,127.21,28.24,108.45,13.95
2016-07-20,3375.0,125.39,28.15,108.72,14.04
2016-07-21,3575.0,127.3,28.2,108.69,13.74
2016-07-22,3400.0,126.35,28.17,109.08,13.62
2016-07-25,3325.0,125.47,28.15,108.48,13.32
2016-07-26,3325.0,126.0,28.25,108.18,13.32
2016-07-27,3125.0,128.03,28.4,108.48,12.99
2016-07-28,2975.0,127.66,28.44,107.97,12.77
2016-07-29,2775.0,128.98,28.9,108.18,12.83
2016-08-01,2725.0,129.22,28.77,106.95,12.46
2016-08-02,2900.0,130.27,28.89,106.83,12.39
2016-08-03,2775.0,129.65,28.75,107.19,12.84
2016-08-04,2625.0,129.87,28.77,107.91,13.07
2016-08-05,2425.0,127.55,28.67,108.12,13.13
2016-08-08,2312.25,127.44,28.63,108.72,13.36
2016-08-09,2229.0,127.96,28.76,109.08,13.3
2016-08-10,2333.0,128.56,28.98,109.05,12.96
2016-08-11,2310.0,127.67,28.87,109.23,13.57
2016-08-12,2268.0,127.4,28.92,109.35,13.95
2016-08-15,2192.0,127.84,28.93,109.65,14.33
2016-08-16,2346.0,128.47,29.11,109.32,14.54
2016-08-17,2223.0,128.5,29.1,109.5,14.72
2016-08-18,2149.0,129.11,29.33,109.92,15.01
2016-08-19,2166.0,127.97,29.14,109.62,15.0
2016-08-22,2183.0,127.78,29.14,109.38,14.56
2016-08-23,2173.0,127.76,29.17,109.86,14.73
2016-08-24,2264.0,126.34,29.07,109.53,14.46
2016-08-25,2269.0,126.23,29.04,109.59,14.66
2016-08-26,2282.0,126.05,28.8,109.62,14.65
2016-08-29,2188.0,126.3,28.8,110.19,14.51
2016-08-30,2156.0,125.03,28.65,110.16,14.34
2016-08-31,2177.0,124.78,28.57,109.62,13.79
2016-09-01,2157.0,125.29,28.64,109.32,13.43
2016-09-02,2004.0,126.57,28.54,109.92,13.68
2016-09-06,1895.0,128.71,28.95,110.04,13.9
2016-09-07,1847.0,128.27,29.0,109.83,14.07
2016-09-08,1862.0,127.59,28.86,109.59,14.61
2016-09-09,2457.0,126.75,28.6,108.45,14.1
2016-09-12,2117.0,126.59,28.68,108.81,14.14
2016-09-13,2693.0,125.75,28.46,108.03,13.81
2016-09-14,2680.0,126.18,28.57,107.94,13.5
2016-09-15,2473.0,125.37,28.55,108.51,13.64
2016-09-16,2409.0,125.06,28.41,108.42,13.5
2016-09-19,2283.0,125.32,28.47,108.54,13.48
2016-09-20,2251.0,125.44,28.55,108.48,13.48
2016-09-21,1899.0,127.27,28.77,109.35,13.82
2016-09-22,1778.0,127.57,28.88,109.77,13.99
2016-09-23,1805.0,127.65,28.84,109.53,13.56
2016-09-26,1999.0,127.55,28.95,109.05,13.85
2016-09-27,1794.0,126.62,29.01,109.47,13.48
2016-09-28,1749.0,126.22,28.98,110.19,14.2
2016-09-29,1964.0,126.07,28.94,109.68,14.41
2016-09-30,1815.0,125.64,28.84,110.16,14.5
2016-10-03,1798.0,125.32,28.79,109.62,14.75
2016-10-04,1789.0,120.97,28.53,109.5,14.75
2016-10-05,1760.0,120.78,28.43,109.8,15.05
2016-10-06,1733.0,119.66,28.31,109.8,15.28
2016-10-07,1735.0,119.74,28.29,110.04,15.03
2016-10-10,1656.0,120.16,28.21,110.46,15.38
2016-10-11,1835.0,119.55,28.0,109.83,15.24
2016-10-12,1844.0,119.74,27.85,109.74,15.04
2016-10-13,1956.0,120.03,27.98,109.59,15.11
2016-10-14,1915.0,119.36,27.78,109.74,15.1
2016-10-17,1897.0,119.68,27.9,109.71,14.97
2016-10-18,1745.0,120.42,27.93,110.07,15.04
2016-10-19,1668.0,121.11,28.02,110.43,15.26
2016-10-20,1624.0,120.74,27.89,110.4,14.94
2016-10-21,1558.0,120.83,27.79,110.52,15.07
2016-10-24,1446.0,120.56,27.8,110.61,15.02
2016-10-25,1471.0,121.47,27.81,110.55,14.77
2016-10-26,1541.0,120.79,27.71,110.04,14.58
2016-10-27,1596.0,121.01,27.53,109.59,14.73
2016-10-28,1729.0,121.58,27.6,109.11,14.52
2016-10-31,1803.0,121.94,27.63,108.78,13.87
2016-11-01,1908.0,122.73,27.74,107.88,13.86
2016-11-02,1994.0,123.64,27.86,107.25,13.49
2016-11-03,2217.0,124.3,27.93,107.28,13.28
2016-11-04,2220.0,124.39,28.0,107.46,13.07
2016-11-07,1652.0,122.15,27.82,108.87,13.27
2016-11-08,1550.0,121.64,27.76,108.69,13.1
2016-11-09,1470.0,121.56,27.47,107.97,13.39
2016-11-10,1534.0,119.75,27.05,106.44,13.08
2016-11-11,1476.0,117.1,26.89,105.39,12.77
2016-11-14,1462.0,116.11,26.6,106.17,12.82
2016-11-15,1335.0,117.12,26.65,107.58,13.46
2016-11-16,1350.0,116.77,26.56,107.16,13.3
2016-11-17,1271.0,116.17,26.4,106.92,13.18
2016-11-18,1257.0,115.15,26.19,106.86,13.41
2016-11-21,1143.0,115.58,26.27,107.76,14.04
2016-11-22,1164.0,115.54,26.3,108.57,13.98
2016-11-23,1165.0,113.25,26.08,108.09,14.0
2016-11-25,1153.0,112.61,26.08,108.27,13.59
2016-11-28,1173.0,113.8,26.24,108.36,13.71
2016-11-29,1158.0,113.27,26.34,108.15,13.24
2016-11-30,1151.0,111.75,26.05,108.36,14.44
2016-12-01,1243.0,111.54,26.15,107.4,15.01
2016-12-02,1245.0,112.14,26.28,108.03,15.18
2016-12-05,1083.0,111.54,26.33,108.36,15.17
2016-12-06,1007.0,111.43,26.25,108.78,15.01
2016-12-07,1012.0,111.83,26.38,109.47,14.82
2016-12-08,1015.0,111.57,26.12,109.38,15.07
2016-12-09,996.0,110.4,25.92,109.38,15.21
2016-12-12,1012.0,110.82,26.12,109.26,15.46
2016-12-13,1028.0,110.45,26.14,109.59,15.55
2016-12-14,1020.0,108.83,25.86,108.66,15.05
2016-12-15,992.0,107.34,25.65,108.78,15.16
2016-12-16,966.0,108.05,25.6,108.87,15.46
2016-12-19,899.0,108.59,25.62,109.26,15.3
2016-12-20,865.0,107.79,25.59,109.32,15.48
2016-12-21,837.0,107.85,25.71,109.56,15.27
2016-12-22,865.0,107.59,25.64,109.71,15.33
2016-12-23,855.0,107.93,25.71,109.98,15.45
2016-12-27,830.0,108.56,25.76,109.71,15.68
2016-12-28,888.0,108.86,25.76,109.05,15.73
2016-12-29,915.0,110.29,25.93,109.2,15.69
2016-12-30,952.0,109.61,25.98,109.35,15.68
2017-01-03,817.0,110.47,25.66,109.89,15.39
2017-01-04,732.0,110.86,25.74,110.37,15.54
2017-01-05,727.0,112.58,26.03,110.19,15.69
2017-01-06,708.0,111.75,25.85,110.22,15.69
2017-01-09,705.0,112.67,25.89,110.25,15.15
2017-01-10,692.0,113.15,25.91,110.31,14.82
2017-01-11,665.0,113.5,25.95,110.28,15.24
2017-01-12,665.0,113.91,26.09,110.31,15.48
2017-01-13,667.0,114.21,26.18,110.34,15.36
2017-01-17,664.0,115.85,26.38,110.28,15.31
2017-01-18,657.0,114.87,26.07,110.34,14.97
2017-01-19,672.0,114.77,26.03,110.04,14.99
2017-01-20,621.0,115.05,26.05,110.25,15.32
2017-01-23,610.0,115.79,26.3,110.28,15.26
2017-01-24,552.0,115.27,26.24,110.52,15.25
2017-01-25,526.0,114.32,26.24,110.85,15.2
2017-01-26,532.0,113.26,26.06,110.91,15.47
2017-01-27,521.0,113.49,26.05,111.0,15.23
2017-01-30,549.0,113.97,26.1,110.76,15.16
2017-01-31,544.0,115.55,26.36,110.73,15.24
2017-02-01,524.0,115.2,26.32,110.46,15.48
2017-02-02,533.0,115.84,26.36,110.4,15.55
2017-02-03,510.0,116.13,26.31,110.64,15.56
2017-02-06,511.0,117.7,26.41,110.46,15.29
2017-02-07,517.0,117.46,26.24,110.4,15.1
2017-02-08,513.0,118.19,26.35,110.37,15.09
2017-02-09,492.0,117.29,26.23,110.61,15.23
2017-02-10,476.0,117.6,26.24,110.7,15.51
2017-02-13,445.0,116.8,26.14,110.82,15.21
2017-02-14,407.0,116.93,26.11,110.97,15.29
2017-02-15,432.0,117.45,26.12,110.94,15.24
2017-02-16,436.0,118.08,26.28,110.82,15.24
2017-02-17,440.0,117.68,26.18,110.88,15.26
2017-02-21,450.0,117.75,26.16,111.3,15.44
2017-02-22,454.0,117.91,26.2,111.33,15.23
2017-02-23,478.0,118.94,26.34,111.45,15.42
2017-02-24,467.0,119.7,26.42,111.45,15.33
2017-02-27,460.0,119.12,26.39,111.63,15.35
2017-02-28,485.0,119.23,26.44,111.66,15.38
2017-03-01,464.0,119.06,26.18,111.54,15.32
2017-03-02,466.0,117.58,26.01,111.27,14.99
2017-03-03,440.0,117.51,26.13,111.27,15.19
2017-03-06,423.0,116.72,26.13,110.79,15.24
2017-03-07,422.0,115.78,26.1,110.13,15.2
2017-03-08,428.0,115.06,25.97,109.32,14.46
2017-03-09,424.0,114.47,25.84,108.99,14.3
2017-03-10,413.0,114.72,26.0,108.99,13.98
2017-03-13,395.0,114.74,25.98,109.17,13.98
2017-03-14,409.0,114.12,25.93,108.75,13.92
2017-03-15,378.0,116.25,26.33,110.25,14.12
2017-03-16,362.8,116.73,26.31,109.92,14.09
2017-03-17,353.5,116.99,26.45,109.89,14.07
2017-03-20,354.1,117.56,26.45,109.78,14.04
2017-03-21,380.7,118.54,26.57,108.9,13.86
2017-03-22,384.9,118.83,26.7,109.29,13.81
2017-03-23,411.0,118.67,26.66,109.14,13.72
2017-03-24,395.6,118.86,26.7,109.62,13.82
2017-03-27,379.4,119.53,26.82,109.41,13.8
2017-03-28,339.0,119.04,26.72,110.19,13.91
2017-03-29,336.2,119.33,26.78,110.31,14.2
2017-03-30,338.4,118.47,26.56,110.88,14.38
2017-03-31,350.8,118.72,26.64,110.79,14.52
2017-04-03,353.9,119.35,26.72,110.25,14.38
2017-04-04,344.8,119.62,26.69,110.28,14.66
2017-04-05,367.4,119.62,26.73,110.13,14.65
2017-04-06,354.0,119.18,26.64,110.28,14.85
2017-04-07,379.2,119.46,26.54,110.28,14.94
2017-04-10,406.8,119.46,26.62,110.49,15.15
2017-04-11,443.5,121.19,26.69,110.28,15.17
2017-04-12,448.0,122.02,26.83,110.37,15.07
2017-04-13,464.9,122.6,26.82,110.1,15.09
2017-04-17,418.4,122.24,26.92,110.46,14.99
2017-04-18,410.0,122.82,27.1,110.43,14.91
2017-04-19,431.0,121.73,27.04,110.37,14.36
2017-04-20,408.8,121.96,26.95,110.7,14.32
2017-04-21,412.1,122.31,26.97,110.61,14.05
2017-04-24,324.2,121.48,27.11,111.12,13.97
2017-04-25,308.8,120.25,27.04,111.36,14.16
2017-04-26,314.7,120.84,26.92,111.24,13.98
2017-04-27,308.6,120.39,26.97,111.39,13.96
2017-04-28,309.1,120.77,27.02,111.42,13.9
2017-05-01,284.7,119.67,27.02,110.88,13.81
2017-05-02,286.0,119.65,26.99,111.06,13.53
2017-05-03,297.6,117.98,26.92,111.15,13.6
2017-05-04,282.7,116.79,26.99,110.49,12.96
2017-05-05,285.9,117.01,27.03,110.79,13.22
2017-05-08,271.3,116.75,26.87,110.91,13.25
2017-05-09,270.0,116.05,26.67,110.82,13.09
2017-05-10,271.8,116.04,26.65,111.24,13.49
2017-05-11,270.5,116.5,26.64,111.24,13.61
2017-05-12,269.9,116.83,26.86,111.27,13.65
2017-05-15,258.5,117.14,26.89,111.54,13.93
2017-05-16,252.9,117.65,27.05,111.66,13.83
2017-05-17,343.7,119.79,27.31,111.12,13.99
2017-05-18,329.2,118.81,27.29,111.27,14.08
2017-05-19,281.7,119.4,27.46,111.54,14.36
2017-05-22,256.0,119.9,27.49,111.84,14.43
2017-05-23,254.9,119.14,27.41,111.87,14.55
2017-05-24,242.1,119.61,27.48,112.05,14.49
2017-05-25,246.5,119.48,27.48,111.93,13.77
2017-05-26,238.2,120.54,27.47,111.99,14.03
2017-05-30,235.3,120.14,27.54,112.2,13.94
2017-05-31,238.6,120.62,27.54,112.17,13.54
2017-06-01,227.7,120.72,27.54,111.78,13.43
2017-06-02,228.5,121.61,27.73,111.84,13.37
2017-06-05,230.6,121.73,27.69,111.78,13.22
2017-06-06,240.9,123.1,27.84,111.63,13.4
2017-06-07,235.6,122.45,27.72,111.39,12.87
2017-06-08,225.3,121.65,27.7,111.45,12.79
2017-06-09,230.7,120.54,27.59,111.39,12.9
2017-06-12,236.6,120.36,27.67,111.69,12.9
2017-06-13,220.8,120.48,27.7,111.84,13.02
2017-06-14,218.5,119.82,27.82,111.78,12.56
2017-06-15,223.6,119.32,27.63,111.51,12.53
2017-06-16,219.5,119.34,27.7,111.21,12.65
2017-06-19,206.0,118.43,27.53,111.63,12.54
2017-06-20,217.2,118.18,27.49,111.3,12.29
2017-06-21,213.4,118.52,27.55,110.61,11.93
2017-06-22,209.4,118.92,27.62,110.88,12.07
2017-06-23,205.1,119.43,27.64,111.3,12.2
2017-06-26,196.3,118.36,27.58,111.45,12.28
2017-06-27,208.4,118.81,27.6,111.18,12.49
2017-06-28,197.1,118.9,27.71,111.57,12.66
2017-06-29,216.2,118.32,27.69,111.36,12.65
2017-06-30,211.2,118.02,27.63,111.6,13.0
2017-07-03,216.8,116.09,27.47,111.03,13.13
2017-07-05,216.2,116.52,27.45,110.88,12.67
2017-07-06,237.8,116.47,27.38,110.61,12.72
2017-07-07,221.7,115.28,27.31,110.49,12.44
2017-07-10,210.9,115.47,27.31,110.7,12.46
2017-07-11,209.5,115.62,27.41,110.64,12.66
2017-07-12,198.2,116.03,27.54,111.27,12.67
2017-07-13,193.7,115.82,27.56,111.36,12.88
2017-07-14,186.7,116.77,27.66,111.57,13.02
2017-07-17,177.6,117.29,27.7,111.63,12.86
2017-07-18,173.3,118.11,27.98,111.78,13.0
2017-07-19,169.0,118.08,27.92,111.96,13.2
2017-07-20,166.0,118.24,28.06,112.08,13.08
2017-07-21,163.1,119.26,28.15,111.96,12.76
2017-07-24,156.9,119.31,28.16,112.08,12.93
2017-07-25,158.7,118.92,28.02,112.11,13.32
2017-07-26,159.3,119.88,28.21,112.26,13.5
2017-07-27,161.6,119.79,28.16,112.23,13.64
2017-07-28,165.0,120.69,28.3,112.23,13.8
2017-07-31,162.7,120.75,28.44,112.2,13.95
2017-08-01,158.2,120.65,28.46,111.9,13.72
2017-08-02,160.0,120.4,28.44,111.9,13.84
2017-08-03,164.4,120.59,28.55,111.63,13.75
2017-08-04,162.6,119.65,28.29,111.66,13.84
2017-08-07,158.9,119.51,28.36,111.63,13.82
2017-08-08,167.3,119.86,28.31,111.3,13.75
2017-08-09,175.5,121.31,28.33,110.82,13.94
2017-08-10,222.5,122.21,28.4,110.04,13.68
2017-08-11,234.4,122.79,28.53,110.31,13.76
2017-08-14,172.9,121.92,28.45,110.79,13.39
2017-08-15,170.5,120.98,28.28,110.91,13.45
2017-08-16,168.7,121.87,28.36,110.91,13.31
2017-08-17,222.8,122.49,28.37,110.34,13.48
2017-08-18,212.5,122.3,28.47,110.43,13.97
2017-08-21,195.4,122.76,28.55,110.55,13.66
2017-08-22,167.9,122.21,28.4,111.06,13.74
2017-08-23,169.9,122.67,28.48,111.0,13.9
2017-08-24,179.0,122.29,28.44,111.15,13.8
2017-08-25,169.0,122.74,28.62,111.39,13.8
2017-08-28,166.6,124.69,28.72,111.39,13.72
2017-08-29,170.1,124.42,28.72,111.27,13.74
2017-08-30,168.4,124.36,28.51,111.51,13.46
2017-08-31,159.7,125.82,28.65,111.78,14.05
2017-09-01,159.1,126.06,28.5,111.33,14.04
2017-09-05,175.2,127.46,28.73,111.18,14.14
2017-09-06,167.6,126.81,28.76,111.09,14.44
2017-09-07,167.0,128.13,28.97,111.12,14.51
2017-09-08,172.8,127.97,29.01,110.79,14.3
2017-09-11,155.8,126.19,28.8,111.15,14.3
2017-09-12,148.1,126.56,28.66,111.3,14.46
2017-09-13,137.1,125.61,28.51,111.24,14.69
2017-09-14,140.4,126.16,28.55,111.48,14.69
2017-09-15,136.0,125.53,28.59,111.51,14.78
2017-09-18,124.0,124.36,28.49,111.48,14.75
2017-09-19,123.9,124.62,28.55,111.66,14.7
2017-09-20,124.5,123.62,28.36,111.63,14.95
2017-09-21,124.4,122.68,28.35,111.45,15.02
2017-09-22,125.4,123.24,28.45,111.6,15.07
2017-09-25,126.0,124.53,28.41,111.69,15.66
2017-09-26,123.0,123.14,28.27,111.81,15.49
2017-09-27,120.9,121.98,28.06,111.87,15.34
2017-09-28,117.7,122.21,28.09,111.87,15.31
2017-09-29,113.3,121.58,28.09,111.96,15.16
2017-10-02,108.4,120.77,27.95,111.51,14.99
2017-10-03,107.6,120.83,27.95,111.72,14.97
2017-10-04,108.4,121.17,28.0,111.54,14.91
2017-10-05,100.9,120.52,27.86,111.69,15.25
2017-10-06,101.2,121.09,27.91,111.54,14.86
2017-10-09,105.0,122.08,27.93,111.63,14.88
2017-10-10,100.6,122.4,28.06,111.72,15.13
2017-10-11,96.4,122.79,28.12,111.57,15.21
2017-10-12,95.1,122.89,28.13,111.48,15.06
2017-10-13,91.5,123.82,28.24,111.54,15.28
2017-10-16,88.3,122.97,28.19,111.57,15.48
2017-10-17,88.6,122.13,28.18,111.75,15.55
2017-10-18,87.8,121.67,28.13,111.81,15.56
2017-10-19,86.7,122.39,28.18,111.87,15.31
2017-10-20,83.2,121.61,27.96,111.96,15.51
2017-10-23,88.6,121.8,27.96,111.84,15.39
2017-10-24,90.7,121.33,27.92,111.93,15.64
2017-10-25,96.4,121.35,27.93,111.57,15.65
2017-10-26,95.8,120.33,27.73,111.42,15.9
2017-10-27,85.3,120.9,27.72,111.69,16.15
2017-10-30,86.7,121.13,27.84,111.66,16.27
2017-10-31,83.7,120.67,27.85,111.72,16.35
2017-11-01,84.6,121.11,27.77,111.12,16.26
2017-11-02,82.6,121.19,27.82,111.06,16.34
2017-11-03,82.5,120.62,27.8,111.0,16.71
2017-11-06,80.8,121.65,27.86,110.94,17.28
2017-11-07,81.8,121.21,27.78,110.79,17.13
2017-11-08,82.0,121.63,27.88,110.25,17.06
2017-11-09,83.8,122.13,27.86,109.53,17.16
2017-11-10,87.7,121.13,27.93,110.04,17.1
2017-11-13,88.4,121.31,27.88,109.92,16.96
2017-11-14,89.7,121.56,28.0,109.5,16.64
2017-11-15,96.2,121.41,28.06,109.41,16.63
2017-11-16,88.4,121.4,28.12,110.43,16.5
2017-11-17,85.9,122.86,28.24,110.37,16.84
2017-11-20,80.5,121.31,28.14,110.43,16.71
2017-11-21,74.3,121.51,28.26,110.64,16.8
2017-11-22,72.6,122.63,28.38,110.88,16.98
2017-11-24,72.0,122.32,28.41,110.97,17.08
2017-11-27,72.0,122.83,28.53,110.7,17.07
2017-11-28,70.2,122.81,28.44,111.0,17.03
2017-11-29,73.1,122.04,28.37,110.85,16.88
2017-11-30,73.4,121.1,28.41,110.82,16.88
2017-12-01,77.7,121.59,28.55,110.25,17.18
2017-12-04,76.3,121.18,28.45,110.19,16.83
2017-12-05,75.7,120.32,28.38,110.25,16.97
2017-12-06,75.5,120.07,28.33,110.13,16.51
2017-12-07,70.8,118.49,28.28,110.22,16.73
2017-12-08,66.2,118.48,28.2,110.28,17.1
2017-12-11,61.7,118.01,28.21,110.34,17.43
2017-12-12,61.9,118.15,28.16,110.34,17.14
2017-12-13,61.3,119.17,28.34,110.34,16.85
2017-12-14,60.9,118.93,28.34,110.07,17.09
2017-12-15,56.7,119.18,28.28,110.1,17.04
2017-12-18,55.2,119.73,28.34,110.22,17.07
2017-12-19,55.6,119.82,28.26,109.53,17.23
2017-12-20,55.3,120.14,28.23,109.65,17.42
2017-12-21,54.5,120.31,28.16,109.68,17.48
2017-12-22,54.8,120.94,28.22,109.89,17.56
2017-12-26,55.0,121.77,28.22,110.04,18.0
2017-12-27,55.4,122.23,28.34,110.07,17.92
2017-12-28,53.8,122.85,28.33,109.98,18.0
2017-12-29,55.4,123.65,28.43,110.16,18.1
2018-01-02,51.7,125.15,28.59,110.28,18.1
2018-01-03,49.5,124.82,28.47,110.82,18.45
2018-01-04,49.2,125.46,28.55,110.97,18.48
2018-01-05,49.3,125.33,28.53,111.09,18.42
2018-01-08,47.8,125.31,28.49,110.97,18.46
2018-01-09,49.0,124.73,28.4,110.7,18.7
2018-01-10,47.9,125.03,28.56,110.49,18.79
2018-01-11,47.3,125.44,28.6,110.76,18.81
2018-01-12,47.4,126.96,28.8,110.58,18.97
2018-01-16,53.4,127.17,28.9,110.61,18.84
2018-01-17,50.9,126.14,28.89,110.52,18.83
2018-01-18,51.5,125.86,28.87,110.43,18.81
2018-01-19,51.1,126.42,28.9,110.46,18.71
2018-01-22,48.8,126.65,28.94,110.55,18.82
2018-01-23,50.5,127.28,29.0,110.88,19.07
2018-01-24,53.1,128.83,29.26,110.79,19.24
2018-01-25,54.9,127.97,29.3,110.67,19.06
2018-01-26,54.3,128.07,29.32,110.76,19.15
2018-01-29,62.0,127.35,29.25,110.4,18.89
2018-01-30,65.8,126.8,29.13,109.92,18.7
2018-01-31,63.0,127.65,29.26,110.1,18.84
2018-02-01,58.9,128.07,29.3,109.35,19.1
2018-02-02,75.0,126.39,29.09,108.81,18.7
2018-02-05,126.0,126.71,29.09,108.12,18.41
2018-02-06,74.6,125.38,29.11,108.69,18.3
2018-02-07,90.9,124.79,28.88,108.27,17.9
2018-02-08,135.0,124.98,28.82,107.49,17.53
2018-02-09,113.0,124.77,28.74,107.04,17.17
2018-02-12,104.1,125.37,28.91,107.76,17.15
2018-02-13,103.8,126.08,29.04,107.46,17.18
2018-02-14,81.2,128.23,29.26,107.64,17.6
2018-02-15,77.8,128.38,29.38,108.42,17.64
2018-02-16,79.5,127.96,29.25,108.96,17.76
2018-02-20,86.3,126.24,29.05,108.57,17.83
2018-02-21,88.2,125.66,28.92,108.15,17.77
2018-02-22,86.2,126.3,29.12,108.15,18.12
2018-02-23,73.6,126.14,29.15,108.78,18.42
2018-02-26,68.2,126.45,29.18,109.02,18.52
2018-02-27,79.5,125.13,28.92,108.72,18.26
2018-02-28,86.6,125.0,29.02,108.63,17.75
2018-03-01,99.1,124.72,29.08,107.67,17.67
2018-03-02,90.5,125.39,29.11,108.0,17.74
2018-03-05,82.3,125.18,29.07,107.94,18.01
2018-03-06,83.6,126.53,29.19,108.09,18.06
2018-03-07,81.9,125.72,29.23,107.82,17.75
2018-03-08,76.6,125.42,29.14,107.91,17.56
2018-03-09,66.0,125.54,29.16,108.27,18.02
2018-03-12,70.0,125.54,29.27,108.15,17.86
2018-03-13,72.5,125.78,29.3,107.82,17.75
2018-03-14,75.3,125.7,29.37,107.7,17.8
2018-03-15,71.0,124.9,29.32,107.76,17.89
2018-03-16,68.8,124.6,29.22,107.91,18.17
2018-03-19,80.9,124.87,29.32,107.55,18.18
2018-03-20,77.6,124.31,29.19,107.7,18.49
2018-03-21,76.2,126.48,29.4,107.79,19.09
2018-03-22,95.2,125.98,29.36,107.13,18.84
2018-03-23,105.7,127.61,29.49,106.86,19.26
2018-03-26,90.9,128.28,29.61,107.52,19.16
2018-03-27,104.6,127.49,29.61,107.37,19.03
2018-03-28,109.2,125.73,29.4,107.31,19.02
2018-03-29,94.2,125.79,29.51,107.55,19.14
2018-04-02,112.0,127.26,29.56,106.83,18.72
2018-04-03,103.3,126.3,29.42,107.04,18.8
2018-04-04,99.6,126.45,29.45,107.31,18.84
2018-04-05,93.0,125.8,29.29,107.4,18.88
2018-04-06,103.4,126.39,29.37,107.22,18.5
2018-04-09,103.9,126.82,29.45,107.61,18.92
2018-04-10,99.0,127.12,29.47,108.0,19.64
2018-04-11,100.7,128.11,29.49,108.0,19.86
2018-04-12,93.2,126.62,29.39,108.42,19.89
2018-04-13,86.7,127.45,29.42,108.48,19.99
2018-04-16,78.5,127.63,29.48,108.63,19.74
2018-04-17,69.2,127.75,29.49,108.69,19.74
2018-04-18,69.6,127.85,29.45,108.57,20.37
2018-04-19,71.4,127.6,29.32,108.27,20.32
2018-04-20,74.6,126.63,29.1,107.97,20.35
2018-04-23,73.1,125.62,28.86,107.64,20.69
2018-04-24,80.2,126.23,28.85,107.46,20.38
2018-04-25,81.5,125.41,28.69,107.31,20.38
2018-04-26,74.3,124.97,28.7,107.67,20.59
2018-04-27,71.9,125.5,28.78,107.61,20.5
2018-04-30,71.8,124.59,28.66,107.61,20.75
2018-05-01,69.9,123.71,28.43,107.1,20.4
2018-05-02,68.8,123.65,28.31,107.1,20.36
2018-05-03,71.0,124.28,28.48,107.07,20.54
2018-05-04,67.6,124.54,28.44,107.13,20.88
2018-05-07,66.9,124.57,28.42,107.22,20.98
2018-05-08,66.0,124.59,28.26,107.1,21.06
2018-05-09,61.1,124.33,28.24,107.25,21.52
2018-05-10,55.6,125.18,28.36,107.49,21.54
2018-05-11,54.1,125.0,28.4,107.43,21.46
2018-05-14,50.4,124.49,28.33,107.46,21.84
2018-05-15,56.7,122.48,28.06,106.92,21.79
2018-05-16,52.8,122.29,28.04,107.1,22.08
2018-05-17,50.7,122.36,27.94,107.1,22.13
2018-05-18,51.4,122.41,27.92,106.98,21.92
2018-05-21,48.6,122.48,27.95,107.1,22.14
2018-05-22,49.5,122.41,27.96,107.16,22.14
2018-05-23,47.8,122.54,27.94,107.22,22.22
2018-05-24,47.3,123.59,28.1,107.25,21.96
2018-05-25,48.2,123.21,28.06,107.1,21.28
2018-05-29,58.9,123.19,27.9,106.62,21.03
2018-05-30,53.8,123.37,28.01,107.01,21.71
2018-05-31,54.9,123.1,28.06,106.86,21.63
2018-06-01,50.5,122.49,27.96,106.53,21.33
2018-06-04,47.1,122.37,28.01,106.83,20.99
2018-06-05,46.2,122.85,28.03,107.04,20.87
2018-06-06,42.4,122.92,27.99,107.19,21.14
2018-06-07,43.2,122.86,27.98,107.25,21.52
2018-06-08,42.42,123.01,27.95,107.25,21.29
2018-06-11,41.23,123.23,27.95,107.43,21.28
2018-06-12,40.81,122.82,27.87,107.55,21.12
2018-06-13,41.73,123.19,27.92,107.55,21.36
2018-06-14,39.1,123.38,27.75,107.88,21.16
2018-06-15,39.85,121.34,27.75,107.85,20.43
2018-06-18,38.94,121.11,27.73,107.79,20.97
2018-06-19,42.39,120.8,27.73,107.64,20.93
2018-06-20,40.64,120.26,27.71,107.76,20.72
2018-06-21,45.81,120.05,27.72,107.55,20.4
2018-06-22,43.27,120.34,27.85,107.58,21.16
2018-06-25,56.04,119.89,27.79,107.34,20.9
2018-06-26,51.58,119.26,27.74,107.34,21.37
2018-06-27,57.0,118.58,27.65,107.07,21.62
2018-06-28,55.89,118.22,27.61,106.68,21.71
2018-06-29,52.77,118.65,27.75,106.44,22.18
2018-07-02,53.12,117.46,27.69,105.93,21.66
2018-07-03,53.99,118.65,27.8,105.99,21.64
2018-07-05,50.32,119.05,27.87,106.41,21.78
2018-07-06,45.28,118.86,27.96,106.68,21.62
2018-07-09,40.61,119.15,27.98,106.86,21.93
2018-07-10,39.16,118.93,27.96,106.86,22.12
2018-07-11,41.46,117.64,27.8,106.77,20.75
2018-07-12,38.9,118.13,27.8,107.07,20.87
2018-07-13,38.01,117.61,27.82,107.07,21.02
2018-07-16,37.58,117.55,27.85,106.98,20.16
2018-07-17,36.75,116.28,27.8,107.07,20.19
2018-07-18,36.06,116.31,27.72,107.16,20.44
2018-07-19,37.37,115.81,27.67,107.1,20.34
2018-07-20,37.62,116.56,27.83,107.13,20.45
2018-07-23,37.24,116.0,27.74,107.13,20.56
2018-07-24,36.02,116.04,27.76,107.34,20.64
2018-07-25,35.67,116.68,27.88,107.52,20.88
2018-07-26,35.98,115.77,27.76,107.58,21.06
2018-07-27,37.75,115.83,27.79,107.52,20.98
2018-07-30,39.7,115.65,27.78,107.61,21.13
2018-07-31,37.57,115.99,27.81,107.82,20.82
2018-08-01,36.94,115.14,27.65,107.43,20.33
2018-08-02,36.26,114.52,27.56,107.46,20.6
2018-08-03,35.36,114.92,27.57,107.61,20.56
2018-08-06,32.88,114.33,27.55,107.67,20.65
2018-08-07,31.3,114.59,27.61,107.79,20.88
2018-08-08,30.17,114.91,27.63,107.79,20.27
2018-08-09,31.2,114.74,27.52,107.61,20.18
2018-08-10,33.89,114.69,27.41,107.43,20.44
2018-08-13,37.73,112.96,27.32,107.4,20.41
2018-08-14,34.02,113.07,27.24,107.55,20.37
2018-08-15,38.09,111.19,27.23,107.31,19.83
2018-08-16,34.22,111.1,27.26,107.49,20.0
2018-08-17,32.55,112.13,27.39,107.58,20.11
2018-08-20,31.39,112.69,27.51,107.67,20.25
2018-08-21,32.74,113.02,27.63,107.88,20.35
2018-08-22,31.86,113.27,27.69,107.91,20.96
2018-08-23,31.58,112.2,27.55,107.85,21.0
2018-08-24,31.18,114.16,27.63,108.03,21.22
2018-08-27,31.34,114.59,27.75,108.09,21.41
2018-08-28,31.3,113.68,27.77,108.09,21.32
2018-08-29,31.26,114.2,27.73,108.03,21.7
2018-08-30,32.51,113.64,27.71,107.91,21.72
2018-08-31,31.46,113.51,27.61,108.0,21.7
2018-09-04,31.82,112.93,27.48,107.4,21.72
2018-09-05,32.3,113.32,27.53,107.28,21.59
2018-09-06,34.1,113.54,27.57,107.28,21.43
2018-09-07,35.22,113.23,27.44,107.28,21.53
2018-09-10,33.32,113.15,27.5,107.49,21.63
2018-09-11,31.46,113.22,27.44,107.52,22.14
2018-09-12,30.66,114.17,27.52,107.76,22.27
2018-09-13,28.99,113.76,27.58,107.94,21.9
2018-09-14,27.92,113.02,27.47,108.06,21.85
2018-09-17,29.31,113.61,27.55,107.94,21.8
2018-09-18,29.14,113.44,27.5,107.94,22.09
2018-09-19,27.26,113.88,27.53,107.73,22.15
2018-09-20,26.29,114.27,27.68,107.88,22.0
2018-09-21,26.41,113.49,27.61,107.94,22.01
2018-09-24,26.35,113.47,27.53,107.82,22.72
2018-09-25,26.76,113.65,27.54,107.85,22.85
2018-09-26,27.33,113.05,27.56,107.88,22.73
2018-09-27,26.3,112.05,27.41,108.09,22.9
2018-09-28,26.32,112.76,27.38,108.15,23.32
2018-10-01,25.71,112.57,27.27,107.97,23.94
2018-10-02,25.72,113.87,27.22,107.82,23.81
2018-10-03,25.35,113.42,27.03,107.64,24.21
2018-10-04,28.17,113.48,26.99,107.16,23.84
2018-10-05,29.48,113.8,26.95,106.65,23.67
2018-10-08,29.95,112.54,26.97,106.41,23.62
2018-10-09,30.95,112.6,26.98,106.53,23.94
2018-10-10,41.11,112.88,27.01,105.69,23.28
2018-10-11,48.1,115.78,27.15,105.96,22.56
2018-10-12,40.97,115.23,27.14,106.5,22.7
2018-10-15,42.18,116.0,27.2,106.26,22.73
2018-10-16,36.26,115.8,27.24,106.71,22.9
2018-10-17,37.14,115.79,27.14,106.59,22.63
2018-10-18,41.95,115.92,27.08,106.11,22.35
2018-10-19,41.23,116.01,27.11,106.11,22.51
2018-10-22,41.82,115.71,27.04,106.14,22.58
2018-10-23,45.01,116.39,27.1,106.08,21.55
2018-10-24,52.86,116.66,27.05,105.6,21.38
2018-10-25,49.74,116.4,27.03,105.75,21.65
2018-10-26,55.63,116.77,27.13,105.27,22.02
2018-10-29,56.2,116.31,27.03,105.27,21.73
2018-10-30,52.4,115.8,26.97,105.33,21.53
2018-10-31,48.96,115.15,26.9,105.48,21.19
2018-11-01,45.81,116.63,27.06,105.36,20.59
2018-11-02,46.43,116.65,27.02,105.42,20.56
2018-11-05,45.44,116.37,27.04,105.51,20.5
2018-11-06,42.62,116.04,27.07,105.72,20.41
2018-11-07,36.58,116.03,27.1,106.23,20.4
2018-11-08,35.96,115.78,26.95,106.08,20.0
2018-11-09,38.02,114.48,26.92,105.42,19.75
2018-11-12,44.15,113.66,26.76,104.76,19.59
2018-11-13,44.9,113.7,26.82,104.61,18.47
2018-11-14,47.22,114.64,26.89,104.37,18.74
2018-11-15,46.3,114.77,26.92,104.31,18.82
2018-11-16,42.02,115.62,27.07,103.83,18.99
2018-11-19,46.74,115.67,27.08,103.71,18.96
2018-11-20,52.18,115.67,26.98,103.23,17.72
2018-11-21,49.92,115.86,27.04,103.68,17.98
2018-11-23,50.5,115.77,26.98,103.2,16.86
2018-11-26,44.82,115.64,26.99,103.65,17.15
2018-11-27,43.13,114.95,26.91,103.65,17.15
2018-11-28,40.54,115.38,27.02,104.43,16.69
2018-11-29,42.24,115.74,27.14,104.49,16.88
2018-11-30,39.89,115.54,27.1,104.19,16.71
2018-12-03,35.54,116.41,27.13,104.43,17.49
2018-12-04,44.47,117.12,27.21,103.89,17.4
2018-12-06,46.27,117.14,27.29,103.44,17.01
2018-12-07,53.07,118.09,27.33,103.35,17.38
2018-12-10,52.51,117.68,27.23,103.26,16.91
2018-12-11,52.16,117.54,27.19,103.53,17.06
2018-12-12,51.28,117.79,27.22,103.83,16.98
2018-12-13,49.64,117.53,27.18,104.1,17.44
2018-12-14,53.57,117.06,27.13,103.65,17.0
2018-12-17,59.1,117.87,27.2,102.96,16.61
2018-12-18,59.8,118.15,27.3,102.66,15.86
2018-12-19,59.06,117.43,27.3,101.22,16.02
2018-12-20,65.26,119.24,27.49,100.2,15.22
2018-12-21,72.08,118.72,27.28,99.6,15.17
2018-12-24,78.72,120.02,27.41,98.85,14.7
2018-12-26,70.36,119.66,27.36,100.53,15.67
2018-12-27,76.56,120.57,27.46,100.47,15.17
2018-12-28,76.8,121.06,27.53,100.62,14.99
2018-12-31,70.91,121.25,27.61,100.77,15.33
2019-01-02,66.72,121.33,27.6,100.65,15.56
2019-01-03,72.81,122.43,27.72,100.68,15.78
2019-01-04,61.35,121.44,27.7,102.33,16.18
2019-01-07,58.62,121.86,27.75,103.47,16.26
2019-01-08,56.25,121.53,27.67,104.19,16.56
2019-01-09,53.83,122.31,27.9,104.34,17.33
2019-01-10,52.77,121.59,27.85,104.85,17.39
2019-01-11,49.44,121.8,27.78,104.49,17.07
2019-01-14,49.74,122.09,27.81,104.19,16.68
2019-01-15,45.44,121.88,27.75,104.46,17.12
2019-01-16,47.14,122.27,27.73,104.67,17.34
2019-01-17,46.08,122.11,27.69,104.94,17.27
2019-01-18,43.72,121.02,27.59,105.21,17.67
2019-01-22,51.52,121.45,27.59,104.61,17.36
2019-01-23,50.41,121.28,27.68,104.79,17.24
2019-01-24,47.34,121.09,27.65,104.91,17.28
2019-01-25,43.88,122.86,27.83,105.15,17.38
2019-01-28,47.34,123.29,27.86,105.0,16.93
2019-01-29,47.09,123.98,27.85,104.97,17.27
2019-01-30,43.27,124.69,27.99,105.78,17.43
2019-01-31,39.86,124.75,28.0,106.05,17.29
2019-02-01,39.18,124.5,27.97,105.51,17.78
2019-02-04,36.87,123.96,27.86,105.75,17.74
2019-02-05,36.4,124.28,27.83,106.11,17.54
2019-02-06,35.78,123.44,27.76,106.14,17.72
2019-02-07,38.07,123.74,27.79,105.69,17.45
2019-02-08,37.21,124.21,27.79,105.69,17.57
2019-02-11,36.51,123.6,27.62,105.72,17.48
2019-02-12,34.87,123.86,27.67,106.26,17.67
2019-02-13,34.67,123.37,27.59,106.14,18.01
2019-02-14,35.64,124.06,27.61,106.17,18.3
2019-02-15,33.58,124.8,27.67,106.5,18.77
2019-02-19,33.62,126.7,27.76,106.53,18.83
2019-02-20,31.05,126.48,27.75,106.68,18.98
2019-02-21,31.53,125.05,27.71,106.59,19.0
2019-02-22,29.34,125.5,27.78,106.77,19.0
2019-02-25,30.25,125.37,27.77,106.86,18.35
2019-02-26,30.61,125.58,27.86,107.07,18.58
2019-02-27,30.78,124.69,27.82,107.07,18.83
2019-02-28,30.63,123.99,27.67,107.07,18.79
2019-03-01,28.22,121.88,27.58,106.77,18.39
2019-03-04,29.37,121.56,27.53,106.65,18.59
2019-03-05,29.6,121.72,27.5,106.65,18.67
2019-03-06,31.2,121.61,27.57,106.44,18.67
2019-03-07,33.56,121.51,27.51,106.38,18.73
2019-03-08,33.99,122.84,27.59,106.2,18.64
2019-03-11,29.32,122.24,27.64,106.5,18.89
2019-03-12,27.9,122.98,27.7,106.71,18.89
2019-03-13,27.26,123.84,27.77,107.01,19.17
2019-03-14,26.49,122.41,27.72,106.95,19.03
2019-03-15,25.6,122.97,27.76,106.98,19.0
2019-03-18,25.62,123.04,27.83,107.04,19.1
2019-03-19,26.12,123.38,27.88,107.13,19.11
2019-03-20,26.36,124.18,28.04,107.49,19.36
2019-03-21,25.68,123.68,27.97,107.49,19.18
2019-03-22,30.98,123.97,28.07,107.13,18.93
2019-03-25,31.02,124.92,28.11,107.13,19.0
2019-03-26,28.19,124.3,28.02,107.34,19.19
2019-03-27,28.75,123.65,27.97,107.4,19.1
2019-03-28,27.76,121.9,27.92,107.61,19.1
2019-03-29,26.15,122.01,27.89,107.91,19.22
2019-04-01,25.34,121.53,27.77,107.49,19.64
2019-04-02,25.15,121.98,27.8,107.52,19.73
2019-04-03,25.51,121.8,27.78,107.55,19.74
2019-04-04,25.13,122.11,27.77,107.76,19.69
2019-04-05,24.23,121.98,27.75,107.91,20.04
2019-04-08,24.0,122.51,27.81,107.88,20.22
2019-04-09,25.39,123.15,27.87,107.88,20.09
2019-04-10,24.05,123.53,27.97,108.27,20.37
2019-04-11,23.15,121.95,27.85,108.51,20.18
2019-04-12,21.04,121.83,27.84,108.66,20.35
2019-04-15,20.45,121.6,27.85,108.54,20.27
2019-04-16,20.07,120.51,27.78,108.57,20.4
2019-04-17,20.2,120.28,27.75,108.33,20.38
2019-04-18,19.72,120.37,27.72,108.42,20.47
2019-04-22,19.32,120.37,27.73,108.27,21.06
2019-04-23,18.93,120.12,27.63,108.57,21.18
2019-04-24,19.67,120.47,27.6,108.48,21.16
2019-04-25,20.41,120.57,27.5,108.51,21.08
2019-04-26,19.22,121.37,27.62,108.75,20.41
2019-04-29,19.75,120.83,27.64,108.75,20.51
2019-04-30,19.72,121.2,27.7,108.81,20.65
2019-05-01,21.13,120.4,27.66,107.94,20.68
2019-05-02,21.21,119.94,27.59,108.0,20.22
2019-05-03,19.29,120.65,27.66,108.27,20.3
2019-05-06,21.18,120.81,27.65,108.3,20.55
2019-05-07,28.13,121.21,27.72,107.67,19.96
2019-05-08,27.14,120.91,27.73,107.69,20.12
2019-05-09,27.17,121.2,27.76,107.5,20.14
2019-05-10,23.16,121.43,27.75,107.75,20.27
2019-05-13,29.61,122.67,27.76,106.83,20.05
2019-05-14,26.5,122.46,27.76,107.06,20.43
2019-05-15,24.38,122.39,27.77,107.14,20.66
2019-05-16,22.42,121.51,27.73,107.43,20.88
2019-05-17,22.99,120.65,27.65,107.4,20.7
2019-05-20,23.55,120.64,27.62,107.33,20.69
2019-05-21,21.43,120.36,27.57,107.6,20.72
2019-05-22,20.94,120.24,27.63,107.69,20.29
2019-05-23,23.54,121.17,27.75,107.2,19.39
2019-05-24,22.54,121.3,27.91,107.06,19.73
2019-05-28,23.81,120.83,27.87,107.02,19.89
2019-05-29,24.68,120.87,27.84,106.72,19.75
2019-05-30,23.89,121.69,27.85,106.92,18.97
2019-05-31,25.75,123.33,27.99,106.15,17.92
2019-06-03,26.05,125.11,28.13,105.76,17.69
2019-06-04,23.47,125.15,28.2,106.72,18.06
2019-06-05,22.53,125.47,28.26,106.99,17.65
2019-06-06,21.66,125.88,28.35,107.26,18.13
2019-06-07,22.01,126.59,28.52,107.61,18.41
2019-06-10,21.63,125.33,28.43,107.75,18.14
2019-06-11,21.76,125.18,28.45,107.92,18.15
2019-06-12,21.56,125.83,28.37,107.66,17.4
2019-06-13,21.32,126.6,28.42,107.88,17.86
2019-06-14,20.95,126.56,28.34,107.79,18.07
2019-06-17,20.45,126.48,28.26,107.64,17.76
2019-06-18,20.14,127.12,28.42,108.31,18.16
2019-06-19,18.87,127.89,28.51,108.86,18.22
2019-06-20,18.98,131.11,28.74,109.46,18.87
2019-06-21,19.76,131.98,28.79,109.19,19.1
2019-06-24,19.42,133.94,28.94,109.08,18.97
2019-06-25,20.3,134.2,28.94,108.68,19.01
2019-06-26,19.95,132.97,28.85,108.6,19.34
2019-06-27,19.39,132.84,28.83,108.87,19.34
2019-06-28,18.86,133.2,28.92,108.94,18.97
2019-07-01,16.91,130.62,28.73,108.42,19.26
2019-07-02,15.65,133.41,28.77,108.63,18.5
2019-07-03,15.49,133.63,28.91,109.01,18.7
2019-07-05,15.58,132.14,28.68,108.61,19.0
2019-07-08,16.32,131.29,28.64,108.43,18.88
2019-07-09,16.34,131.75,28.57,108.29,19.0
2019-07-10,15.43,133.83,28.65,108.6,19.74
2019-07-11,15.0,132.7,28.52,108.39,19.74
2019-07-12,14.53,133.53,28.62,108.48,19.74
2019-07-15,14.39,133.53,28.65,108.63,19.55
2019-07-16,14.45,132.4,28.6,108.38,19.21
2019-07-17,15.03,134.58,28.6,108.34,18.8
2019-07-18,14.75,136.48,28.88,108.32,18.48
2019-07-19,15.0,134.47,28.74,108.11,18.7
2019-07-22,14.51,134.45,28.76,108.47,18.78
2019-07-23,13.43,133.69,28.66,108.67,19.0
2019-07-24,12.82,134.37,28.74,108.74,18.73
2019-07-25,13.53,133.42,28.67,108.66,18.73
2019-07-26,12.93,133.64,28.59,108.9,18.8
2019-07-29,13.15,134.53,28.55,108.76,18.95
2019-07-30,13.7,134.98,28.61,108.78,19.28
2019-07-31,15.13,133.21,28.52,108.59,19.14
2019-08-01,17.31,136.41,28.6,108.1,18.18
2019-08-02,17.65,135.89,28.77,107.89,18.25
2019-08-05,22.57,137.79,28.86,106.71,17.81
2019-08-06,19.65,138.91,28.95,107.37,17.57
2019-08-07,19.86,141.02,29.07,107.39,17.05
2019-08-08,17.62,141.73,29.03,107.71,17.14
2019-08-09,18.81,141.26,29.03,107.6,17.42
2019-08-12,21.44,142.63,29.18,107.32,17.41
2019-08-13,18.34,141.78,29.13,107.69,18.24
2019-08-14,23.19,142.75,29.17,106.76,17.64
2019-08-15,22.16,143.7,29.35,107.14,17.35
2019-08-16,19.79,142.78,29.21,107.48,17.46
2019-08-19,16.92,141.11,29.02,107.84,17.79
2019-08-20,17.71,142.21,29.2,107.89,17.83
2019-08-21,16.07,141.76,29.09,108.36,17.99
2019-08-22,16.55,141.4,29.04,108.57,17.85
2019-08-23,20.4,144.17,29.19,108.02,17.56
2019-08-26,19.49,144.19,29.14,108.57,17.48
2019-08-27,20.19,145.57,29.23,108.55,17.7
2019-08-28,19.4,145.16,29.26,108.82,17.96
2019-08-29,17.81,144.12,29.19,108.93,18.12
2019-08-30,17.92,143.75,29.02,108.81,17.62
2019-09-03,19.48,145.75,29.03,108.0,17.36
2019-09-04,17.21,146.66,29.17,108.25,18.24
2019-09-05,15.9,143.14,29.0,108.64,18.25
2019-09-06,15.03,141.92,29.0,108.83,18.46
2019-09-09,14.78,141.39,28.99,108.95,18.81
2019-09-10,14.73,140.18,28.85,108.9,18.74
2019-09-11,14.2,141.03,28.77,108.9,18.34
2019-09-12,13.5,141.32,28.79,108.94,17.84
2019-09-13,13.2,140.15,28.57,108.76,18.08
2019-09-16,13.52,141.32,28.67,109.11,20.42
2019-09-17,13.39,141.6,28.74,109.19,19.25
2019-09-18,12.57,140.71,28.74,109.15,19.06
2019-09-19,12.14,141.28,28.79,109.02,19.38
2019-09-20,13.1,142.95,28.84,109.15,19.41
2019-09-23,13.03,143.75,28.84,109.11,19.35
2019-09-24,14.14,144.51,28.99,108.99,18.8
2019-09-25,13.47,141.83,28.79,108.92,18.76
2019-09-26,13.66,141.79,28.79,108.83,18.83
2019-09-27,14.31,141.06,28.75,108.68,18.62
2019-09-30,13.6,138.87,28.7,108.74,18.15
2019-10-01,14.62,139.63,28.62,108.0,17.99
2019-10-02,16.51,141.26,28.73,107.4,17.58
2019-10-03,15.35,141.9,28.9,107.34,17.61
2019-10-04,13.77,141.9,28.94,107.69,17.84
2019-10-07,14.08,140.69,28.85,107.64,17.84
2019-10-08,16.08,141.92,28.8,107.21,17.68
2019-10-09,15.04,142.05,28.76,107.42,17.81
2019-10-10,14.12,140.81,28.74,107.69,18.11
2019-10-11,12.53,140.03,28.74,108.08,18.49
2019-10-14,11.89,140.59,28.73,108.2,18.1
2019-10-15,11.08,139.61,28.68,108.38,18.0
2019-10-16,10.91,140.41,28.76,108.35,18.15
2019-10-17,10.77,140.61,28.8,108.46,18.3
2019-10-18,10.69,140.46,28.88,108.47,18.12
